resample,delta_mae,delta_rmse,delta_rho
1,0.006924909444194827,0.05585933095413398,0.05822813383677422
2,0.036235366586209905,0.08141653820353234,0.021730750931339582
3,-0.03599565905125679,-0.049746106624459996,0.11629676078438872
4,-0.01091181540167896,0.01205851180722406,0.10701781312256436
5,-0.020828532020446988,-0.033334675815780535,0.08373033405730101
6,0.012443783236838701,0.04295051535134575,0.17973154861673568
7,-0.011234673547619922,-0.007849242687298585,0.005017217827569587
8,-0.030872174120913365,-0.03226990232009941,0.10831380491892517
9,-0.01323291156640738,-0.030656735373486232,0.10626227690030154
10,0.03133131424399316,0.08794749700193738,0.03746023928764297
11,-0.0329407860305837,-0.05733995715380513,0.13409210402530844
12,0.004325627136621546,0.002562231811690574,0.08137263521213978
13,-0.027299754071987703,-0.049444284835460484,0.12072237286965516
14,0.01830961208006837,0.0418074552444162,0.04504217988388498
15,-0.008543858713777053,-0.02651931432779664,0.045079724184811154
16,-0.022004499666939514,-0.05345894108756455,0.18626836900388746
17,0.008466095240606819,0.02924751177706697,0.10629131790288299
18,-0.019005086034367125,-0.038592980732857995,0.08232949287151747
19,0.013094952443470809,0.027501854065501985,0.04882255330178675
20,-0.021123414637806093,-0.030853442985549928,0.06466353680244252
21,-0.00982627320825058,-0.026930192934721542,0.07415897872590027
22,0.0029966481456190075,0.020151791887205728,0.07152535260574394
23,-0.01723823363884558,-0.042958662148112614,0.10657989815248294
24,0.008903145478486585,0.01033842383625605,0.08347140574674089
25,0.011935851829895872,0.041495256713136586,0.06744467447640595
26,-0.01985139020766785,0.0031532648684458042,0.06632992747162852
27,-0.04362058100967592,-0.051900489917153125,0.15287934175249696
28,0.006637690524614048,0.015432662746119874,0.0640983153364747
29,-0.022154068395419335,-0.01683790803432339,0.011212246269457438
30,0.0075048886009311255,0.024905048378982886,0.17688987191719102
31,-0.01471572039685709,-0.007117602002748802,0.14253873667517286
32,-0.004869042190895123,-0.0029685179104859127,0.11916277638881742
33,0.025022484690093827,0.04892396431199886,0.07381906278510952
34,0.026477342723401742,0.048005880209631924,-0.007064041561371193
35,0.00524876895227222,0.018023471203955643,0.02264541826951083
36,0.12081070741956385,0.23824921145760136,0.034548633129780515
37,-0.020852558304996494,-0.04077315930495218,0.08288414587463683
38,0.011187751122365808,0.012180210579819994,0.06251315725310852
39,-0.011593851087455032,0.013286902238782372,0.07180697134946895
40,-0.0007458475335036518,0.009271953356741913,0.004121960669963898
41,0.014349111111442825,0.02620873316197514,0.04209933157975726
42,-0.034010137322096234,-0.049923630291732746,0.10112438178273436
43,0.020463475397943742,0.02069230527894128,0.04301355177318225
44,-0.012531526348265154,-0.021985268261878077,0.06501141571033048
45,-0.024517474326807842,-0.01884370840923022,0.044355220613156665
46,-0.00592261772528635,-0.006033923064690971,0.12640985911965477
47,0.0399016887910833,0.0821103143662707,0.024857779325315243
48,0.02790776247348281,0.06247281763409662,0.05250831724401955
49,0.0024619864673089964,0.020686356567597874,0.04949824535246444
50,-0.016188289845112058,0.00210679222098642,0.10500618782235166
51,0.0263216751541282,0.06358249310884012,0.04416544095195324
52,0.027715883780206063,0.07090357149454896,0.02510860065462922
53,0.029157283354474983,0.08135118979000722,0.009862679199345359
54,0.0036393407669406685,0.01786501101560667,0.06480162527800648
55,0.0477028587907114,0.14803506764583751,0.032945669789156085
56,-0.0188601169244465,-0.03001765826919256,0.08502946627226385
57,0.015155942624566043,0.025993210738306183,0.022439720191454293
58,0.054111741821751214,0.1254466900387996,0.05729914006375597
59,-0.005285844890053459,-0.006586448783945653,0.08194978209321224
60,0.005465373794207862,0.010767444840168228,0.11728583728341224
61,-0.0025763341649643334,-0.023541045566782604,0.02954841698654892
62,-0.0005868802875764745,0.0036703359478418296,0.10262813894748968
63,-0.023704738188911167,-0.03878115797645132,0.09967591509241733
64,-0.0009110329573007725,0.04059133583247787,-0.008442316208795153
65,0.0025259265498813743,0.0009110714664916086,0.1356049928992976
66,0.01613807762715508,0.032076543860430795,-0.011882516792960374
67,-0.010863108443578962,-0.0019407861084697053,0.0849012990815165
68,-0.013037188934913568,-0.012965787942289086,0.09821739337158325
69,-0.0019058787685959366,0.00980131215795288,0.15147534515519961
70,-0.009780747311558147,-0.014513509523916501,0.032362607079792216
71,0.016604716274735143,0.03828579350159733,-0.005700262808585266
72,0.0021689047396514227,0.0037478585544375997,0.013870335356680807
73,0.0036719133107285806,0.04553494417575221,0.12540573726467386
74,0.06147774969285641,0.1371372647019814,0.0036678283334222184
75,0.03073608360780966,0.06594846848570823,0.12245499340816185
76,-0.003644839175227288,0.015092689977484253,0.04257390578353465
77,0.0324158920216141,0.05952708837880416,0.10435643394934516
78,-0.001374654453126678,-0.004919462987261647,0.11131886397654422
79,-0.0007664568742085098,-0.008038915111118872,0.08551209962635031
80,-0.00145746604430963,-0.0015375681551793585,0.020294731315268405
81,0.05240615401867976,0.12260106685819949,0.08811680277923409
82,-0.01859454788666004,-0.039953433708332264,0.12366572743652032
83,-0.023500498529912095,-0.042829301773264494,0.1348125950407894
84,-0.02689937728648195,-0.02957278248265871,0.06066893198577217
85,-0.019595891953570255,-0.04418200316811294,0.09646419425661301
86,0.008800170179731948,0.027503598863405587,0.051373032546475295
87,-0.01878147329804658,-0.03561381595613666,0.08081736076330193
88,-0.009537700067948185,-0.015545595761119912,0.04278977398807721
89,-0.015400767819577277,-0.02294659886278727,0.08922927596356778
90,0.0014966856746274626,0.015423298885360426,0.06400268344906654
91,0.033345212442806305,0.07141176314265052,0.05423791884377249
92,-0.0005415838766619774,0.01954431244541721,0.03981212489637109
93,0.034867476932200325,0.08242640809978252,0.14519204780995473
94,0.014210595987043884,0.042141818839820266,-0.0056110672378321125
95,0.04613270549946202,0.07158497264467889,0.027879622263438097
96,-0.01457979956699329,-0.0104473253336409,0.11284689585675095
97,0.015084312814976075,0.0359613222935945,0.05423982887123613
98,-0.009858778520493328,-0.015960321394089982,0.044939060945637765
99,-0.014535356132457322,-0.024932416590402684,0.047815429319851055
100,0.009628763113245342,0.026056566605573317,0.044939151345542994
101,-0.02873545767509289,-0.03411417710823783,0.09386477964186724
102,-0.016140519850589397,-0.011672035345561715,0.1390296111808566
103,-0.006975662454278608,-0.03382780950352615,0.11009028764637141
104,0.013455385247130192,0.04676904544258076,0.033647467667680786
105,0.004420512206073646,0.003180915490874292,0.08976904768975202
106,0.028977104239671203,0.07710466669188976,0.03797309241677385
107,0.03640391644178703,0.09452443088819451,0.06799963119904884
108,0.04540530254150932,0.09447973860739944,0.036488829472030526
109,-0.029983474275502076,-0.031763188156493705,0.11725649130377747
110,-0.0018643592485950156,0.0030637359060282643,0.06935266375604698
111,-0.0031572522460285857,0.006475276454782741,0.09089632894558569
112,-0.02343955872737169,-0.04800224012814014,0.09785694070130863
113,-0.01109762744232945,-0.008322505339412478,0.029663271926307522
114,0.002588168419781156,0.022995916495137547,0.08126912959048435
115,0.0348764221302551,0.06719729177855449,0.12480034181714406
116,-0.02195618837206026,-0.029136794970772817,0.057050644977305776
117,-0.02369315029223623,-0.04279552333282255,0.12272832630788544
118,-0.012922540926347037,-0.02737504656957568,0.08552191613224713
119,0.01427496048527982,0.03340724362005931,0.03922918446972168
120,-0.03271476617148916,-0.04330300464656012,0.1330731449391139
121,-0.03895066192781593,-0.06195579309355115,0.1441700544794971
122,-0.006078736427229947,0.01096693288628614,0.1257188336261924
123,-0.01082133328387258,-0.037784402227036606,0.0997640221658467
124,0.023272021358628048,0.07292774905028898,0.032630964209098945
125,-0.023163560582324605,-0.03466184403492201,0.05455432222974149
126,-0.030165919784065354,-0.03985370735079086,0.16185249733292728
127,-0.002423357034719076,0.011999309186875418,0.08678739659011891
128,0.001514031145722683,0.01307288989084876,0.0702740313703345
129,0.024480418848476238,0.1042707123822052,0.05278910210067378
130,-0.011293425337365992,0.014250737173076788,0.06916704230126325
131,-0.033569414400237085,-0.056160236980451694,0.15862887832655972
132,-0.030687643271431808,-0.05965922184753003,0.13946706796445935
133,-0.003710202601389101,0.0005961985094419253,0.09836281051893178
134,0.012736705331758691,0.04441732508195084,0.07771975234649797
135,0.004314357755794529,0.04032981978630701,0.05228937968600872
136,-0.02879740818830584,-0.032038950875931005,0.07383911123527931
137,0.01241025034194232,0.02908314303451076,0.051753899313388474
138,0.03376540030423769,0.0629437642542493,0.041971354959293966
139,-0.0094134245293917,0.007828323322932706,0.09040433079186289
140,0.02064592026906653,0.041720831176939366,0.07872782886690516
141,0.031053222268228153,0.08125604159054145,0.06795937148977094
142,-0.019160737254873272,-0.010871525529673298,0.13889336579120842
143,0.0228311559752451,0.04528622429568918,0.12517917521544714
144,0.013053776234781544,0.017214022368640225,0.09011363367131214
145,0.013944456036546038,0.03244615843178833,0.05587583168827703
146,-0.012853058068182266,-0.009222762785893346,0.02015149706828534
147,-0.005518903445464185,-0.01737351521294017,0.027097305264622173
148,-0.006877008431440068,-0.018940136598409207,0.0492070339529071
149,0.020346908595205715,0.051090403889210045,0.0475995841189204
150,-0.018803680798399947,-0.03816293968828044,0.09357815278502035
151,0.006970274480804672,0.02185526130389004,0.05186298873011419
152,-0.020454766637377997,-0.003538542623301111,0.18977569385457588
153,0.001623569896508803,0.009789609050277703,0.08214852266867712
154,-0.011132507894238142,-0.025972572531731575,0.09602418175795932
155,-0.005371574815196789,0.012762186614434512,0.07062152533861435
156,0.004157000860099791,0.019980206107943155,0.05525877870185991
157,-0.030303993920809624,-0.056429524951675636,0.18469481461387832
158,-0.027915983922025822,-0.045397190846188984,0.09529265790296049
159,0.017752173686927608,0.05932934381361288,0.06306876469878764
160,0.0017484332180566775,-0.006074676318038819,0.0529724533996076
161,-0.022850012702556155,-0.026102396698605368,0.058962933551705565
162,-0.0031110151796593377,0.009015660633727829,0.055482724022249574
163,0.025782227008607994,0.10375478062172533,0.0541236130467741
164,-0.003564874122727324,-0.0051347080079608975,0.10040556366609049
165,-0.0500964994360108,-0.057848542687714,0.13019605498225073
166,-0.010072376481277456,-0.03227652389430702,0.10048109361808416
167,-0.015254686773245374,-0.013236963772161325,0.1341249798843243
168,0.009383192829930775,0.023118653362199315,0.09470159492799055
169,-0.011648612082693632,-0.007774768424977485,0.09715703369830803
170,-0.014165591464364025,-0.033078115440058786,0.05446212774717463
171,-0.0025600770570924913,-0.026334944781531644,0.08215177103735227
172,0.048929112680039244,0.09208119338121523,-0.03093755818476579
173,0.016863575173527323,0.025116447493318317,0.07179327697960988
174,0.01982887823571089,0.06570542234118948,0.09395414176288036
175,0.02103168206604522,0.051953347327686195,0.10382921093004266
176,0.008214092002272189,0.028154723997659614,0.05328187217035907
177,0.023286325768276217,0.07960735748350278,0.025943723412129582
178,0.010167883375912623,0.025517079089834915,0.04580871061127045
179,-0.009966672485623995,0.0014499664302288773,0.12139382988125275
180,0.006504928393140652,0.0303598076707684,0.07185034607013271
181,-0.0017160677826011383,-0.0010646884700737935,0.11907322962676845
182,0.031213710054409094,0.07551734760968942,-0.0027493677729011345
183,0.02246767675425032,0.05202553468733606,0.1684819840853739
184,3.20691547747165e-05,0.00411321697711442,0.1989518528264284
185,0.014310975679870053,0.061393469447594606,0.07306961461152561
186,0.010556975825284587,0.07152983463215956,0.08652711228431353
187,-0.01187450112935573,-0.01841801679083077,0.12230794009474677
188,0.028718318426404543,0.05232153990546873,0.007916658153880596
189,-0.02959538523634897,-0.05131727669184838,0.12469554386267301
190,0.08899791842215382,0.19375977827139124,-0.02917389174701862
191,-0.03618242318216508,-0.04455813440062162,0.10135696203362854
192,0.0008244791441154309,0.001303706234593749,0.08036789832854402
193,0.003473751086987553,0.0484866031727017,0.08311136309800032
194,0.006306905447288902,0.026938131525210407,0.03999186956657602
195,0.009767746369600427,0.049005523259008754,0.08785105073016608
196,0.029342661536701564,0.08114379547368167,-0.0013720970799239174
197,-0.001568048751284079,0.026618314248880504,0.04955635493007016
198,-0.011713578070935315,-0.03515523497765349,0.06800695677730291
199,0.008979113572117003,0.03180107889524486,0.04836343290212031
200,-0.0033573958508468227,0.022492149401111994,0.017664546545087645
201,-0.0330410780883304,-0.045202858080678365,0.08019910589455342
202,-0.007409749044874847,0.008087709957646183,0.1110462837441844
203,0.031342756064128896,0.07179439900895979,0.036618797104706724
204,0.022960860198247723,0.03502594134523074,0.06766423242741396
205,-0.033849812846566296,-0.046211482489279976,0.15507452296729554
206,-0.02548130760404632,-0.03992171381222831,0.07113509537696355
207,0.02464992606142896,0.06801869465454158,0.059335418760331826
208,-0.009212240375686132,-0.012647533932336641,0.027479427481610696
209,0.014472502320936387,0.03462076056981811,0.03704300069993133
210,-0.008371738130233952,-0.02062265881447789,0.06117223901783919
211,-0.023974841485544074,-0.04212037504692656,0.1271989729374397
212,-0.014924729441749274,0.002021972725134491,0.0963619867423891
213,-0.01969254740354076,-0.01639159124823175,0.1003758190864133
214,-0.009244914998451204,0.02200742199746053,0.0510331598470653
215,-0.009883768189175912,0.0009596216034793992,0.004943137368326578
216,-0.021211173454849963,-0.034077851963527195,0.1100410294557338
217,0.02336908026417256,0.06446890755476631,0.07966556471396535
218,-0.016116072050105235,-0.007361876508202747,0.13284157596683038
219,-0.019408113719158182,-0.026757628289431845,0.09303670302658879
220,0.021643200521703765,0.04330642018206532,0.06533806650503815
221,0.016521273749299237,0.03504130329490529,-0.010262808136947354
222,0.006253649263395111,0.01230332065046158,0.07092216228111264
223,-0.003736552962021189,0.007207641667914655,0.0958928462297782
224,0.008824069035225812,0.007317516706858096,0.01830273070129118
225,0.0013588312799848734,-0.014786546738030815,0.05062956164791141
226,-0.002389698327430856,-0.0025468228811624805,0.12818767691200203
227,0.004053998749621757,0.037694628865891144,0.16810074519645654
228,-0.004746532484176225,-0.011196780391545924,0.025601372355973373
229,-0.0035328754237608506,-0.005526809768803265,0.04142919105938486
230,-0.015550863390151604,-0.020534087038045046,0.06850671654088117
231,-0.02374731591330842,-0.04612581762061663,0.0948066098617168
232,0.007014156286528572,0.047002391331741666,0.008316120094785051
233,-0.008998862001144414,-0.016812164904940086,0.06294564405382458
234,-0.010055188575527563,-0.016367975319377837,0.0933226818152193
235,0.014378310759365354,0.047444617506880116,0.003517701787452032
236,0.061994181602127774,0.10838643412603988,0.07098847163105909
237,0.051253971389772834,0.15183489071825484,0.0366100822449591
238,-0.03240612031333012,-0.045752029596476285,0.13093863188571053
239,0.021398881877790155,0.029838227811582185,0.06144191836593588
240,0.0022917182572620987,-0.020216827527984926,0.05268584102840157
241,-0.009765100263712523,-0.022004460462607955,0.05053170147195715
242,-0.024827646743949883,-0.046070474279074625,0.10394648310474952
243,-0.013255213924925291,-0.018385421624050102,0.05231403393820605
244,0.002914098941200538,0.027689680703236408,0.03716232118533619
245,-0.009227084942083297,-0.016104682755004873,0.047300339956666215
246,-0.013450233112567656,-0.0360630118602534,0.17771120548887237
247,0.02371423588269933,0.053749388567854384,0.050039688896328594
248,0.012603608042221437,0.03484835310893486,0.07062507382523614
249,0.01864003656815527,0.0685502017017382,0.09605767966993145
250,-0.005598506474720544,0.006945837150376666,0.05684661753237075
251,0.032717549121161205,0.04465637015929835,-0.011524951488951884
252,-0.037931290258863604,-0.04313044902442775,0.06542563674349955
253,0.02213811053990644,0.050567429868910274,0.07615454030933688
254,0.00667196537855641,0.00017313051714684669,0.08525721445484952
255,0.014454747895242037,0.046640410848521996,0.07578505738362007
256,-0.022229223592574454,-0.02814281545395214,0.05551838357213085
257,-0.029358961134697048,-0.04169140364032742,0.1102781598174303
258,-0.053075027557456134,-0.06927398991069544,0.2217696172482419
259,-0.011685388701806354,-0.009078078874184659,0.11452676647683208
260,0.02045415428660946,0.06380933165902813,0.06286729016317533
261,0.015178494282366894,0.013089562214469441,-0.03253199920682304
262,0.017008234727725946,0.03552967769545612,0.0928856754039154
263,0.05549305704792751,0.13471980164369213,0.03718728494247642
264,-0.023194217522531813,-0.026249247103720785,0.07696152186703953
265,-0.026786470010028707,-0.00703122253997146,0.10701478985196766
266,0.03317118001301522,0.09071347957002729,0.09989460403678527
267,0.006113921353053164,0.01590205739326167,0.055023073277059575
268,0.018052440726698094,0.03796437407627262,0.11555268278632139
269,-0.004207086894033707,-0.008305279659814757,0.12150357015898189
270,0.02694340380674287,0.09045587826262969,0.08783444617198907
271,0.012468063625154957,0.03500633593441327,0.10207520385391086
272,0.013794838534246068,0.022508064363745417,0.054522620877550665
273,-0.010317999468356431,0.006104458568736981,0.07063735518304182
274,0.01518317807744718,0.04372791814439814,0.07871284601432937
275,-0.0163672953094251,-0.010167522516789651,0.05443525607173311
276,0.013626346171800086,0.021661536108820822,0.03964924542475773
277,0.033887030267488794,0.08917173138483026,-0.036460889045389244
278,0.004859161067026219,0.01598392989819797,0.09927844435067931
279,-0.0013877199109065819,-0.01157304639307788,0.05519082786834095
280,-0.02208624047012525,-0.031587379682042394,0.0999563326300365
281,-0.008117992553036801,0.008125794298815103,0.1064377780438594
282,-0.009648713579581303,-0.022862753969462468,0.14440092180375055
283,-0.004618081563403875,0.0056987183777227335,0.1257635107860948
284,-0.010692515467301489,-0.031998679283546716,0.0927201051623211
285,0.015212065501084338,0.030295773995255737,0.12685782577488802
286,0.04323793806218956,0.09225100298403754,0.11337918972207323
287,-0.0026063104426371497,0.007861481680853655,0.06779070204575566
288,0.07617146755905901,0.16685038853320178,-0.025182241317992335
289,0.0184719889015591,0.04112266454744029,0.05827697965729289
290,-0.03505019713098928,-0.06380666845789218,0.152608624641079
291,0.014456679412842954,0.02435585147568564,0.01574353677359136
292,0.05248973625440306,0.13434257926594262,-0.059794523156885715
293,0.00538953266184361,0.029659409445762508,0.06083747330592304
294,0.009012630321708126,-0.011437605729365474,0.024624815209928985
295,0.017762762252707787,0.028964196643160522,-0.014388382209630735
296,-0.008516609069950776,-0.009953273255213113,0.16220728493538744
297,-0.026472521680856897,-0.05717745441980748,0.15266834579575317
298,-0.024028415757143318,-0.04449020120921443,0.10315685218449439
299,-0.01441578822025752,-0.012782002815279192,0.05138437661262188
300,-0.00506775377606844,0.015172896990319207,0.07299616260469122
301,-0.03340480184563488,-0.04792605726947341,0.07724699185228595
302,0.07518962855961725,0.15119015342187925,0.03144510512490856
303,-0.026137726325226318,-0.0355126846677587,0.09723498587077967
304,-0.007350664742914348,-0.02059836877545629,0.10995776888531883
305,0.06707258245360337,0.12656639234950284,0.040980017811048874
306,0.048932377641235036,0.1033603436203211,0.0027037164529075675
307,0.022773430318141996,0.0796975822319902,0.048649866084516824
308,-0.03644305355224858,-0.06519528924451323,0.12722210376135068
309,0.01656969922323459,0.05205875093996237,0.06442377584765357
310,-0.015606577247691988,-0.02140005763247521,0.17967659813504425
311,-0.0003780615083373018,0.012083805064459274,0.08163175266768763
312,0.07192916333276339,0.1575245445417629,0.0203125727346376
313,0.006871204698875588,0.02343437859566433,0.1386282539710717
314,-0.008556275318029272,-0.007299014708416651,0.11321586882142726
315,0.0034233112233478247,0.003650055368430327,0.1487140086962883
316,-0.015788795573637437,-0.030498709537079116,0.06606970374720239
317,-0.014213738777416829,-0.030689368871182232,0.051096036435936354
318,0.02702226336000313,0.05475819599092069,0.06451666936906242
319,-0.019426648078191167,-0.012209362045520478,0.029494043584255225
320,-0.0051382735176330185,0.01420968382695953,0.07357836182274208
321,-0.026552450504608083,-0.03871935855200548,0.07864920762192684
322,-0.019457602154620668,-0.012012047406290027,0.02773709147263198
323,-0.005310459487824437,-0.0056525781647367435,0.04117514693382851
324,-0.04408485351175684,-0.05996026450977965,0.15141588390298455
325,0.0017596809610010977,-0.00324675353690862,0.14360497258946991
326,-0.016194608656080467,-0.008149844567196807,0.12237110002839685
327,0.003987931263039146,0.009791112231834598,0.13544325239620525
328,0.04232291920186604,0.08862365310072562,-0.024769695877252307
329,0.07725552812597103,0.1243480618603342,0.016427487859210332
330,0.014268478796464312,0.05068253413091883,0.07634719697290065
331,-0.011641214706981207,-0.011424638905527695,0.003209187924727075
332,-0.011957547554362735,-0.001162658601312927,0.11573830324774792
333,-0.025744530832441215,-0.022588627833552533,0.11099503040503178
334,-0.021587245766738872,-0.02946850510867194,0.04326979927294372
335,-0.007979517188476448,-0.025757503862901654,0.13311095736839734
336,-0.008961012850557282,-0.006929774192204641,0.04600110437085547
337,0.014088341906540014,0.001613633790741864,0.01744025358088347
338,-0.007702744934632633,0.007829142445275994,0.09190346249619302
339,0.012615172562160604,0.08562154911431252,0.08782435668365768
340,0.032714450268049866,0.08711176991065372,0.16381469050548184
341,-0.015525990098079756,-0.030124352397880805,0.10675956728143102
342,-0.019991850609928585,-0.025423572367227476,0.07712894882544469
343,0.02386695318177845,0.060244968486807826,0.06906331758991419
344,0.024700167242935334,0.0679986331487249,0.04597846734709288
345,-0.03076980388436268,-0.01544296569715442,0.13614320711975503
346,-0.01364785181421252,-0.01624560307541323,0.040509628711388135
347,-0.0022002509192675657,0.0004879290661098379,-0.028972865200193376
348,0.04535883597544621,0.09715932551450024,0.05339179885178946
349,0.032298981913392644,0.10173389597382976,0.06587670107463534
350,0.05328633387971726,0.09584741089291038,0.13229097786211985
351,-0.010572306659998754,-0.015440025774126065,0.01793719280447892
352,0.050961106333174355,0.1425916901530202,0.03730368242743881
353,-0.021388827167021618,-0.06158844137980035,0.20603829519700398
354,0.053603163811651644,0.14169163054184275,0.05339415480649018
355,-0.028384221896903872,-0.04038734248881615,0.10007143331194979
356,-0.017117684563698,-0.04314171920143017,0.09310059186256975
357,0.01678761243740856,0.024271569522642533,0.05687906440488272
358,-0.0250500828236922,-0.04042787210946175,0.06647664189565489
359,0.004196774037892759,0.009853407814677473,0.06776826783549394
360,-0.021796301319437217,-0.039797631458017624,0.0665391690358263
361,0.03953354922966512,0.12847968891779693,-0.00348595344033642
362,-0.028701878947159865,-0.0026296013736503143,0.11077741479532388
363,-0.0005657313970087174,0.02300900225459568,0.0407022436798371
364,0.010606663054919419,0.028002493404516215,0.05444375007463331
365,0.003632951701942555,0.04639766595089845,0.1312735082372969
366,0.006165556972095088,0.04797484490396653,0.0863464165403913
367,-0.007087815947435461,-0.01334707284453962,0.02934331302030646
368,-0.01945742103245207,-0.002210031963604364,0.08765539236993014
369,0.0027370725783131267,0.00539461275583808,0.0821532016402308
370,-0.02894025180142129,-0.0511000832727877,0.11688863013343409
371,0.004696379304175435,0.0007885601244707052,0.007451752014337343
372,-0.023541405673022986,-0.037978915530977764,0.10439891119805397
373,-0.009317405500588405,-0.011925965925790427,0.012470951564538535
374,-0.0002670130979460228,0.022018932689253146,0.07394126476349416
375,0.01177337740519735,0.04087510589956789,0.13117754388133035
376,0.04260194974691939,0.11431876351270243,0.049463572169466674
377,0.07504739505600577,0.1534118025955864,-0.011646351212888761
378,0.02743505855463474,0.05575792186363715,-0.013855734434463085
379,-0.004147285191185679,0.020718386201602934,0.06919712651688809
380,0.019053958750763766,0.04019931767220597,0.050734474499671556
381,0.040434669743472706,0.07653195290774906,0.04283574379824889
382,0.009082493188471208,0.021773405277944025,0.031895992851349086
383,-0.018045517160811875,-0.021883916840403694,0.08446639728000122
384,-0.0054398350163903375,0.0035619861611864145,0.05758392597582368
385,0.006058462238310414,0.048970236792373,0.06159001011764925
386,-0.004635468745389948,0.022996675333522565,0.04551557367430481
387,-0.007780432214306243,0.010983998531602257,0.08349345083979676
388,-0.006650064750844842,0.007317491283637789,0.0990739666263277
389,0.0019166086517485859,0.008988358142518416,0.06309448739300161
390,0.012538110328232932,0.028231053908512105,0.0018476271531045474
391,-0.017598532159097346,-0.037230984572173886,0.08661998842459329
392,-0.00675178197883286,-0.00948459545549063,0.1285409698748583
393,0.0180640064667571,0.044850149062068745,0.06479041612323522
394,-0.021839599818846478,-0.03909894013967308,0.08795452838077228
395,-0.002347603679406174,0.0240179841448106,0.06533918988486692
396,-0.005053571628903852,0.004359155898169265,0.08229173741452772
397,0.0016268500666799524,-0.0017424336185598577,0.03286744502126704
398,-0.014293555135789893,-0.028559816018476347,0.07470570839358359
399,0.001806590108051731,0.022358371241031016,0.13729540449458028
400,-0.01532051105025467,-0.03799371746005831,0.10366349577438572
401,-0.0320117175119658,-0.05926108605712743,0.15151512914510296
402,0.032480207980168374,0.07913310498423765,0.08838637930919505
403,-0.006989679745149968,-0.020096351004361024,0.061242278853943344
404,0.01636102036078868,0.04800730161608535,0.07524637222899272
405,-0.010452693388812662,-0.03167935326578397,0.04611731313174
406,-0.022571567314182306,-0.02659787241628686,0.09490021634290263
407,0.01653398955881047,0.06578981601149636,0.06761437000857898
408,0.011072785569197885,0.023861987726064626,0.01718404583125821
409,-0.016710906908265044,-0.03862330448011875,0.1099524450188545
410,-0.03030886951948364,-0.04637883309862856,0.11640994044757078
411,0.030687282735989363,0.0766085673147644,0.02694761477670876
412,-0.004823000826377322,0.010454779039625772,0.08763358243427283
413,-0.008699504418617887,0.0020518028115286135,0.09128287514118458
414,-0.02007737756063216,-0.02619654069804289,0.06407640432898434
415,-0.05149601999108955,-0.07430033837468863,0.1884326699258483
416,0.022569122532335117,0.030730665422082137,0.023548204882788915
417,0.05213942552301015,0.11214070060834747,0.029910101129771244
418,0.014234004973464831,0.04680926148413822,0.09086575445961889
419,0.052686944678933645,0.11468500563269657,0.1283271165798447
420,0.0009423942712323274,-0.007914956171118481,0.14201896053425045
421,0.02823487295531707,0.09580058807962766,0.04330366521065898
422,0.0400450479888414,0.11914892364970964,-0.010514662767863753
423,-0.005084460087058762,0.012257758592955303,0.07241621547774746
424,-0.006719611689001814,0.0031310054444583235,0.09290283095928697
425,-0.006797459169427755,-0.008740293853373271,0.01818380115638124
426,0.041483192138233316,0.08390014243987065,0.027342823021620444
427,-0.02007816112436589,-0.04073523080905006,0.04767256744546339
428,-0.0007221992990807946,0.006335555459817344,0.10007242653828696
429,-0.010760498932978702,-0.025054403752850618,0.06157628748591454
430,-0.01095289365690616,-0.028742826460465554,0.07642750886892363
431,-0.007718272171292839,0.0006966618692303417,0.07314124164285862
432,-0.006347807861154298,0.020728500806774575,0.05245418694483467
433,0.011829745829155247,0.022098779847941175,0.01871368887422753
434,-0.010832636023355824,-0.021669215666942243,0.07044696915799709
435,-0.03877821746153243,-0.04068633478789285,0.07657261560757572
436,0.026945171730470563,0.10487141724031368,0.051154154917402994
437,0.011337968594617887,0.02623362058572165,0.0628347358985033
438,-0.024808585496100988,-0.052307445396046925,0.15018867106949968
439,0.011739180528352933,0.048217908222957906,0.07859008264433742
440,0.0036878929936461358,0.0006663011899712412,0.04976617934298053
441,-0.02467875666937719,-0.0183308266580392,0.041923429205213913
442,-0.026646189555509348,-0.03714185109493506,0.10548533243810998
443,0.0013590572042557203,0.056126767402137956,0.07905877866242189
444,0.010283087539336322,0.02211849741313543,0.04934074776377287
445,-0.005870459279144813,-0.0010339884333899763,0.1113978525268512
446,-0.012669398015430933,-0.02221997769473738,0.03591512968338911
447,0.027937597215950682,0.06151628527150854,0.05805028465986645
448,0.03786082985382605,0.08568157811920196,0.014622103846559487
449,0.009174777790321165,0.02700697208440994,0.12831534789966242
450,0.00018164063183001566,0.049254350185215956,0.12094199310589354
451,-0.043514979835967416,-0.06306211648144511,0.15780810314238017
452,0.014147860295585013,0.03245952306463018,0.0005946514623126342
453,0.006321657936631309,0.0267881924519775,0.04552241780119337
454,0.025420186918384935,0.06276438396381845,0.04896196515227308
455,-0.02333218549037419,-0.040039041118450136,0.13333600725073586
456,0.02463560420022992,0.04391518042509479,0.07779201446600009
457,-0.00949087925668457,-0.010344372142127911,0.11891235248871534
458,-0.021426297244918402,-0.04117128139550297,0.09575554509250267
459,0.018401860544495552,0.04945652984502802,0.09555516091997115
460,-0.0001227405657879821,0.016477682770164925,0.07183920307624814
461,0.02327052419372222,0.07028255376656367,0.12160689416793907
462,-0.014084426978075215,-0.025806404770245983,0.06996450374108432
463,-0.022293828459183374,-0.032955189150920994,0.06922121824714361
464,0.006790667807360928,0.027264796509908207,0.1332693549194767
465,0.0013575917066979137,0.023442801030604254,0.07314171496970145
466,-0.027667511436577863,-0.060913485098219255,0.1744499277037526
467,0.005293219251108039,0.061123295946617695,0.09159301557883118
468,-0.008284320630286834,-0.010331035106936892,0.11300586666692447
469,0.013487319165288336,0.026227603283249135,0.021501976823954883
470,0.09518849127080586,0.21651410430525175,0.012541134564477918
471,-0.0029318417939882546,-0.02518008330654775,0.0618599469924932
472,-0.008843673383178097,-0.016624488325766795,0.0628384431596633
473,-0.0006090282378241607,0.013128745024313382,0.11415744759229116
474,0.06858113199295529,0.1532800201020117,0.025400520502751434
475,0.031006014935698933,0.07130531701498988,0.02292585711238332
476,-0.01915189904739334,-0.027302031818919548,0.0864035852919598
477,-0.016569588031956517,-0.015579054389157299,0.14229600055893027
478,-0.02374559311180907,-0.039680525909272846,0.09367649816740564
479,-0.0019441940596797713,-0.006579672938944681,0.05400438943760422
480,-0.047453483400518026,-0.07784639440076824,0.17736897711226252
481,0.003342311713238566,0.02849169793332862,0.012938854445701753
482,-0.0036358326944851416,0.03598160411388496,0.040731742231612605
483,-0.018328169216211776,-0.030063867848457382,0.0697719252831322
484,-0.002063288038546718,0.021978147625185573,0.019469142967255215
485,-0.012048326428765965,-0.009375893554535386,0.06709651098318448
486,-0.027163623750717347,-0.049580724015819255,0.11252005639085721
487,0.03230666851797481,0.07908541544826164,0.12281877339227196
488,-0.02510766530838826,-0.03525539587473936,0.0947532190752878
489,-0.02632533708826873,-0.05934432875269824,0.11781086216717063
490,-0.003385961635797907,-0.006610139645449431,0.02672706714410661
491,0.002125944952743819,0.01232309109943075,0.07765170454225465
492,0.02745736027129242,0.05030695280109454,0.03127469187814652
493,-0.030413631639337857,-0.03927247567621339,0.08673046887465918
494,-0.038007696770680166,-0.05335853698059212,0.12003899525488398
495,-0.0064822070989479785,-0.012324307590625194,0.040954361446028154
496,0.02566861869172582,0.09514494502075205,0.04664534123783409
497,-0.0037388620208559376,0.021457177791013082,0.06988169631650909
498,-0.021783268669824385,-0.030210591890374228,0.05910756088628283
499,-0.020661279864718884,-0.00960902187794832,0.15012102789997533
500,-0.003330667915815766,-0.005430353671430077,0.013931880305983024
501,0.013224318426961534,0.03056220067242854,0.031045083150264496
502,0.004496821088970093,0.02765416653667896,0.10660072137777493
503,-0.011579530793247639,-0.012798601818146627,0.05557863336946117
504,0.06663777888539402,0.182720870378361,0.029869561865938254
505,0.012522743383026391,0.04356174581783068,0.11661419294914582
506,-0.028779489888435372,-0.05762964795387393,0.1359752789863388
507,0.024547130235239356,0.04421887777271616,0.07585498802397433
508,-0.0006403820531100668,0.02330641730069094,0.04944205834573359
509,-0.006393513283204755,-0.007348875137156319,0.13288877690698578
510,-0.005843531124605006,-0.0007060140202076459,0.12367128749647946
511,0.020536599666829303,0.06325647557491121,0.023652953391441855
512,0.009836065694039442,0.01966706821872488,0.04391304241328897
513,-0.0010961250416296475,0.01541770255993069,0.14781236746437126
514,0.01855261461737151,0.06698481973388848,0.06531588624211004
515,0.011313298376151026,0.009073206678176682,0.00340065804798928
516,-0.009263349622366801,-0.000636260161626101,0.10759814398991707
517,0.007546340487348369,0.05299166899847019,0.07776004546461346
518,0.01126847893827948,0.03304470237198143,0.09678819196111998
519,-0.024706329862389187,-0.03488118143468322,0.05740000459276495
520,0.04150817636339893,0.05980518961544057,0.07271845477589148
521,-0.0036899179328948595,0.01128153574890789,0.06966025129197151
522,-0.007186519784312395,-0.013120930208086912,0.07680930180647916
523,0.0008906708192660817,0.005715515629658441,0.1160591522317792
524,-0.017956944792478335,-0.043490743070161764,0.10062689127786784
525,-0.04271130011912205,-0.08282884580179062,0.16223953572066185
526,-0.01154170645211594,-0.023667998131077006,0.04420895730490326
527,-0.005072074822813022,-0.01750504651853524,0.025377841666636758
528,0.003724924075003355,0.03264680446065649,0.10779826040401363
529,0.012069716003418773,0.02218093276504196,0.02717022266912933
530,-0.03652583283842442,-0.04801217737565133,0.07953550566992673
531,0.021225865426990342,0.057565324315890565,0.04596807765545641
532,0.015110633431365317,0.022401895545395845,0.03475814659577081
533,0.03326975574824753,0.07927620734708518,0.018699903133732654
534,0.016251426344538356,0.03962803391566205,0.03896655737437499
535,-0.01642388527983296,-0.0129714000148754,0.08082598937551305
536,-0.0156376204345251,-0.04244644829360045,0.12774958738319403
537,0.00798882709322657,0.038465088000395165,0.009495098637522126
538,-0.021304071558634452,-0.037202386483590755,0.08946430819199541
539,0.004843348912322909,0.020184673220649763,0.07094639089278931
540,-0.025786639019247604,-0.04871817325841221,0.10329331062815983
541,0.016642122511780044,0.018079977882605514,0.04992275729673096
542,-0.0156541585005589,-0.020077402706982217,0.035882239471969446
543,0.033392406601891134,0.09492672064410357,0.08482102225811522
544,-0.01572412513549165,0.012319681149461248,0.09223750031096792
545,0.058076858285564414,0.13950004461068255,0.015959704043862932
546,0.033852814457747404,0.08550376912363533,-0.017480241870787172
547,0.013915697210829081,0.025278406780695595,0.09355973759313699
548,-0.03732689238459308,-0.06836509686786829,0.20196011971872843
549,-0.030346629001939684,-0.050561083050780886,0.13845270171360285
550,-0.013902866430451521,-0.03162057759612236,0.0737169170237647
551,-0.007413632694731165,-0.007323775129249088,0.10528552427152141
552,0.026892937049616428,0.09057110349244879,0.008320324890896402
553,-0.004203100780917901,0.001281527867769805,0.08305268790229908
554,-0.039252605816551545,-0.04329713649124245,0.08864715705884796
555,0.004657937088772823,0.011241449954257132,0.06337147436517379
556,0.06213627531953714,0.13183254638520614,0.06227538530550128
557,-0.06660153333135477,-0.08903430318141714,0.21048242113929214
558,-0.013172983803097893,0.0031909693705096664,0.10779962751973005
559,0.028183871012906758,0.04605051057249654,0.014221682207910591
560,0.016265673095057442,0.0351791446105556,0.009831039906173455
561,0.04146158356410745,0.07658445723791796,0.12331271680357903
562,-0.02458356265236966,-0.041499594153679764,0.09072339242522298
563,0.012698423668394687,0.046053479134353426,0.08894961551632363
564,-0.013074494912959367,-0.01736804458902408,0.06519805594773465
565,-0.0027737939657693778,0.020665088449890456,0.13165091108558846
566,-0.018024798590606683,0.001972908402793405,0.06957806309745046
567,0.04277971560660898,0.0828924001618625,-0.008584586896837276
568,0.003939820829870544,0.012075169718308465,0.07104706320315302
569,-0.009179409825398832,0.027078960759939097,0.02566784696574964
570,0.013187546571520548,0.047257766290046965,0.10240355071623311
571,-0.009975767228808885,-0.029015946070593435,0.06479282665460812
572,-0.010268634066401883,-0.02086808934575335,0.012862533827303402
573,-0.03319716824989183,-0.05978317331828642,0.14016933620845828
574,0.02226493220166853,0.03546729832525963,-0.009216528522468848
575,-0.014469381938528036,-0.018193328716068824,0.030622750552878664
576,0.040648899170361574,0.10587359792637241,0.040142544980216355
577,0.0031814897082468874,0.029774620036806643,0.05282576203100353
578,0.002027092466596714,0.011173170107340202,0.16277625514530794
579,0.007252817774622333,0.008101819030491453,0.10622058680632437
580,-0.03281610187930101,-0.04646448443149609,0.11932322985016947
581,-0.017164516804908714,-0.041854995066306966,0.10013270891584933
582,-0.004991665383276556,0.0050090762850834025,0.07147370197472414
583,0.025667622114922906,0.045072303397069025,0.04387333748577754
584,0.00640278743551892,0.0014996590029584533,0.030061316657702786
585,-0.008269295579713232,-0.014053586104709304,0.035041535780403345
586,-0.018885394611944273,0.005353010393579716,0.08896559735556331
587,0.005516654015948974,0.06122002558449213,0.08389491004341432
588,0.008463352913563926,0.03119665898783952,0.037520503470708066
589,-0.0009310494952894377,0.014173777455661507,0.087043636711861
590,-0.029772262981627162,-0.05727835397447689,0.12830043991269663
591,-0.009327250945644017,-0.033087248029853966,0.08838219633438715
592,0.0024867265488821566,0.008277593233282032,0.08779481308245848
593,0.0024453787759931567,0.03401704794391214,0.10441560960207785
594,0.03127127624971304,0.06355470673580266,0.08051070773733343
595,0.010581465250877609,0.017977409219644858,0.04643290541544781
596,0.0008134817477988276,0.017268777607606478,0.07434100997523171
597,0.0001635991418397209,-0.0008825099286480231,0.10576779115156987
598,0.018992447707989024,0.027513598369473313,0.03302398948256363
599,-0.012408472305689533,-0.023555887849804225,0.06262929423638958
600,-0.007377305922853017,-0.011459504460933023,0.012047427555624046
601,0.02078763849478471,0.044344023003377475,0.06383231742932305
602,0.00308627383889426,0.02818019717991893,0.008541684819676876
603,-0.033347756270139195,-0.054820790570832556,0.14853240189519293
604,-0.01738206640112805,-0.02577563760229351,0.0801184139980411
605,-0.007668930634585569,-0.029822414456646462,0.06163063784551659
606,0.0045089777996802916,0.020756504832907363,0.06059584349044339
607,-0.031234221048666466,-0.03635850063504553,0.13835553514172566
608,-0.008196786353744656,-0.03200104772987433,0.08337881698559285
609,-0.000746507986685796,0.014615269282776011,0.07471316696901259
610,0.018845517098126596,0.026601173797803468,0.0776271866003446
611,0.042716585869432,0.09736094829104136,0.0027600989165479373
612,-0.003702704774225518,-0.007216102411955472,0.051669832673478966
613,-0.004270441209257458,-0.021845876093199434,0.03508354931477764
614,-0.04390785559035271,-0.04928995622794208,0.103137285783265
615,-0.01762302382838532,-0.021017087019437608,0.14205173821302544
616,-0.011330582126920508,-0.006222616422193017,0.15644430409340143
617,-0.030353947511072288,-0.040971079418044565,0.11972461282381816
618,-0.018669336396754777,-0.03800554220452679,0.11699241418283102
619,-0.028567449971834025,-0.054129627211014886,0.12544723822152964
620,0.03630569430451658,0.06659351898313914,0.025239086208972528
621,-0.008892491265131253,0.004401868677134324,0.07574360157575089
622,0.0019910984884706773,1.9389239614087117e-05,0.09789211064608996
623,0.018551900083859207,0.0507430734363703,0.11380585005331714
624,-0.02607252129192822,-0.0353779746727938,0.07026690290739401
625,-0.00950484395781076,0.02447961684731026,0.05690721343985622
626,-0.019576266769505024,-0.04888276029573502,0.14332031844412924
627,-0.030573848585820462,-0.05654982922329754,0.12740364736344145
628,0.012510070838058274,0.04356471998170974,0.04339535693580948
629,0.03580918508369457,0.07345304003726005,0.04157319265182596
630,0.044761155009040876,0.07135348056605417,0.020534621641898843
631,-0.006281950980378759,-0.0012736193062629075,0.10400207452603727
632,0.017668941298725815,0.033614406967262034,0.03739454684676269
633,0.00678378686035952,0.021305250685858534,0.06031832299413897
634,-0.017773238981085848,-0.018661622368428388,0.16315494896817898
635,-0.03471246105951564,-0.0648240482790029,0.16756436469792962
636,-0.020340966764164747,-0.033253534953285424,0.08958501220430093
637,-0.012645500674256627,-0.0195314089787596,0.02041704093871055
638,-0.009453940088016699,-0.017881977963349005,0.0395437684567041
639,-0.005068525720653416,-0.016416431382281327,0.08923135884855526
640,-0.025540414116638543,-0.05668216542549542,0.12504163583370265
641,0.029649565038314507,0.06842886500240508,0.032820012469452486
642,-0.0030343028398175376,0.008528001840411248,0.07445431042055844
643,-0.03098600795737555,-0.05800665803710081,0.14825165424341946
644,-0.01542827446642836,0.012113363931940624,0.0981483371907435
645,0.04309854303053229,0.07521543426811061,-0.0027060114691689896
646,0.0214308034315005,0.047961757955920836,0.03414346198669055
647,0.004339270157589503,-0.0063363325196957865,0.11720754456726892
648,0.008797414049569019,0.041914220695376536,0.10914020281552114
649,0.002201723566083502,0.01083831287922421,0.11222267342437015
650,0.0007357971350854253,0.005850385182525009,0.0593667558514967
651,-0.008695644435223637,-0.022539486507408446,0.0742326771164406
652,-0.010629685006102174,-0.00018273136861324257,0.09224147424057477
653,-0.01698546968436576,-0.012733545857754103,0.1328183144520522
654,-0.015867661049174753,-0.021050892987741654,0.05207842359150447
655,-0.028302600934905664,-0.028167748620216426,0.1148825290812307
656,-0.015203996809221909,-0.03148463796518919,0.06002167038204259
657,-0.019244190754702628,-0.026259993659884517,0.05522472889261054
658,-0.02109920490982531,-0.02466079926347997,0.21249357680288009
659,-0.0007881510471263731,0.027733023860375017,0.03599581082591191
660,0.028110977700592843,0.04852685316604266,0.09148952472334132
661,-0.00656670254277647,-0.013095662407974662,0.07185068221579965
662,0.012935221584928769,0.030806082104182342,0.028115533059445252
663,-0.004257909359132506,0.014323603409131858,0.04469939645469634
664,0.041434463570556246,0.09968036141041647,0.08202124909832359
665,-0.024976136109315927,-0.004931241773302619,0.14588198595039942
666,0.02561415626507002,0.05934282893302101,0.055471320375618416
667,0.0017534938614081619,-0.004756908139181504,0.00037062213852173675
668,-0.024932845213925137,-0.03262387881664974,0.09232365051952307
669,0.003978717575668922,0.024509792128476482,0.13850576341299603
670,0.02165335364436849,0.04673082530444117,0.06333576669379615
671,-0.013111004554130445,-0.007133200543031903,0.04026032141060626
672,-0.031954676683959626,-0.04573322057937812,0.1314445020390595
673,-0.003729605386253887,0.012499295114226983,0.12674656546230206
674,-0.022705251574571705,-0.039103729694217604,0.12531045152119846
675,0.02357324616763623,0.06383303946260488,0.008856527365216416
676,0.013351356892247201,0.035182676203188046,0.012051795336408988
677,0.003925457962919432,0.026268846557751746,-0.0002288602729368372
678,0.01643823887448248,0.05171767286666573,-0.007530614246049394
679,-0.0022025107904551366,-0.011952465601415718,0.03671407959853734
680,-0.011108421084274844,-0.016053349995853172,0.06690052605558888
681,-0.002167488048785582,0.018060818985540905,0.05797365297524881
682,0.0020097201332410775,0.020052344380679266,0.12639268850155577
683,-0.015205226788647774,-0.01369524928568111,0.11145624681143756
684,0.0004246080669061403,0.005782679439963356,0.10712812698185323
685,0.005408622518065953,0.004493903549238509,0.0848054978308394
686,-0.05018590161702191,-0.069714578387997,0.18686275715584916
687,-0.010388992416295761,0.011763071635081612,0.09001468465366391
688,0.003368285347619293,0.028181632495693276,0.056122102416280184
689,-0.02935957945389639,-0.019440550111272548,0.008956865105126166
690,-0.0007073353896473455,0.018564195420738616,0.06396534963458078
691,-0.021321246286154838,-0.02072964309104397,0.031192300169883058
692,-0.011401394992750169,-0.02120232259765631,0.05879194470277699
693,0.020164270260564332,0.04249259876335254,0.07468073516393686
694,-0.0035057756019446495,0.008773221030600076,0.0818201435004865
695,-0.02850404602641987,-0.04958413130038697,0.11312172302613932
696,0.005047329891255392,0.013902355562603774,0.05497821433050126
697,-0.02980138141450095,-0.05614014549909807,0.20072033178500373
698,0.01659421080775142,0.029280283731879075,0.02641269639050703
699,0.026401178704021255,0.05510268341209357,0.06029654434360182
700,0.004258796056352654,0.03418495383755338,0.039477294580593555
701,0.01844646585166909,0.05016500235592691,0.12361891570871653
702,-0.0036305431651679765,0.008062957441027474,0.09383581042159972
703,-0.022960406561631452,-0.04012595077228209,0.09003621209837148
704,0.008927981511959115,0.029917635365265705,0.06459229254576038
705,0.03423406878765145,0.07155516542874374,0.058533649017052325
706,-0.022221093995726915,-0.014307333753188267,0.13629436702352427
707,-0.031343831284433854,-0.058784018586603315,0.1442882959595198
708,-0.036131932346331996,-0.06494137394820265,0.15757314192958977
709,-0.005181985319979265,0.0022909705923057633,0.08118003628997122
710,-0.002750985690725405,-0.01499668871723514,0.02892048013944165
711,-0.04059573462692012,-0.03692618543443604,0.14851122066641453
712,-0.020123301742569266,-0.03369658251285568,0.0850458705642691
713,-0.02425587013601832,-0.04990147478083673,0.0887764804099957
714,0.02543450591225066,0.030844423509808983,0.031923190185257466
715,-0.01464827805818436,-0.01005852371165572,0.10233263506883664
716,0.011044142752289154,0.04146651245507482,0.08664235672385256
717,0.019003827814053798,0.055828917663446886,0.055389544530902224
718,-0.03373902321400174,-0.032135498375072125,0.0968651462559717
719,0.030413319645729575,0.08811516449758239,-0.002386607457932177
720,0.02073303188452147,0.05062021572292896,0.08524801363515372
721,0.060033768753269434,0.13756777231647332,0.0535297259562838
722,0.03355601721826329,0.10740603751823252,0.10195566544619056
723,-0.005365919096035676,0.020155264937900874,0.015012753986373029
724,0.025717154084313743,0.03846717643336439,0.011314400215947984
725,-0.01066670009276649,0.01834482438849583,0.06245304974972024
726,-0.04746543605301201,-0.06147759137401265,0.16387574252630466
727,-0.003128448250733107,-0.018208275991972722,0.04472616615190181
728,-0.006647245981727168,-0.01450207003114412,0.046107485208294274
729,-0.02730709298895123,-0.032399200598212996,0.10102174011962667
730,0.004140318869436166,0.016575240691190207,0.08683754052803416
731,-0.027352252134802302,-0.05049003815542408,0.1480117639607041
732,0.005130538471359525,0.03761552575560645,0.10730233752199092
733,-0.018397677645557664,-0.028665920268332923,0.06151574214283112
734,-0.0006555685252969679,-0.0029989898655922165,0.013209312437778231
735,0.0001104279164524935,0.016538955444736048,0.08644873785890111
736,0.016951552613551024,0.0460898660389385,0.07504489963599359
737,-0.028976583814602275,-0.051087382096865475,0.08452411045488706
738,0.030194080057610206,0.07141778263846987,0.0681083383206349
739,0.009449901484144374,0.041814467127430976,0.0935444287330387
740,-0.0030422309459604557,0.0046960137117016965,-0.023762730861986103
741,0.009486122816628195,0.022925884324955015,0.07455406049301866
742,0.0026068544098791224,0.008012950454330703,0.048496070465631924
743,-0.006252951474889468,-0.017952869406664185,0.036558572828514935
744,0.012618098946039269,0.028592003905733354,0.0415869716634526
745,-0.020118161739832663,-0.0272148828062192,0.07379844554517101
746,-0.01173445394118583,-0.009715244275829704,0.025371612536835175
747,-0.02997890783194901,-0.0591305186328982,0.16810762943963584
748,0.0189754558310275,0.06380080761134022,0.0530662890969783
749,-0.0043877396475140995,0.02098728501023739,0.09411044368436414
750,-0.021397474576935305,-0.018104071239537056,0.022139151598689066
751,0.011913526161869747,0.02620621641058818,0.059309355015631005
752,-0.032266159047338205,-0.055790810870866014,0.1320000575879863
753,-0.00472547017150482,-0.005309097879178715,0.03856641285408474
754,-0.019041353028964203,-0.026454608169408367,0.02433439947604965
755,0.02816616872800687,0.07060777556417686,0.023469295819558977
756,-0.010377663383270841,-0.03107925615083673,0.09164776940181829
757,-0.008709907193843291,-0.01762655690312065,0.03722017035621494
758,0.009395584296016946,0.01577849355185723,0.07716932535072746
759,0.00742770806685189,0.017020212073349805,0.04362334321804545
760,0.01783826998982585,0.06430010067613207,-0.03698428111511276
761,-0.04347037201855897,-0.05423648092966549,0.13237835876474302
762,0.008636864107592124,0.0212136062086159,0.07511142816107769
763,-0.002386095197476734,-0.0019913330191585477,0.07942990975184122
764,-0.004471858035416998,0.018581052859977354,0.05254007229502716
765,0.008196526916472546,0.04372554020105324,0.03065899517361792
766,-0.017584009489573504,-0.03011179883127213,0.09089388859398495
767,-0.007657249033029778,-0.0005606717951411877,0.09556177862586494
768,-0.007751091128703591,0.010341367133327783,0.09672206038791137
769,0.007397148382390084,0.030223398879674956,0.03555976482158524
770,0.02585468049676387,0.06710699531016062,0.11251504652009664
771,0.018368708747333817,0.07291141424024994,0.03817840651269466
772,-0.017654055174604277,-0.021973970338746707,0.07391233050881801
773,-0.007323915893790389,0.020113392782058925,0.05160401834541539
774,-0.03514868736275012,-0.05251864514418658,0.1131239712313657
775,0.012976824469449644,0.037217721642518575,0.010870044320112293
776,-0.02350857004896212,-0.04174478399396131,0.11380063247243485
777,0.028580908280546602,0.0654740296974834,0.049958207494923135
778,-0.0036438280182015115,-0.0126927693832386,0.05850194741950371
779,-0.01270121962107068,-0.020146685014244547,0.05554745546241824
780,-0.02688001738054835,-0.027713835439607815,0.157347630734114
781,-0.006252179321247664,-0.03991092117806749,0.1343038108927605
782,-0.022555772838974586,-0.03922194103522458,0.06970294258442994
783,-0.018361721703246958,-0.02158949101464258,0.08757593296001032
784,0.010864346783489465,0.047927967327310916,0.014127829686653937
785,-0.021672540159469178,-0.03227411343252762,0.07162543627130241
786,-0.005489681884516373,-0.008378669059259769,0.11162507738613375
787,-0.008443341112780445,-0.005629588087594839,0.032140924663530634
788,-0.008289296869931406,-0.008364903522413925,0.08991810805701
789,-0.042568795288817185,-0.06800587099332966,0.13329902093780266
790,0.02156954291953711,0.06133736747911045,0.0663480078074613
791,-0.023461932262005103,0.00047067759192165326,0.1017292463345722
792,0.007737257576531098,0.029605958747323524,0.14823551328297568
793,-0.010661207126217875,0.000258645648187783,0.09463441090495373
794,0.006945834470815704,0.05561806689268134,0.03120116208359225
795,0.019580934578334097,0.06737678776222245,0.07113967797722687
796,-0.0003962286871009302,0.011171954361951286,0.07267643983241046
797,-0.010351337512266023,-0.025220686757335464,0.03921762255603811
798,-0.0035227008600187126,0.02512018957355988,0.07366316641311599
799,0.013480592104621048,0.030149968627442014,0.04767833362693602
800,0.010999725481545042,0.030878070782599853,0.1172861571373586
801,0.08674675396962744,0.20160823376839154,0.07522216910157636
802,-0.0049403650443011204,-0.021574691514457234,0.06623790026414994
803,-0.0009588245167311826,0.008309968113218269,0.13012479757031423
804,0.017659530494296694,0.04432781263414942,0.09586324437997246
805,-0.04671541972400928,-0.08070270775077226,0.2197648248525475
806,-0.02627385081733552,-0.03110549233763915,0.10987020286387134
807,-0.0018760803273210613,0.017144981276633442,0.0715957535957133
808,-0.01482176992038664,-0.029857402064298877,0.09971063163038513
809,-0.020031625212859838,-0.01123027898063178,0.10727182364582852
810,0.05051737677950163,0.10014777063357438,0.050642466533952324
811,0.02276013709643132,0.03958870773706602,0.12473672653517037
812,-0.029974855098151898,-0.053608278167443735,0.12716267004758167
813,0.011218050271517621,0.035251467385823854,0.0326380511237489
814,0.05922329417009248,0.13305554724501545,0.0524403167301285
815,0.015805269209787975,0.026240300989982535,0.025925243000312626
816,0.01599259227417249,0.056261587145220004,0.06652141111645105
817,-0.012481573368229137,-0.02474815682454301,0.08025270577360061
818,0.001059498653879054,0.012545043458701555,0.07679555065736465
819,-0.01747092127913097,-0.014826899603291754,0.17875850721191983
820,-0.022910651718690833,-0.022178772664789514,0.04334279629946375
821,-0.029862335787533834,-0.04411975444128502,0.12412594965049223
822,0.040479983434600575,0.1264198478075067,0.028226353123514125
823,-0.006006962310120878,0.011374075113401938,0.05858526854930368
824,-0.01320190338400773,-0.0006806908461227668,0.09208017666354851
825,0.011463086202126216,0.018726199987342373,0.07123624663550981
826,0.0032778738745667946,0.024711085818168277,0.03804042374774125
827,-0.010438021638283557,-0.0180144553610031,0.1456424799558329
828,-0.02522058092838042,-0.04032336555802518,0.0872255653986101
829,-0.020102253198416964,-0.0025526340890323906,0.10000188579661051
830,0.032728370335276424,0.09616847631580305,0.08669946074307011
831,-0.030733647427858057,-0.06504071479474571,0.14317611823686033
832,-0.009238886742304442,-0.00876210803242583,0.15048681076533393
833,0.0015951311490561282,0.027739620928539988,0.042305130772934574
834,-0.012376422740095872,-0.0035561826716876688,0.08223836587748173
835,0.020619699108383016,0.04821105972091699,0.08675169833283114
836,0.014914163936554536,0.03283214334543372,0.08706535207232585
837,0.0002675453967215802,0.02674705512013409,0.06377215833514599
838,-0.03009888935223648,-0.03397893629743831,0.16438386011763428
839,-0.03166540224830522,-0.04587311017888107,0.15335507142286117
840,0.015052825746737608,0.0450483556004605,0.098418036117214
841,-0.014252556106429282,-0.03248134985113926,0.08046425283733744
842,-0.014208496363031564,-0.016108552037473856,0.029997200714249495
843,0.01158272504001856,0.015200828145796152,0.0598499151648495
844,-0.030482828490869085,-0.024689735357842912,0.0674225596753365
845,0.05225854420635895,0.1400710714308402,0.010044886013531151
846,0.009350404693944825,0.020138827631448364,0.07367881311729885
847,0.052906398464452,0.125118271984186,0.03698089394005122
848,0.0233202634968247,0.09030695570766378,-0.014801349227249017
849,0.0005923357765478809,-0.0023372314449104925,0.11850360429167411
850,-0.004751696337957967,-0.0032043594997088753,0.01948002755758893
851,-0.026698126039392978,-0.038189134209791864,0.12839994300523472
852,0.028428013241104888,0.08277925413607512,0.025824237466304523
853,0.013483324654614104,0.02607533625632441,0.055901490060247666
854,0.01553539286647021,0.009659183579687425,0.10923639287103659
855,0.07207862429161033,0.16946020957816033,0.03640337033446828
856,0.03257897526819231,0.05896258459015191,0.11457834573153541
857,0.0005246833671312401,-0.000754971044428232,-0.011949878886510779
858,0.0006914743982092686,-0.01631958412719403,0.07114604979761419
859,-0.04432363009218154,-0.059660575250522374,0.16357393641612522
860,-0.02042600918786691,-0.04094495569413237,0.13876844705067842
861,0.0015151836741708058,-0.018775933725588057,0.05297314200590275
862,0.004501929003131011,-0.023675933697674845,0.023426124780009272
863,-0.0072142789860880074,0.01235191241442668,0.06578634533271532
864,0.03115294153449466,0.08128650222756173,0.06976986943188795
865,-0.02929827394651252,-0.050754460230637566,0.14678166279365554
866,0.0040831229226027665,0.022873275306702467,0.06778037198758441
867,-0.005372426354073867,0.009129416351392194,0.08906230849045421
868,-0.00416680294235755,0.017064623267257217,0.09137954216688865
869,0.06459345851362364,0.14343676010639916,0.06662650324669392
870,-0.04128761329932129,-0.04118630682648827,0.08577408402551351
871,0.03598581754863306,0.07994104515108691,0.009845330565403376
872,-0.008302030513924474,-0.028153316038820653,0.03820047231901469
873,0.03916069360155483,0.08724617544916291,0.027652171695646877
874,0.0029811848883943837,0.03390077931614632,0.13654151843410117
875,0.01578716251201484,0.028237457623039197,0.016382186768013673
876,-0.01486051970065383,-0.011251119702311851,0.13468157448545495
877,0.02418388690679918,0.0752842835864701,0.010201536859575255
878,-0.010711007293897845,0.002312622303441758,0.14943383494096568
879,0.004848042804250108,0.020658671128504058,0.04752804504018798
880,0.006610571773641216,0.009534421515767999,0.0703316146854715
881,-0.01810845072026601,-0.0447763130020834,0.12294613849460848
882,0.010741123160542543,0.01628577036050638,0.11446046422966016
883,0.008605298091624747,0.03604343567388879,0.09101982790999816
884,-0.03641926391378347,-0.05324428879142895,0.14701654578821313
885,0.016974851097998678,0.05284047750398113,0.0701298232187964
886,0.010699465779303197,0.061764965761187174,0.036371713840129494
887,-0.004598961567886917,0.02050939600133539,0.192988550497972
888,-0.025080999186233077,-0.05659445640283689,0.11553628437683638
889,-0.02363777736525985,-0.021368034636329525,0.16076416124560902
890,0.0014517293126701247,-0.010022517355132265,-0.00016106507947177828
891,0.006625364748408968,0.020473895605968573,0.05401563933595688
892,-0.011514307297798343,-0.011275817296243495,0.14163732186602163
893,-0.002833488170936649,-0.003930911867446096,0.09299588376803958
894,-0.043064131177125375,-0.062777425562341,0.16664567002019307
895,0.010742818471693782,0.04859156605482984,0.0762794401836836
896,0.01241263421490263,0.04135181126974319,-0.025730661936700427
897,0.02966648983925607,0.06894684656910577,0.049703381616079484
898,0.06887732142486691,0.15285700975685312,0.009726561831388814
899,0.012274497174949994,0.017336306233360133,0.04727694418387146
900,-0.0012311755708982464,-0.01440869785850285,0.04631969556290361
901,-0.016352292735816176,-0.029951753355357713,0.07388665356550772
902,0.002970473393334172,0.028840585990803747,0.06875692249420257
903,-0.02693256618713924,-0.04097349065570233,0.10854407640675384
904,-0.0029625569614872838,-0.0015715470432131617,0.11204571696905608
905,0.021584558094446704,0.037132467139458836,0.026850656686812663
906,0.011783174613818281,0.05069912743661342,0.08434303576201452
907,-0.02011269147585626,-0.03711999572037317,0.10320358602546925
908,-0.019812536382145862,-0.031137628457237332,0.0718334358223926
909,0.020174803722120327,0.058930860218723735,0.05432321549378227
910,0.02431789822161362,0.04799720729358736,0.04817667452129798
911,0.011930885783268619,0.025442261913121156,0.07173651843642914
912,-0.012169185300480612,0.007479136255649221,0.09566168809665482
913,0.004934003956656885,0.013308079203002143,0.1197505237871822
914,0.030134108101159518,0.07021055718177205,-0.0074162711399285985
915,-0.028976302683815403,-0.060552130154653994,0.1552833406095514
916,-0.017693790055112735,-0.03817588553659801,0.09374002800030756
917,0.016209576404978276,0.02273997646373027,0.1265005868654071
918,0.007124127199487074,0.035600981350403016,-0.0021001593698149468
919,-0.03155697782552647,-0.051976966239938194,0.15221824490914648
920,-0.027410940702090714,-0.039154744977204614,0.09678203968479143
921,0.007626588101210086,0.012230323533933496,0.044597307101231026
922,-0.02689811273665943,-0.0441285463511335,0.0820260811603083
923,0.0009329284304438468,0.006054727519472669,0.0903495066580775
924,0.05066178162363821,0.12264620298059836,0.04915480183675863
925,0.015708696886361728,0.04258475053576072,0.10407379941731598
926,-0.031029612854277577,-0.028960750587521455,0.19717900898692609
927,-0.023567469626338156,-0.04144023920048412,0.09739430502030344
928,0.04994597228404879,0.12449697854277497,0.15253667589611428
929,-0.016127223904366494,-0.027693582714633846,0.06468811954054371
930,0.013592928681175231,0.04069331103531204,0.029298825462329425
931,-0.01221882441876887,-0.023122658239413285,0.08280542803143953
932,0.007837505131218003,0.005304762154002329,-0.014288942476672783
933,-0.0029734991044491066,-0.0005107105022846836,0.1336416636231686
934,0.0007521730360310341,0.019488400742360246,0.11609427453662546
935,0.012912360935434797,0.04995553932323138,0.11490500252105373
936,0.015694293928497305,0.0388367777962475,0.020352864737099186
937,0.07286954260552403,0.18774720791122768,0.05100093419861362
938,-0.016358369279087237,-0.007119650064065897,0.12574439198381462
939,-0.007322327075478474,-0.015128811510923934,0.0487267090835308
940,0.03926910434198966,0.09016022804830603,0.042414871999614634
941,-0.002508066628697625,-0.013073937058301177,0.033704141632477425
942,-0.041341512193271424,-0.06062270828617755,0.13067234367726488
943,0.00565794862893193,0.037058731054304794,0.036826563934600265
944,-0.013993583248406105,-0.009780006060443491,0.013026409198742206
945,-0.02260733645275298,-0.0434157030794069,0.11033841541612033
946,-0.015530400239727737,-0.01090286564311349,0.08832794399236726
947,0.006156002299682661,0.0005608202954100472,0.09334532060419692
948,-0.0009813030359405728,0.01697984445478906,0.0628968868309504
949,0.03459122703580103,0.05675097323301492,0.036138810204123906
950,0.004752640508824402,0.03533196208137135,0.09049870811596883
951,0.005523939103471043,0.010040712741945956,0.09952542183249213
952,0.011675692286756134,0.021320080669895547,0.06647110580688909
953,-0.005078501486484199,0.0031725056949497565,0.11970650046300618
954,0.022262036801815044,0.054608629030187594,0.014090626977380338
955,-0.019850801243318117,-0.05554036681444163,0.18498209487260533
956,-0.02324988865316291,-0.03305559001686864,0.08904532592089737
957,-0.004245258969223342,0.0059820223480924195,0.09075601453043736
958,-0.0113490693963324,-0.010635060646477568,0.026589618492698863
959,0.0033215880493511207,0.035875083225330395,0.019895015425333562
960,-0.0076481450523409045,-0.011111772583154877,0.09313040641075088
961,0.026654159235423358,0.05863573217579421,0.012565399708922731
962,-0.0033285514499846736,-0.022018105795897358,0.05728130899914857
963,0.06675556321744947,0.12864934649803872,0.030641723414273014
964,0.004962556307365307,0.03436303158723153,0.03152568719558663
965,-0.015784612768301842,-0.02858605747572185,0.0601487309316025
966,-0.012113946166026568,-0.028049910293965752,0.06520529498975342
967,-0.004369767699649696,-0.0021246118219504506,0.018633668592500208
968,0.006570735778733461,0.022244202167921334,0.03920031901560023
969,-0.019094053954968326,-0.011933366674369394,0.1262188807883765
970,-0.02037084290135982,-0.04482294675434062,0.098148741978541
971,0.02185361916568851,0.05550344485593328,0.07060719511955588
972,0.004141780294793396,0.03997583717168607,0.10666717960071606
973,-0.003255653003552683,0.010317490854147682,0.07394566671429625
974,0.003824852752102703,0.008001533332506527,-0.027990280107672183
975,-0.021392769085735508,-0.028834491799981543,0.10771347971932765
976,-0.027674240345615164,-0.04042180074966217,0.08241106649312843
977,-0.0066153096199233485,-0.017038833822986876,0.07007913348550676
978,-0.0037605865510754732,0.001108548295573053,0.10103073551418512
979,-0.022661717844880247,-0.022710693115816527,0.09268074325515
980,-0.02436279750734771,-0.029920646160189412,0.1060236139527801
981,-0.008788291486897637,-0.019755696927267974,0.031674673515078966
982,0.06398227397020445,0.14979864254233644,-0.022795600155288254
983,0.027528847148474145,0.05001211187595078,0.07130970815368559
984,-0.04648573902211928,-0.058901802036635975,0.14843728659225047
985,0.010599402011719605,0.047884113864805844,0.11540763442566837
986,-0.00021939879468801937,0.003013837391262486,0.09601981258705905
987,0.02656074928995722,0.07357410463080194,0.0405440020488638
988,0.0157779411718727,0.05169635287977936,0.08942489413540813
989,-0.02819978138059126,-0.026993269140518694,0.06511864940201267
990,0.004228640565030917,0.010852091159068045,0.05841657578841841
991,-0.0191127759927458,-0.04008280128840758,0.11747303161680722
992,0.0027725025151367766,0.01815555607159791,0.11163483172783034
993,0.010436361888435886,0.023164852158620297,0.032016587486098924
994,-0.0013366804194525628,0.01659959650811127,0.05576885886861127
995,0.03588045353586816,0.08053318692127653,0.06992003013686326
996,-0.005156565246984879,0.023811742595913343,0.1424901808761453
997,0.02859968455313877,0.061928247018780636,0.12076582370868727
998,-0.0003739950809837911,-0.01956207599271076,0.028834226264525364
999,0.011414767595653741,0.034894992427222826,0.07122888777704278
1000,-0.016364520150362494,-0.02478066159547787,0.04136549114254756
1001,-0.03074565510922872,-0.047802259032572514,0.13801678761703245
1002,-0.013454364958203235,-0.018008142288666873,0.03596490338197866
1003,-0.010042418607655368,-0.0179651974503493,0.07899384058351766
1004,-0.013342545824545138,-0.028190825659110907,0.08844211127019874
1005,0.00867056255028753,0.029814471323803438,0.10012414765922048
1006,0.009817383435875404,0.026099695291047165,0.010691822505427828
1007,0.0387763038894392,0.0642544686758264,0.013442346913156766
1008,-0.013899553224751282,0.004815021749358994,0.05480282033183387
1009,-0.023068762428710754,-0.04649520955516373,0.10958040518760775
1010,-0.013243239034666399,-0.031008203068577767,0.08014119302825895
1011,0.006202745860413139,0.029869136398000706,0.04310114372662671
1012,0.021494368551448095,0.039148044613393274,0.011971713242785564
1013,-0.012583946299259907,-0.026550924961928568,0.05149185136598233
1014,-0.010817113550699142,-0.004164108407986533,0.12593469948104963
1015,-0.023695415157385435,-0.03931275567855885,0.0645983823944265
1016,0.017451170811054573,0.04154029089893252,0.11091978583085287
1017,0.00283606097346617,0.026389273700485272,0.04452343220631072
1018,-0.01353959860968057,-0.0017422875630855872,0.07897149889184824
1019,0.030378037805938063,0.07156455546184937,0.011807201112001758
1020,-0.0016911963083814374,0.015049123169792455,0.12422894450334943
1021,-0.028735328392945347,-0.03840848306207112,0.18849717627379878
1022,0.014395162962436259,0.020896188407119598,0.02060910480580619
1023,0.002129773320525774,0.014055589458918605,0.0766042927013951
1024,-0.003993686224996185,-0.006370170064514791,0.0443927369145416
1025,-0.0074715494469333454,-0.007204079870487212,0.09487744915894625
1026,0.024300542193406716,0.06260868000767472,-0.00025825964567494086
1027,-0.0016195315474906713,0.007893003397314247,0.08930110271743691
1028,-0.033937958089416576,-0.058033514821404286,0.19372389901579523
1029,-0.010384568292157503,-0.02186561355721417,0.06435106341111635
1030,-0.003009397103768574,-0.013773522391749005,0.01519138568919276
1031,0.041194960827044214,0.10252900404549137,0.06683347865095962
1032,0.009654758968522081,0.05291174095116624,0.06973824009582824
1033,-0.015493849043373253,-0.014273243966317017,0.017958908027585485
1034,-0.02327429681226506,-0.02620725483802122,0.09261806564094621
1035,0.02645630344570632,0.0596264098273136,0.07297708273673228
1036,-0.005328352576516093,-0.01531196250248057,0.08530499572161898
1037,0.02268680234185627,0.07177210464524952,0.032425710318827905
1038,-0.007204231844073428,-0.0029040520893960364,0.13003642965705042
1039,0.007947888623351385,-0.003749081200624338,0.07590988295300466
1040,-0.011557816382043895,-0.02241332174815236,0.046870039131382546
1041,0.0041958414964416435,0.03854515290240168,0.02542407500130489
1042,-0.0021872168702883332,0.007455436524299364,0.10597036457066455
1043,-0.013392732307228261,-0.024493321010713776,0.02109864839865805
1044,-0.00748787136757334,0.009299646908044967,0.06462543595732978
1045,0.0012044501469258284,0.014504548410944063,0.04555328220069843
1046,0.016229567073809237,0.04676046985422866,0.1056193708382045
1047,0.042933447230193544,0.09321327541623137,0.06826423990536065
1048,0.04235110755482052,0.11056114108832826,0.12075086680214447
1049,0.009691178740031225,0.0045437796772507255,0.09896562996197888
1050,-0.046324085532111925,-0.07702811696124379,0.18252030736859337
1051,-0.012004530381786727,0.02466463193745916,0.002878306464685565
1052,-0.005699924868227735,0.005541645066188705,0.13150960102854087
1053,0.003116276636452475,0.026372317757523467,0.05824684732057328
1054,-0.00439621768213605,0.0008440701612670853,0.06993771382816577
1055,-0.011123248522131202,0.03572247955130681,0.09129167653768083
1056,0.012009254680151238,0.06687221595513848,0.05672812025775087
1057,0.0006936520003484326,0.015243682416488324,0.09036250993900258
1058,-0.02023088732750633,-0.02605947907739803,0.065632964776913
1059,0.01031285781431257,0.0343279009848243,0.10548806312897652
1060,0.01432704982232752,0.049515543223746517,0.017866221016060113
1061,0.01789478419111079,0.050601251259741464,0.022405221385060126
1062,-0.00755943488304861,-0.013476417223754034,0.060776921998616035
1063,-0.008047891699923038,-0.02137719835838847,0.07930076311180428
1064,0.0013815361465879805,0.0016515410541189102,0.09782353755395262
1065,0.0033383305688234888,0.011755300782957723,0.04829932234459289
1066,-0.032586337613121796,-0.04531751743146906,0.13296591288188583
1067,0.01938614926307458,0.048474392702639535,0.027776733405452225
1068,0.02378384282525914,0.04722972426477712,0.06028791910272485
1069,-0.02895147938207432,-0.040467709261894136,0.11509081542775412
1070,0.008852253259406917,0.024343698658036872,0.1136923453260743
1071,0.0051974737862249265,0.02912400660769665,0.059261781440611866
1072,-0.0031305851814839025,0.014727406713451852,0.06540930798991734
1073,-0.0031744912877135767,0.015434894333412608,0.09188341765410268
1074,-0.047277946907758994,-0.0593599382600416,0.15171929396816014
1075,0.03452866195421911,0.07660253440418441,0.03851991157169299
1076,-0.03724543115064144,-0.04608975069798993,0.10106963857977996
1077,-0.02065389177779553,-0.02321155218401627,0.06175919127418483
1078,-0.01817691545395489,-0.021373684888530198,0.10847550900427216
1079,0.022910314422009193,0.042466234043716966,0.1439975183249396
1080,-0.0023009074402747798,0.01075003232065641,0.044985121615573165
1081,0.0026058475448265672,0.013813780020496491,0.08058757773243624
1082,-0.01647094982042896,-0.02870529034242264,0.12949161254699637
1083,-0.023126403050560296,-0.02708979965782976,0.05140422932272243
1084,-0.009669739434044866,0.003260073942438879,0.07032093931529293
1085,0.00017163313519330536,0.022542503271961944,0.0440667560075137
1086,0.052013442580466696,0.11770901823703939,0.044517030308942884
1087,-0.01730441725760684,-0.031055152134054964,0.06892716510801189
1088,0.034818595212938286,0.06465061280537276,0.06077711824895454
1089,0.04888976552262758,0.10781470973979801,0.041034816786714834
1090,0.011752720842532094,0.03793134801413034,0.08428511332220318
1091,-0.014178133146612648,-0.0017002416674269938,0.08706115784662638
1092,0.025581336233717833,0.06871618758925702,0.10067122555724622
1093,0.0288965868418129,0.06412850430478723,0.03493133635145923
1094,0.006356584984413938,0.017554993606314295,0.06250030650284805
1095,-0.031581934080085416,-0.053011304921903646,0.1392906730049931
1096,-0.01269265073700554,0.005828339593093146,0.0741700075714039
1097,0.003979926781989607,-0.007661373433572538,0.014604452801106949
1098,0.010529009577357251,0.06658334617126771,0.0797135609170338
1099,0.015116860390051057,0.03271064503561627,0.03814792761160635
1100,0.07466439635005984,0.16888299477850632,-0.01787458878476228
1101,0.010105205859135935,0.034276292775244355,0.020956069443306025
1102,-0.005963162121609189,-0.011147253941799606,0.12811676584977244
1103,0.007178587737109221,0.02431681537047503,0.02666664990572687
1104,0.010982964020664898,0.06081696328262287,0.0597814259882426
1105,-0.016073118529463692,-0.0006362202734812028,0.20229985439086226
1106,0.006188653311726133,0.03227833164420846,0.05058799918833584
1107,0.019001787095070388,0.053654318948363144,0.04378078978606931
1108,-0.009742691613574328,-0.012933229591860051,0.023285677986122744
1109,-0.010098806279660921,-0.0235637691405729,0.05724299576087072
1110,0.05979423800222411,0.12331283115960523,-0.0297528014335815
1111,0.010576168561442834,0.009332073985433897,0.08315766173756298
1112,-0.00659107459784819,0.007834222417415493,0.0727535008956059
1113,-0.005714955948571077,0.00018295886301455955,0.18200015674093334
1114,-0.010826742346332852,-0.01159074473231081,0.03215402943945489
1115,0.05140310530763459,0.14100524933406422,0.00946816195981598
1116,-0.019366531284305655,-0.00815663687678747,0.1140605273436116
1117,-0.010961897661578401,-0.022177355162962376,0.047050476751013814
1118,0.0009316988699005213,0.01950728480678743,0.15006241618292462
1119,0.004693231462477854,0.027904641774810668,0.02193162597289261
1120,-0.012264006881160028,-0.04146761536972732,0.09063998906871645
1121,0.014454694243862476,0.04536588632305505,0.08569033387217428
1122,0.009077418549616023,0.035360256995696226,0.038394705623366054
1123,-0.04111235707172556,-0.0659253503754823,0.1449654142846403
1124,0.002604816696367196,0.01284605226726232,0.12725640390795107
1125,0.028517912020833203,0.05005014846077993,0.1541821708712802
1126,-0.009046906418846978,0.009549490400020955,0.0833652115178064
1127,0.0282284757656579,0.08264977432838094,-0.0056771479216074505
1128,0.045645995538876494,0.08877381558850328,0.05841200833638255
1129,-0.008552070909717324,-0.01348301525551271,0.049591930542143114
1130,-0.02905211043441902,-0.05753009316289148,0.14454965754977828
1131,-0.02483342836645508,-0.03708534232435989,0.10274464647554904
1132,0.03814698937324429,0.06614456120793222,0.03559581323978672
1133,-0.016556183172305894,-0.031734882528645536,0.11591295787597305
1134,0.012455964722046908,0.020303312336662493,0.07053088051725115
1135,-0.000849711418479393,-0.003240218480247359,0.061357719031389035
1136,0.0031027675836588497,0.028553597595796898,0.044089884578589256
1137,0.010371448476601264,0.02708320945478937,0.05787345387699125
1138,0.013188275185443188,0.0736277892038828,0.02637497962173385
1139,0.00730603555407594,0.043795554368383005,0.11361842829954344
1140,0.0077709388929936285,0.013477174496083766,0.06841686980550765
1141,0.021542298742616872,0.04249675412792575,0.04189391193464595
1142,0.01831300059426133,0.028060375644788582,0.062189285686924445
1143,-0.005768302431643613,0.012773672921489121,0.05309332103580078
1144,-0.024343756877205636,-0.0431321215989815,0.08165694137022039
1145,-0.0313832669437904,-0.05524760558707431,0.13837841165515563
1146,0.007353554239015847,0.010329354129065549,0.08612101942193673
1147,0.030017006300236904,0.06753700643195881,0.05391839577180241
1148,-0.008772049879196553,8.664006887137976e-05,0.11948469444135787
1149,-0.013689662707053074,-0.025073578896028237,0.10628030067928362
1150,-0.028929819377328192,-0.02818385431038739,0.05839603390928
1151,0.07022602893043606,0.14828170875510016,0.04150861721671251
1152,-0.0008373660281336681,0.02693383577846853,0.04672838518890721
1153,-0.024583282498358672,-0.026182831345285096,0.06667954639750973
1154,-0.025778009862681917,-0.043431949009492765,0.10126327653702338
1155,-0.01196712782808268,-0.008602020988790593,0.037032217062712536
1156,-0.011178258322469214,-0.03152020301777325,0.08220851397116152
1157,0.006574685206946873,0.02206489491834107,0.0810557377279435
1158,-0.004852284685496477,-0.0025544778147632563,0.1249547677288883
1159,-0.025737070665390882,-0.04221932817185903,0.13181756655134858
1160,-0.039518718684893706,-0.03746213701603407,0.09072440726582959
1161,-0.005415751383952672,-0.015768475738481502,0.043027012197408426
1162,-0.01538595501561435,-0.017223308051017905,0.10691088960909581
1163,0.03396578648940851,0.08114860438204863,0.014720275969600072
1164,-0.021073574827752184,0.0018362724345675208,0.15753836280703432
1165,-0.009458530264330967,-0.02540720612832348,0.0473552620703129
1166,0.00123648072501098,-0.011917424504920837,0.11693023944142802
1167,-0.04853819627286171,-0.061113854331717676,0.1524576752342129
1168,0.0018251247865800346,0.009646146028960967,0.10448674029433586
1169,-0.01608721386968276,-0.025481498940621794,0.07293058291970367
1170,-0.011383426940179964,-0.011604072440519975,0.049506762909604596
1171,-0.015454198535613972,-0.0203864766445655,0.046669623832624296
1172,-0.032193793959570005,-0.04352934625237892,0.11443959144088373
1173,-0.01095969495993332,-0.012840188795715135,0.14346707278821502
1174,-0.017524742043275643,-0.014490359739625314,0.012517405869486797
1175,0.016304380555590803,0.03482160204033424,0.1676746003177348
1176,0.0020786727158421114,0.02770452382809807,0.04372987280166446
1177,0.01951865055556884,0.037083376276615065,0.007495444964210285
1178,-0.034034246655459954,-0.059422138346368336,0.16487747609601017
1179,-0.030768828669840154,-0.04159532689346601,0.11482824690706589
1180,0.004371572707822513,0.02561507131034979,0.15528406862195238
1181,-0.027802347231459523,-0.05299693542335682,0.14728213972293874
1182,0.0241847311145148,0.060675338267164425,0.06848800000242505
1183,0.06250278336688497,0.15955891670602718,0.019087750866384645
1184,-0.017909328547588643,-0.026627697622752744,0.031993755497370435
1185,-0.023200352028557525,-0.010412326618536971,0.12456090812316611
1186,-0.00015409679372568874,0.01761215082073453,0.0472399252284848
1187,-0.010961605370545913,-0.01604848306825135,0.07832285971806102
1188,0.012675844800658032,0.047605179501438166,0.1294056701160006
1189,-0.0007454320622850563,0.011347018671946763,0.08692264280472248
1190,-3.637708311277077e-05,-0.0003025008476108537,0.10578275213128008
1191,-0.01394167042344474,-0.00048866718206797,0.11662514390150608
1192,-0.0202034409622438,-0.04366730170308808,0.10357527583417181
1193,-0.03012122801519862,-0.036719576507039164,0.08335188984221514
1194,0.025510243178014202,0.06388392909639529,0.1386478558944019
1195,-0.008086824460869169,0.012112530539497568,0.11526817985614342
1196,0.009626197979709816,0.03492930893644519,0.03037585353833666
1197,-0.0190975010519443,-0.029916013083299164,0.0765511546476429
1198,0.010142939324866596,0.03923402839764756,0.012017219931250378
1199,-0.02973312351379831,-0.04885265928804383,0.12499426339655739
1200,-0.022726951712890575,-0.0281926456245577,0.036717317331065424
1201,0.012120195395814992,0.04274941934760734,0.048194487534601094
1202,-0.012281717014654414,-0.021478164893751206,0.05160954973136467
1203,-0.007362375078268646,-0.023146672347148622,0.058959661463923924
1204,-0.006133352379854573,-0.0036276476722951756,0.00419506731267244
1205,0.010007261721135141,0.044318757945475795,0.09966729863415358
1206,-0.007402515970515111,-0.026280433092205402,0.06654071976481374
1207,-0.027292725336927615,-0.04315119568340264,0.05886654544481801
1208,0.05860789053150223,0.13008763597319561,0.0219765678640165
1209,-0.008824061526631566,0.013209017139398482,0.07614946494621555
1210,0.005881683796238879,-0.007795431998413704,0.05481751128077822
1211,0.02648656026722407,0.08207397574226527,0.007502073744407589
1212,-0.00810779307530518,-0.015020662063403134,0.04249033201539082
1213,-0.008807795918855166,0.011449528715616109,0.14298656493057194
1214,0.003511089028055636,-0.007650800409826686,0.028610886896741627
1215,0.031373159541918216,0.081744828970168,0.028975636608958855
1216,0.0033753976968559085,0.030954155052682175,0.017708096952026908
1217,0.0189895026769466,0.043222540698888756,0.011583122108477423
1218,-0.004283446631011878,-0.01394213166479974,0.020613530920934375
1219,0.012206171885366879,0.026306705876458336,0.08008731005938902
1220,0.0805791542065532,0.15875526734577827,0.049133451708618325
1221,-0.0019561914232398836,0.024898943457636435,0.0227733474312799
1222,-0.022759702602487886,-0.030337481168376534,0.07756237053865786
1223,0.016691570720316073,0.043279450608254666,0.0958022573610135
1224,-0.009397768450207067,-0.02213306502961876,0.043956826751342465
1225,-0.019938998309525613,-0.013857390790115054,0.11931674334954503
1226,0.007243922606946396,0.017509697955144232,0.03769309521663794
1227,0.04046810287346225,0.09183844092469684,-0.009841244434823315
1228,-0.03520984173400066,-0.04228381229324718,0.09432586519766312
1229,-0.00292488216200093,-0.01680786173504567,0.04686245201758499
1230,0.016244432699498268,0.033083702928783265,0.036018799063783635
1231,0.024432810480480627,0.06226580038000662,0.02262564505854897
1232,-0.022454922733776805,-0.04473032010311084,0.09779541794364499
1233,0.0028563207209433283,0.02571855572687698,0.06945615075433254
1234,-0.00330157218046101,0.02100058902330848,0.05606852047858735
1235,0.0102693289285552,0.04485851275737951,0.00912236601267774
1236,0.05444963632285266,0.14035068144346807,0.0792436557376236
1237,0.021685110047099776,0.016903416071839872,0.0657907724887212
1238,0.024624521090679807,0.03792647603050914,0.12776649032065962
1239,-0.01658198160139801,-0.024784112659248403,0.06122096134799082
1240,-0.02625714933298312,-0.039268604965251974,0.08437238974335987
1241,-0.011890189974859688,-0.01309828242242983,0.06644266005981275
1242,0.07881042998582033,0.14579802106444173,0.08479511784242252
1243,-0.0029942370576945265,-0.00290930770916098,0.024956539856780702
1244,-0.03578688969130073,-0.02014729891956113,0.1137334250278681
1245,-0.004553696037616517,0.010460959761714572,0.11437086759145867
1246,0.05632766728213118,0.12988062675695644,0.05383942111657508
1247,0.06072532939600944,0.08637126969680897,0.05293036391682093
1248,-0.0080431828891393,-0.01735646253089007,0.013097175093794045
1249,0.019009331029779086,0.032702971591200725,-0.038961428602184656
1250,0.039423678291898245,0.10571432661809221,0.0876108299920379
1251,-0.00048726155222139633,0.0029936654371945925,0.07654882126584484
1252,0.023716739528557462,0.07917390615848308,0.028103649974007994
1253,-0.030994547819364504,-0.03912106373938096,0.12333104918749802
1254,0.015433802111319117,0.04011669263149842,0.037254282210661016
1255,0.0015800292093025026,0.015494482871011073,0.049274464038892074
1256,-0.009634982387651259,-0.014593308741349897,0.042163794882485006
1257,0.017380289729437948,0.04849324681441247,0.12838223216034883
1258,0.022311538980962276,0.056112780637843085,0.029893138140614617
1259,-0.02385625372783906,-0.0016508746224509485,0.08092088731853028
1260,0.0008826797073892001,0.026835916964617956,0.08687908341288286
1261,-0.01976188098791798,-0.043313848860402904,0.19976775440631317
1262,-0.008428333238756136,-0.009290657158216642,0.004340380677564815
1263,-0.041718809739099305,-0.057892959560239765,0.11921225717192785
1264,0.02256941246496419,0.057202065915742506,0.03901311752176723
1265,-0.023726284403369213,-0.04399836479761121,0.13600226054817574
1266,-0.0028956508467510855,0.01646830446274372,0.058170457209766324
1267,-0.04972985581559802,-0.07148168946253897,0.17252694652809883
1268,0.0004268678558652095,0.007976989733588846,0.07878403238691234
1269,-0.022377866488928255,-0.018963613428509385,0.11919208801955161
1270,-0.01079566723494274,-0.021298486461694632,0.07758312963117975
1271,-0.003053100709270229,0.002500169188263457,0.1057972366147372
1272,0.00899212925718429,0.02792946954580433,0.09542677318526815
1273,-0.015598235561437523,-0.03113244579840968,0.039361467646715165
1274,0.04056777610945228,0.08355715252510965,0.07943527574748149
1275,0.03523460771789222,0.09433029399684167,0.07776304556789598
1276,0.0035807695170496645,0.01589415399557137,0.006538153899909638
1277,-0.009499244727326217,0.009857191870295101,0.0953794995715273
1278,0.005084497055020565,0.0041223307740619886,0.019757278765238223
1279,0.01538482192207724,0.020079748265180664,0.0328455421632633
1280,0.007115132245818112,0.02689158998718144,0.049551160291270435
1281,0.01637922679204762,0.06290970796882589,0.14413096322717783
1282,-0.025577667828405537,-0.04909193446305293,0.09467723024718916
1283,0.015703398886833753,0.05657659427587447,0.04663395356431249
1284,0.0009182745683053439,0.022068189034253005,0.06594235872906115
1285,-0.04264312379124402,-0.048047015028532813,0.10136001894142371
1286,-0.03399655334452778,-0.06573884231862337,0.1796714420170943
1287,-0.0314026689611665,-0.05320644894049531,0.12394095745667066
1288,-0.013841345329065113,-0.04463631824933012,0.12347596981884118
1289,-0.03785659773734762,-0.0496603095290683,0.11049272411768585
1290,0.0034959982951299207,-0.003774028210325131,0.012664518256549406
1291,-0.04063399737583606,-0.05094049119816457,0.15391060650811011
1292,-0.010051377969204744,0.004912316857571208,0.10898255981868332
1293,0.008100520517221876,0.026560987915561718,0.047703668450809644
1294,0.0265893597467437,0.0764253429090358,0.012178638443146761
1295,0.002307178402724319,0.01310388572951382,0.07941233303089845
1296,-0.01009889275816711,-0.03421913398674503,0.09044368307296946
1297,-0.02015505686610808,-0.03718884065590722,0.10080710493920314
1298,0.007972569800578033,0.027408103859980493,0.13543454041394368
1299,-0.017848736919034658,-0.043168677457420035,0.09672154635028146
1300,-0.0040322967032846435,-0.0076378110569068625,0.09679904952691454
1301,0.00247964566826242,0.01043565899423271,0.04270196543234872
1302,0.04467389494840146,0.08480541925031548,0.08122291306762264
1303,-0.021910517741691282,-0.04787657903340092,0.14398668006947546
1304,-0.003063731144402726,0.01693126599853234,0.04449356981952812
1305,-0.01734629198355453,-0.010257364939161295,0.13465907656485998
1306,-0.002890865069317905,-0.014044509855681508,0.09991942523180472
1307,-0.016337204027681573,-0.015379752644069655,0.02944207360589779
1308,0.01804756213907055,0.056334492972623496,0.043699305753503837
1309,0.0036502224172483277,0.02187457659823877,0.07314611596978171
1310,0.046409985334421866,0.11566114045866216,0.08243192490723653
1311,0.019531298009292097,0.07372695724826317,-0.0008872538353331128
1312,0.0028370732531838305,0.018930919569728588,0.050144927362537894
1313,-0.008924670074788088,0.01790395318419602,0.053009604255568554
1314,0.050273619863707264,0.10095448707726151,0.08877115003918229
1315,-0.020035776898615576,-0.021985465965684736,0.04312461756074054
1316,-0.018470388442136165,-0.0021079576143835377,0.09783981791260449
1317,-0.03837231290376941,-0.059139097090925796,0.15157891178663094
1318,0.01331026360368237,0.01201436555011548,0.045156721033877495
1319,-0.013421477355465283,-0.026989307470494106,0.0961445540131009
1320,-0.04564712652495584,-0.043771784458467744,0.1821368629147517
1321,0.02634531126726647,0.04554588660613823,0.002006963722335886
1322,0.014150998689462235,0.031029401727627803,0.021504052211946123
1323,-0.019090387987586332,-0.02061004280031975,0.03951208140457163
1324,-0.010715506768907201,0.008778597281898004,0.08497044847672375
1325,0.00532794168284112,0.009193389143640762,0.08890325614478586
1326,-0.020627157793119355,-0.03458189249220944,0.09605315899280609
1327,-0.008770564242655154,-0.027349750015507213,0.03629232107046315
1328,-0.026543754517689866,-0.034846490392767326,0.11431171030197787
1329,0.00816094337469031,0.01140216074703626,0.0729547730878718
1330,0.00925006644281906,0.03257844754993078,0.06237127512879509
1331,-0.0038386125278785377,-0.02317786248062048,0.05104837606325452
1332,0.006241364009613004,0.01515859069221559,0.04785872562007032
1333,0.035869172033219154,0.07164658434205307,0.010532725799457243
1334,-0.01608408614960427,-0.019212070633092382,0.14676809123526194
1335,-0.019197374868305306,-0.02005423965193598,0.12086189884531587
1336,-0.02935112893387143,-0.042194643979374113,0.1354080273451378
1337,-0.01677642033131449,-0.030521615240208022,0.09954284531605015
1338,-0.01668003552388153,-0.03406092579802311,0.0657415105366091
1339,-0.014997019896599295,-0.02573871487726964,0.06142640492537205
1340,0.011127952463009017,0.039612243274757986,0.04374179232340686
1341,0.03272549867278407,0.09091916623151652,0.08809667824008321
1342,-0.001638595658339459,0.016987084505064698,0.0740628956308193
1343,0.03661980054188013,0.12185455873294415,0.1084753491625347
1344,0.011822950354835937,0.011739867174063945,0.06659729850071555
1345,0.013586551111776923,0.03631554409746629,0.024371531204678498
1346,-0.014286908131237175,-0.018263231015429038,0.04599666027125099
1347,0.019101211240353688,0.05719865342219688,0.022270298198020844
1348,0.047576103663289626,0.12605554634776828,0.02044853959189713
1349,-0.006834179129565576,0.020033218772591566,0.053213711018046506
1350,0.013637538736111399,0.037353437496148834,0.10276142454935516
1351,-0.014222064255721811,-0.022619235880914412,0.04624099156068884
1352,-0.010592929293584963,-0.009951682767132541,0.04595323515245092
1353,-0.032231983012805054,-0.051561202659567096,0.10940330832784215
1354,0.020115289431703764,0.07760920819480577,0.057210726710095916
1355,-0.02079181612124642,-0.03606409112903053,0.1097728065834892
1356,0.059290212202090464,0.12103000020511412,0.00226964156881726
1357,-0.016784010090373114,-0.020789445905533666,0.052736777198064466
1358,0.047277765014393014,0.1302450231867348,0.07304460250919342
1359,0.007945751299121895,0.033396409231809754,0.11680833419511977
1360,-0.007186955481299717,-0.002707980230097329,-0.0021400539004873265
1361,-0.027532733302662482,-0.031051562431425372,0.046233159960357484
1362,-0.002180368269297017,-0.033024321012250724,0.06341164560082566
1363,0.009809663720136363,0.018617101530656655,0.09400225391922282
1364,0.0046413183920901435,0.02390923824300728,0.056272272478397056
1365,0.007282039443645749,0.06779274672575197,0.09039906293581951
1366,0.01931430149607738,0.07470630107034781,0.06413291572512236
1367,-0.004899321784638699,0.002461969628510974,0.030920380470610964
1368,0.024324286309940102,0.06808975078283475,0.04968715160958331
1369,-0.021964378242053773,0.003722785163313924,0.10318982711601982
1370,-0.010405989233448487,-0.0003990427210356362,0.10057793900497908
1371,-0.010889177446047116,-0.006312453046028121,0.04682291164410873
1372,0.035271359769535326,0.09565500572276797,0.048472622815557226
1373,-0.04136837156590484,-0.07025268198249657,0.16149704537106638
1374,0.04712670044361017,0.15117062817676263,0.05358156363090294
1375,0.005709170229372229,0.020427835153447593,0.05996893258801672
1376,-0.00771533506874017,-0.022992573269670746,0.05056998868018797
1377,0.01747481472285939,0.026766509467836652,0.04393949052179835
1378,0.007745554823070155,0.04289944974863524,0.02585081720097482
1379,0.004935750777070813,0.024500846604742055,0.06271560470019072
1380,-0.027194254990807132,-0.02860000264051965,0.11661556988519298
1381,-0.00280964128555089,0.0039056833931899737,0.07659238147721781
1382,0.00982387154244535,0.022916151062052026,0.06814705544943317
1383,0.019759807852153533,0.06508779432743295,0.06931479453389011
1384,-0.01202837634821352,0.003703734519680202,0.11906796596971464
1385,0.011692969076566029,0.01828501942323757,0.0918824688436641
1386,-0.008854204281253164,-0.0266332523333066,0.07001519992528835
1387,-0.02468824312804091,-0.031230840236304847,0.12028065198477011
1388,-0.015809450224942123,-0.02696553306147742,0.06405872505977794
1389,0.007080729603272828,0.02853256227933365,0.11607988202248648
1390,-0.0002031198645598975,-0.01304577303892751,0.0330395166649306
1391,-0.008422202766676046,-0.015079842519611364,0.1236374905151455
1392,0.004771955490697144,0.020629849320756066,0.06360501831374776
1393,0.022000156147726935,0.041515409878062015,-0.011017032398876803
1394,0.00339062471055529,0.00010156409330119853,-0.041922251670813676
1395,0.006165096583180929,0.016375790266902057,0.07496422228215133
1396,0.06469468668460199,0.10886827689257583,0.01469027890273844
1397,0.003328488805326768,0.0233167286303102,0.12126317941397971
1398,-0.016932510854934635,-0.02898035155147427,0.03900363468722362
1399,0.011382138136168785,0.044455735695832055,-0.006305716797089689
1400,-0.017471128099181166,0.0024629708969039488,0.0902239809633621
1401,0.0009480126291843693,-7.178323323830949e-05,0.01833839606200871
1402,-0.020389905386181628,-0.021864129172616265,0.10055139353960924
1403,-0.0024160190743416354,0.020677856218738522,0.03711678816225872
1404,0.0007242241211465328,0.023471152810330964,0.06300871257120066
1405,-0.008027521245006497,0.01096707256153795,0.11770640849812103
1406,-0.0009571446332533595,0.02281891730751262,0.10226095192550305
1407,-0.001729409633129897,-0.012781668554779357,0.05785145273200226
1408,-0.01000258550614902,-0.022690269953107745,0.05512622953878965
1409,0.0013730803592193475,0.013456865981231969,0.046467593566669574
1410,-0.018577475681732736,-0.028245822743802607,0.06523958376915462
1411,0.05428907097412233,0.11527457689944876,0.011452101211151533
1412,0.0075010369757883555,0.009989225845040028,0.07976893630906315
1413,-0.025202759708034095,-0.03422505562518785,0.11325045038599696
1414,0.029987131556891478,0.06763782365077753,0.0455522567422067
1415,0.0068345288969247076,0.020083918775069876,0.07235984415414265
1416,-0.017520144347141775,-0.027358936115904564,0.03842050988938006
1417,-0.011659812083039123,-0.02589322358990276,0.07756146137931652
1418,0.013348846115974533,0.03225670550368431,0.04385981554117069
1419,-0.01012035828588198,-0.015944417213279993,0.032724076730688
1420,0.0389133646839811,0.06963525170130291,0.10856893945396145
1421,-0.018916118079789046,-0.01697168665037152,0.03173465218589194
1422,0.014819849891892889,0.055487430465087306,0.078480070904689
1423,0.027288862011613957,0.07889636091215801,0.1088320981462457
1424,0.017676448959285884,0.04621318675347663,0.08086955058829298
1425,0.001106613486666741,0.028687514428860084,0.1299185370354311
1426,-0.0324732798780768,-0.05051607429416782,0.13468090165843943
1427,0.030784756335231367,0.06406678930147891,0.07044066657924786
1428,-0.016245022527156372,0.010475124706909145,0.07573962554769392
1429,-0.005187214085889069,-0.02773878774558103,0.08185695827213815
1430,-0.02297120670758457,-0.03006294089638495,0.10322911172917215
1431,-0.005464264235541694,0.014873590226987754,0.09274277532972652
1432,-0.03838756366373641,-0.04806761321851416,0.10165780498858201
1433,0.0231019511095642,0.06308713596846116,0.06614540165402799
1434,-0.030186989258148667,-0.046757333335990636,0.12112942706236307
1435,-0.020245487001848583,-0.034280927169908715,0.08651636885696062
1436,-0.0010127629478772215,0.014624131093083581,0.07560637507509826
1437,0.01549501962648897,0.06526024152678556,0.10462000848119868
1438,-0.024270638118146837,-0.04365334469277882,0.0863935438477696
1439,-0.004009478457430937,0.013575757688710999,0.0598644343082913
1440,0.0011467521069489228,0.039828441839675155,0.09881112969522093
1441,-0.03687601157608622,-0.07305421527579448,0.16640368728093297
1442,-0.014036978685945889,-0.029555708380947454,0.08086715621409163
1443,0.03759507982914573,0.07680323100714448,0.017354941820390213
1444,-0.005234262783480714,0.007203973888992521,0.057324386724371346
1445,-0.019069413168918414,-0.03621932125404015,0.12185246530922803
1446,-0.022013658132881364,-0.021971958760811372,0.18328818531207575
1447,0.010215470810859606,0.022309950829562775,0.04662399268931677
1448,0.014627779482557945,0.029810604875257773,0.0157810178665877
1449,0.013553875790941139,0.05822314556089214,0.05151759550214163
1450,0.03642236577454189,0.06213784183188631,0.03624746087095493
1451,0.04511554589263739,0.14078699681470763,0.02823380133577791
1452,0.015445070027884422,0.05948119130663965,0.06903054860991822
1453,-0.007104296448435965,-0.0014789524128890896,0.09514323012122755
1454,-0.013274273104705636,-0.00223705015470288,0.14538831735361712
1455,0.006246779483741027,0.023898306618235665,0.06332964946485309
1456,0.016252728847561126,0.02352304969953878,0.052992339222534435
1457,-0.00880082935565718,0.00020464841530132283,0.08278499550702073
1458,-0.006250904447227146,0.014763701850329491,0.0828544973119468
1459,0.004034109801962615,0.02524187343047235,0.07005066630011342
1460,-0.004996806757961769,-0.010075705402883328,0.028457139481252447
1461,0.014409638369165423,0.06786959014320804,0.05943841105326114
1462,0.008787580013920993,0.028417099842033666,0.024126859329684225
1463,0.01659106635361418,0.03733439614999279,0.0380504288488579
1464,-0.00851497811720392,-0.00954365365568477,0.03684147606274857
1465,-0.018559830090678076,-0.035474743361237016,0.09550602450702123
1466,-0.004412341773497752,0.014537015108723295,0.08752711137292174
1467,-0.022824207778376238,-0.042924896432990245,0.10217947863137877
1468,0.023481284162082616,0.07164038047987242,0.026010283229033204
1469,0.009481741056579174,0.020500516068843955,0.037712180068885826
1470,0.07537020814375045,0.17725899374877618,-0.009521643418326398
1471,0.01968692747341516,0.06326414963338589,0.06563462004976436
1472,0.003521357768519362,0.0063074029922703945,0.04933752967069438
1473,-0.007006384357831241,-0.018798444081907784,0.043502506033203214
1474,-0.011315619582198344,-0.011649471827414937,0.018049560536474885
1475,-0.0009172647324009464,0.009424206974046667,0.07124997116666171
1476,-0.03799139572643284,-0.054873596917431766,0.12157477066385075
1477,0.0005128257482827081,0.00018950340855616865,0.0929577756957996
1478,0.012517638872983738,0.03687826508372172,0.07042668988611278
1479,-0.03125405092648953,-0.030774116295294474,0.08948822153262492
1480,-0.011456883990846045,0.004250674764092355,0.09835113464874795
1481,0.03167443146313076,0.06348560291150906,0.07634185921672004
1482,-0.021011198470992698,-0.051092283374949865,0.14421626035243945
1483,0.01435957321852388,0.032441201610285075,0.022564047211322547
1484,-0.030534216781543,-0.03568774904887584,0.08258232554882344
1485,-0.0035567668106950556,0.013270658709338412,0.09208036071450165
1486,-0.02518394470660118,-0.018287947896905354,0.059708881980447104
1487,0.007996506306292395,0.01711678060040156,0.09196274163679152
1488,0.016283118166876,0.025747629652392856,0.04152504751282379
1489,-0.002544004383671805,0.009047322008164937,0.10137999576814832
1490,-0.0357091515704443,-0.027952287514505514,0.1679383613551556
1491,0.008356979461596636,0.021342956736845498,0.06798058866449963
1492,0.06271569979737268,0.11876780981802382,0.024377443374463514
1493,0.0017905678647658352,0.008829242264637216,0.12671319103087542
1494,-0.019341800714768764,-0.04472126707336199,0.11969064280016672
1495,0.035933290774273596,0.0677565638995905,0.040369541830909184
1496,-0.014818094429829953,-0.02846589040439207,0.05643225812225794
1497,0.05171720507401267,0.12383249903467819,0.001541729878887621
1498,0.014291892262823513,0.04100719240951989,0.009850918557758104
1499,-0.030211150949485566,-0.05140130088031336,0.10274847367300427
1500,0.009118626780094785,0.04225957694242788,0.029990378499155534
1501,0.021230900985964418,0.04680032396693112,0.10190100297800081
1502,-0.010723579454163912,-0.007730817999303419,0.15053483365405848
1503,0.03527522003859157,0.08386871345176372,0.10300170595092961
1504,0.03068859452846906,0.05493544165455122,0.030184858361786582
1505,-0.012817469705611761,-0.013349695827095331,0.14757304868617108
1506,-0.03812836985264412,-0.05995158629468578,0.14077591735033626
1507,-0.02167102135467297,-0.040899542141751954,0.09562657496316362
1508,-0.013084991889248665,0.014913450902422687,0.1904397457568605
1509,-0.029783807133679785,-0.0609662005554813,0.17688644555346958
1510,0.015511602294146165,0.039060924097115146,0.08025894588450166
1511,-0.03607808655934874,-0.05578744554057302,0.10617973667632563
1512,0.0014812704128065457,0.027416790599991914,0.0447948372010184
1513,0.0026357131925662802,0.01032261969588577,0.08748877099723723
1514,0.053719474503307496,0.10740159475614686,0.034770353943675614
1515,0.011176207155935702,0.02361717699026611,0.03169874371564688
1516,0.05886454657027046,0.11091587244971213,0.0063841369168874396
1517,-0.031760596721075895,-0.04986235516092019,0.11510642422044731
1518,0.03712337697809298,0.09249873087669402,0.05340873883299807
1519,-0.030347788233493933,-0.03959953930584581,0.0964500105862025
1520,-0.01674614030874505,-0.028326487663226763,0.08184176401882776
1521,0.006977371792657006,0.03441252880434997,0.06777310322170127
1522,-0.02396365369831177,-0.03572950579652834,0.11854643951628396
1523,-0.013222415931043618,-0.0348911861910699,0.0461105521138489
1524,0.03641764914197221,0.12187297549887233,0.07144506132715783
1525,0.02665834198568695,0.048460998581297265,-0.03552336395944261
1526,0.013825945308928167,0.009498843733195539,0.06358350470894122
1527,0.011491370030259074,0.04069675005623474,0.03307792063810844
1528,-0.023923674958198304,-0.042133761240178536,0.09644481293621276
1529,-0.015101182365301169,-0.021934326779972535,0.05591185360667239
1530,0.001745215216640672,0.019420669044860173,0.04298558498825322
1531,-0.02635238158282993,-0.03979541834546996,0.12587045313881418
1532,-0.004484502651239508,-0.014601692375911801,0.05031472819011487
1533,0.008492205038083234,0.019962747176674678,0.030765997709567283
1534,0.009823337862314319,0.030491117304006332,0.0321527674952054
1535,0.002655234347706259,-0.006320258742709806,0.04996777449984682
1536,0.061257903659260204,0.11568987407954945,0.04599965493280905
1537,-0.015407988837991327,0.00925541323858281,0.05856621389358635
1538,-0.018037818900891178,-0.036817165549787534,0.1066400074905472
1539,-0.001613952635268423,0.023706734463354584,0.047545292249479953
1540,0.005440009835633253,0.00047633771641697464,0.02195895169147588
1541,-0.037132338998867254,-0.059168487735087094,0.08994579725215929
1542,-0.002635929946794846,0.006883529937918298,0.08701799381457492
1543,-0.002925894715608335,-0.010153040993630347,0.1407213338192067
1544,0.02578237905280184,0.047913759250658994,0.0727647294043034
1545,-7.54306798018689e-05,0.014156749590527484,0.1597641312098786
1546,0.00742206936867712,0.008507752303840932,0.07496840481772055
1547,-0.03197128622706619,-0.02865896406135804,0.2267402226899751
1548,0.0017081958925403984,0.019236314460368886,0.08014001516504776
1549,0.010799867775911576,0.030443098739150076,0.021425586971370092
1550,0.01403119601513142,0.04944208451576326,0.06060864754731271
1551,0.04393074496637511,0.07563146127548626,0.030234503571047705
1552,0.026601827559746827,0.05075712120041276,0.04868193108265112
1553,-0.022629335460570443,-0.02331475005901329,0.036234821408587525
1554,-0.004026099067864108,0.031017152064430564,0.01112446065984507
1555,-0.02990573911142058,-0.03921561639416071,0.13408099049361535
1556,0.01908746696800967,0.08602177279171797,0.03383287969261495
1557,-0.024924284513533124,-0.03507546813215834,0.1044644133924856
1558,0.020741699297887883,0.0687456956315623,0.03147173588412566
1559,0.00832447403217007,0.028087149586765614,0.11813190374197977
1560,-0.013706583527416327,-0.014759160246275993,0.02876573239319319
1561,0.025102437310877357,0.07423190378423816,0.12862418096314057
1562,-0.008144569993285056,0.008557742784616296,0.08367484143322546
1563,0.02111306308188482,0.05879207979818912,0.10098423031770744
1564,-0.017547057585567405,-0.019482503533121642,0.040634458341131385
1565,-0.003645067402808677,-0.0001741955682972307,0.084422821830021
1566,0.012874353770872371,0.029770608669174803,0.036061119273432196
1567,0.019921967157323528,0.05471265135123715,0.04358738764855499
1568,0.018334435033045382,0.047247623548015705,0.062411153186936325
1569,-0.02250315663721547,-0.004950946227633479,0.10868993719158465
1570,0.031305367808777795,0.0759656425130405,0.09399708546407515
1571,-0.0035094204246163274,-0.008569548998534016,0.03815484194928337
1572,-0.006120075340876607,-0.015518603968851963,0.012575824099542943
1573,0.07274061656331798,0.20048764723902557,-0.0036560760381267876
1574,-0.004031935194869551,0.016861461645207187,0.08259342996080812
1575,0.0199468624472654,0.04643183320165489,0.07103786382633287
1576,-0.0200082529400748,-0.03218713224313818,0.04595832148194395
1577,-0.03635326355727864,-0.052000764658826415,0.10866414297787186
1578,0.03637023017951502,0.07233483183433898,0.1214140668112309
1579,-0.012077499799877767,-0.018513020788386125,0.0626114596948491
1580,0.020781757213579277,0.06307487152633295,0.04993342249317395
1581,0.002813464094533036,0.02567619599787674,0.03788401264654795
1582,-0.02248906373567222,0.012250903168005367,0.0896599902724311
1583,0.02222609192031777,0.04722126497933543,0.060722908908681816
1584,0.02784369867876474,0.058195606471672656,0.05653487133518792
1585,0.015359345660365453,0.025383229095515936,0.09026380830831232
1586,-0.02038228801523656,-0.0360612836080344,0.14407443770195943
1587,-0.026104416794281216,-0.04432225581669258,0.0961186384280745
1588,0.029338556230142143,0.05911670988233064,0.02278934966092855
1589,-0.009333595591519084,-0.006852229687631772,0.12366883610575827
1590,-0.01558493247193915,0.014324073167995666,0.07466293915929961
1591,0.01167384265158744,0.03147682039178756,0.10391937616962893
1592,0.005694340744289872,0.01121834669031907,0.08682660682947191
1593,-0.01635176869289584,-0.031483008784898514,0.04297099696036283
1594,0.050468271638868245,0.1073343842586364,-0.010405718617215343
1595,-0.007345999375682144,-0.004332191824060305,0.104780408181528
1596,0.008450315142679576,0.029555884775163133,0.030495018645956162
1597,-0.02192306875501354,-0.017794551490163513,0.1452843041758838
1598,-0.027189988361318584,-0.049289171607675764,0.1328971519906329
1599,-0.025641585846171155,-0.03440849095674525,0.10096177422309643
1600,-0.036357955769263706,-0.060427570686772625,0.1968151517625521
1601,-0.009305705438227507,-0.010346059132809504,0.029303419247320994
1602,0.015188875428375881,0.05422168143591799,0.07018034047532196
1603,-0.00989962172320219,0.003560449440239033,0.007790196121129356
1604,0.008455055384225751,0.0342037003494331,0.07682302202583902
1605,-0.007317043057626149,-0.004944670123157469,0.06380764863828331
1606,0.05798430188814829,0.11992434793116069,0.008092192939269383
1607,0.003581203741227279,0.021025503857664662,0.05560254160614736
1608,0.010770600646139827,0.004857723863114005,0.12239895511721688
1609,0.035839836433460504,0.10657526114943172,0.05633796528098639
1610,-0.011894158569866753,-0.029292505885836206,0.048946935592598495
1611,0.0007676607451212458,0.01382856109627939,0.04920108387722005
1612,0.021686910557069727,0.057282557454798155,0.08208041975113933
1613,0.02218631051100195,0.028757730830314188,0.04781639987597913
1614,0.001902501824563252,-0.004442166330484776,-0.006506068986621538
1615,-0.03282052409570391,-0.050790435429624914,0.1322947774380246
1616,-0.03851857263701841,-0.07136745896562957,0.17915778712992414
1617,0.022557045792548247,0.03366150048991823,0.121465727368892
1618,-0.03082326460612117,-0.02750627740570022,0.08689117010698533
1619,-0.023594621336757104,-0.039454877143477174,0.16039809179250297
1620,0.011083994479296921,0.041227409492543665,0.07889986617621242
1621,0.014421947625444909,0.03131927298153847,0.07078614697246813
1622,0.014155091568394895,0.04072893743802608,0.0045569528204164045
1623,0.013007615415038809,0.024082376480952572,0.05276347117804414
1624,-0.0069059274544519544,-0.038730176456235776,0.1283225304643601
1625,0.011521108284747006,0.01920434654441705,0.07332007563891552
1626,0.006736846178431788,0.03316141261146244,0.04842980938194036
1627,0.0167811015366085,0.025384236247594005,0.03482561653315319
1628,0.005257428397256181,0.016414461834892258,0.056090170775906
1629,0.017240530234319373,0.045168010284859395,0.002405514757777283
1630,-0.0015676439167531253,0.040879948746359474,0.03452882398021817
1631,-0.029210195017782548,-0.037651382439841896,0.0678844769301662
1632,0.023134116668716065,0.07712416817852419,0.09907663934799904
1633,-0.008885323616234286,-0.005486304207433346,0.14066561034417502
1634,0.022606256703065153,0.06186599255310865,0.047374430956649616
1635,-0.04633608204926043,-0.0703477748489234,0.15175490572668798
1636,0.006180329025209819,0.045016354588490626,0.040049455427207115
1637,-0.05102712676198673,-0.066037783139265,0.1792878830427431
1638,-0.0014296961227843186,0.005314361816142199,0.09443575568021903
1639,0.012881502754320096,0.04503085742566815,0.034667880063703804
1640,-0.008846755623526437,-0.01330802488461369,0.035462482926736705
1641,0.015246591994908187,0.04519627828088946,0.11468465797575433
1642,0.021935846488995103,0.04469853745430641,0.043715849474102675
1643,0.022123031297986373,0.06603651712399239,0.0702017509794361
1644,0.008997598760582703,0.038946291786572385,0.01268154883611411
1645,-0.013275561577005879,-0.023209275865820334,0.08118336876769577
1646,-0.015875524768758198,-0.014091336541304789,0.07470880508792749
1647,0.02132598024620347,0.0462886242557885,0.09830751510494723
1648,-0.015271072262415697,-0.018604263850064084,0.06802566626242157
1649,0.022105959052696966,0.045723983945836544,-0.014197621712016939
1650,-0.015373319477054836,-0.028163692714679445,0.07349167111593441
1651,-0.007874329198894248,-0.016494108888860715,0.046954775004470206
1652,0.0015394522936651445,0.0007668453542839515,0.10581608878193458
1653,-0.03319086733459081,-0.03839927760954531,0.08373906544842352
1654,-0.017977355738946155,-0.022403770404094803,0.061007232581475834
1655,-0.02887049654934093,-0.03828940771980349,0.2023088396896225
1656,-0.0019080649285244666,-0.009075850060521806,0.020556628441684377
1657,-0.02731114123088141,-0.03673418008974649,0.03540497337455478
1658,0.012248582879121006,0.05036255924632338,0.062403522528307664
1659,-0.004679117223972962,0.006440966244705915,0.04139249021730429
1660,-0.006246779248688328,-0.016454600997788615,0.053732641303258444
1661,0.015991720422562306,0.035956947508894554,-0.010060577670867155
1662,0.013974419741120014,0.029702286712814385,0.02260736906184524
1663,-0.007813304366577567,-0.01308863394803128,0.004417221883015798
1664,0.03454598530211572,0.06787959004219002,0.08264079265842939
1665,0.002907180921282726,0.012813146724090618,0.06670146110144393
1666,-0.005840288294915785,-0.0036401265762546764,0.0029461772217921345
1667,0.024796372751957618,0.07338321737834408,0.14015120911409512
1668,-0.02478810763859618,-0.03510036574445485,0.07792710261678285
1669,-0.01862731229411957,-0.016538049178907444,0.12363835670684276
1670,0.04027349362419563,0.06392404824277809,0.01572145596047081
1671,0.025025273078193078,0.07707153059563798,0.11372394389443202
1672,-0.006742868350455455,-0.01848703030791843,0.07776649894312648
1673,0.02337312783315465,0.08696570282807892,0.016232391756587472
1674,0.016106544743968443,0.06716764410180387,0.1141308394677445
1675,0.030030678968312907,0.07974365771910874,0.02581794010221844
1676,0.022999874060985248,0.04245844409547328,-0.004641059197618758
1677,-0.029321229667059634,-0.045375301219585995,0.0852619948461118
1678,0.0040443703696770306,0.016216819052891074,0.07718401004712849
1679,-0.01749538756304858,-0.03438948857442181,0.08084404189462804
1680,0.022280300552677268,0.07732564393391839,0.042834181155881834
1681,0.01598063654591647,0.0363893749645805,0.042141641898332305
1682,-0.0025077193479460247,0.007609711900777638,0.06597555537504163
1683,-0.017425404136802936,-0.032715020734733535,0.10548635266199563
1684,-0.0013421660545535619,0.01755328037252324,0.08972308724892782
1685,-0.00012901688760302843,0.01307421577801271,0.14630607604556345
1686,0.023867616244058087,0.05127632524498149,0.07293172784591828
1687,-0.031634096628905706,-0.048426693660418296,0.14854299099787133
1688,0.023594735281422863,0.0381799258151998,0.0031091661714499896
1689,-0.015904848394267812,-0.026884353234983283,0.11209442015569454
1690,0.010847648369757046,0.06341050925326752,0.07157850159574433
1691,0.01558252699205498,0.03553698180707743,0.02707198437933034
1692,0.015665458986474645,0.04050118420818127,0.03292696713097337
1693,0.06575820711946012,0.1500755860003311,0.10221161798345146
1694,-0.012325931007458657,-0.02540926503389085,0.06965546643394388
1695,-0.012167395994295616,-0.038779499360865,0.1330369131381542
1696,0.00854532622112425,0.022382639999874776,0.057164945222293595
1697,-0.033136330809956815,-0.03795219472329159,0.11254457151990463
1698,-0.04443454258695301,-0.07292275708959095,0.1532528509500964
1699,-0.004797311696938755,0.005326614934638041,0.07569559645011159
1700,-0.013537070958417274,-0.035054579876979464,0.05973061199217561
1701,0.0003474373519931073,0.025488545734658974,0.04158023681620171
1702,0.0580906307288625,0.12646681812707383,0.016172116080914734
1703,0.008603552846221996,0.04311032724225272,0.011224948229354492
1704,0.06599921217772581,0.13976191849492103,0.0052376326228627534
1705,0.019314808799862804,0.057881158424860524,0.14948257772752552
1706,-0.014076336681035584,-0.02887876719051108,0.049958980937187036
1707,-0.012283094163197783,-0.026572060306035872,0.051514543789359546
1708,-0.006124879590733712,0.011187401011093057,0.060332647875742496
1709,-0.016696712464613572,-0.018247454662222884,0.09651737477517686
1710,-0.026531820718255383,-0.02891131742007369,0.06701109162128499
1711,-0.03762136940018118,-0.05350359699462748,0.15881913395316982
1712,-0.020010952521415104,-0.037072909987169944,0.07362809569576872
1713,0.04546159118181342,0.07661376319434277,0.051645116599941976
1714,0.005345806916996487,0.03247096220139578,0.1202231486620215
1715,-0.015229093060048937,-0.016389447547619396,0.0418751472742635
1716,0.00840150339118928,0.0485656034385048,0.10487830303199108
1717,-0.011530419923560742,-0.014739796780501524,0.12127994776025469
1718,-0.004065745014611988,0.014467602363596344,0.0877393725127773
1719,0.0021577038326149323,0.027193448090374495,0.072865784524485
1720,0.0005625312039634345,0.036034363751406895,0.031105535046196953
1721,0.019235230262309333,0.06738545899545156,0.04969478823575513
1722,-0.03628760589437613,-0.04651113729211753,0.12175471038741392
1723,-0.033048511472178355,-0.05344317528903875,0.13007314161629596
1724,0.02730002109343127,0.07046510266046457,0.033954964569915536
1725,0.010789571341550896,0.023621400231469525,0.07905757584079504
1726,-0.004205597776593906,0.015266875784182288,0.06291261084639532
1727,-0.021624153305836225,-0.033920372078842354,0.10337839809209942
1728,-0.0386710245625449,-0.06376184621443992,0.16822675937677978
1729,-0.0043753960470680475,0.027384735008225358,0.12617850739371272
1730,-0.042562436036962414,-0.05151750783777331,0.14568248696136593
1731,0.03651930295352429,0.09730948535579376,0.03403751670640173
1732,-0.0027582627685717176,-0.013245064203397827,0.0729328788618826
1733,-9.806193183131695e-05,0.02684394869726814,0.13831222798165752
1734,-0.008452898645777085,-0.010261722364599435,-0.0055339471826041375
1735,0.025396285421819265,0.08289314530922265,0.2074745376428385
1736,-0.0046465460219250465,0.011610201498354011,0.08256668940734646
1737,0.0005691601769381993,0.003653760056051336,0.13218994156118352
1738,0.004310697341071257,-0.001965835219551737,0.011170511442653852
1739,-0.015985467097422768,-0.02903009215297836,0.06764650372962949
1740,0.034128711319488025,0.07251926805647224,0.10478261675762901
1741,-0.027972103542300564,-0.044342650223126556,0.09320646833950269
1742,-0.00021945610520857084,0.015410951697979236,0.1750462868382678
1743,-0.01177645858495524,0.010853304545813791,0.060613822142125906
1744,-0.01666330584976583,-0.01426923144854264,0.13586779457991993
1745,0.010361449519563415,0.04086790144502628,0.046986879848465446
1746,-0.037158757341771986,-0.04531839973051677,0.089161210805553
1747,-0.0006704889693970317,0.0018774896089732707,7.186625987254391e-06
1748,-0.00881854280786698,-0.02004702440391104,0.01523239514175767
1749,-0.023069626479383654,-0.029583071248974857,0.10507751708089841
1750,0.015439400981312412,0.04536056451914294,0.034170061600726054
1751,-0.022822568438227553,-0.03581691796039199,0.04651214849578539
1752,-0.009295498565692506,-0.013258397143954825,0.023920154503541236
1753,0.05456284000209888,0.13808900467132357,0.08585020375142866
1754,-0.014823985567978648,-0.03773939342700172,0.06834724077948445
1755,0.0018493254374342682,0.036711667220903244,0.05339804780196006
1756,0.02316170103750581,0.06101193486565848,0.04447332917081742
1757,-0.004641086109443526,0.009266204391994992,0.09806653148790884
1758,-0.00553611065654791,-0.004335278356366601,0.019856879243899672
1759,0.004114088925147197,0.027330234700863043,0.025961141314382152
1760,-0.006857326729316271,-0.03167295588003871,0.04863372430648383
1761,0.013584722944346872,0.038984587756552336,0.07255751474987404
1762,0.0047828218429186165,5.762000696984959e-05,0.04841596557628558
1763,0.04502036674995974,0.12216004134755498,0.07141103119032643
1764,0.00893509650809965,0.03120839077167481,0.048870193439308596
1765,-0.020408576742655837,-0.009536771024836521,0.1176426714908741
1766,0.022424714262401224,0.052798609385258266,0.16506528495694792
1767,-0.0037996213654852284,0.0012165867007986053,0.09187122830060712
1768,-0.009222765425589474,-0.012521262406859024,0.04494370187989666
1769,0.01853188441583875,0.08026487049054709,0.07773230218340388
1770,-0.03617609375298114,-0.02275054904654006,0.15855133952299783
1771,-0.007537571327661363,-0.0002013597364065589,0.1031310940941278
1772,0.022926444366372645,0.05614471330013959,0.05477788275028189
1773,0.02412688840993399,0.043056710995324377,-0.0070139290978339375
1774,-0.002757888621575999,0.012814101196552463,0.09508220836211323
1775,0.048027232543903065,0.1135568774762622,-0.00428896073158791
1776,-0.04737435995904482,-0.07075260386852,0.1575307988986239
1777,-0.012183587156907094,-0.025679676566909837,0.06579760767852116
1778,-0.0007312750662143985,-0.012799276151108874,0.03113639877913804
1779,0.012426853397122128,0.024102438080246036,0.05319061586405316
1780,-0.033897205206445236,-0.05357802155226932,0.12517744800131436
1781,-0.02549535163260419,-0.029273384776854705,0.1934164551304669
1782,0.002701689789687989,0.022107273965830787,0.08294859956963929
1783,0.047406078004087915,0.07283923144931792,0.029052231440682696
1784,-0.02408246226533145,-0.041302605104863055,0.10167623658458674
1785,0.017525102450223706,0.031316137789015985,0.03923555619251129
1786,-0.011757127305319526,-0.02447473495793806,0.0621893924172896
1787,-0.03848533115810593,-0.05013093820863734,0.13256467102762776
1788,-0.01154102736913476,-0.01414573240633421,0.12827190246933456
1789,-0.012758916295400824,-0.02667250057084991,0.06807337661419174
1790,-0.006914099599336532,-0.00617016584428165,0.12363193363539793
1791,-0.010112115538585986,-0.031574136305411726,0.07890188212994764
1792,0.02431829059890578,0.061926644431475775,0.06424524321888259
1793,-0.005978086034891472,0.005120964996993549,0.09240765204719248
1794,0.00660865564950075,0.026277358589797406,0.16739075131343173
1795,-0.001988612217750152,0.022170705328718898,0.05970169742786141
1796,-0.0070786489667744035,-0.011943106423631278,0.03329220760008089
1797,0.01770224910151874,0.04250410205619104,0.048446290193407016
1798,0.006434299526499265,0.04090644050690195,0.11199170064144703
1799,0.010872522464432433,0.050282307314003516,0.07645092467642872
1800,-0.017576008861946768,-0.03355406186787124,0.0742597996094394
1801,0.006938297249212355,0.005845302813179631,0.07764606347101274
1802,0.03567867279352882,0.07649677213830175,0.06743404062968839
1803,-0.006022572415068206,-0.026205633721376964,0.0984216191187105
1804,-0.02118424994569046,-0.029896447454148434,0.08143598926482554
1805,0.0025507587002358,-0.0052135707575804435,-0.006085325934029329
1806,0.009796928142915717,0.03473574590101891,0.042844218328475736
1807,-0.023524270271722547,-0.011448630386264314,0.12472482975186158
1808,0.0045399665449378235,0.017849129709276323,0.11193616870339429
1809,-0.03489230933355908,-0.04161169856419,0.14289905295282762
1810,0.021562311650171972,0.03457877699562073,0.07138688765938683
1811,-0.033229097168977095,-0.061001704410208024,0.1859438842401504
1812,-0.008693250448493506,-0.023240401719113235,0.0530083706051615
1813,0.03961828279417057,0.08873001679995107,0.09702810877481355
1814,0.03968705331387923,0.0966223665668795,0.05289768524399158
1815,0.009154196432670458,0.019885578157471495,0.05401097933625332
1816,0.04659955924588177,0.0831366182360117,0.07013857534018525
1817,-0.008436261191670735,0.0029796273436475396,0.09891599761695546
1818,0.03738416253075483,0.05112989309349103,0.0965115969732124
1819,-0.014823980617522547,-0.002788777632452777,0.11969372728960015
1820,-0.012745452779361455,-0.03043623595080902,0.055295059332819585
1821,0.0035453703769964817,0.025367200310439042,0.05237662146162708
1822,0.010156630146990031,0.026698087948386906,0.04937854688512433
1823,-0.03652598122513473,-0.061743362988500916,0.1649779378533825
1824,0.03715351235262776,0.069343555507833,0.023896886792838412
1825,0.01391760017797622,0.028079325699573277,0.01811149048737737
1826,0.007663518066780228,0.04016609665679194,0.023987181701153937
1827,-0.0020766523637175682,0.013935664414694737,0.06930371282518549
1828,0.02493419826104909,0.06172163617030668,0.1225024089520275
1829,-0.003606052961055428,-0.008767343370392422,0.013095613971587206
1830,0.010534887495814271,0.041536728459136474,0.07276202181443248
1831,-0.02594311669600219,-0.022897822615472796,0.057344206743881854
1832,0.010827259034031589,0.037922341583974006,0.10508013584057735
1833,-0.04846581526293736,-0.07062196848932734,0.1625949091101494
1834,-0.019082143646602767,-0.036807966444812545,0.07938129357352441
1835,-0.022231005851022445,-0.036319958481120684,0.1157165159957568
1836,0.02109626905625861,0.041633276005674125,0.0852286885779619
1837,0.013567452868087804,0.05428064915195152,0.06883044282590628
1838,-0.009363724174810573,-0.02776553548782401,0.08803129748131014
1839,-0.015885531138074893,-0.025265087541581188,0.07112579529307222
1840,0.005686700476868811,0.014109169307664371,0.09134199199494036
1841,-0.017631372013400204,-0.03363728203663219,0.106732333704668
1842,-0.02514877632210527,-0.037955066918608615,0.11451001752550799
1843,-0.0013931094125299026,0.000940799575633422,0.12716377299609002
1844,-0.02292806440019801,-0.03276972677037038,0.05477871644700988
1845,-0.02275833257934573,-0.03278955813450668,0.07401962730841588
1846,0.08616167603595082,0.16900651080549833,0.004182230594262676
1847,-0.013569892620656665,-0.020080537823508715,0.015059251675159091
1848,-0.026882262187314654,-0.011109815567406645,0.13028786200409392
1849,-0.01674646208406172,-0.0023631530116166033,0.14228046881534803
1850,0.0028471275810912355,0.03940624616324606,0.017714256293384745
1851,-0.0015993298900832675,0.018751402388013982,0.08669073232347624
1852,-0.007811506625848952,0.014645912949303286,0.09752272126456513
1853,-0.029195831283003515,-0.03181843225472403,0.11157450095239091
1854,-0.00040240024178833655,0.03840703699787196,0.03032256483032858
1855,-0.020909265282486655,-0.031256053701898434,0.05618901770784318
1856,0.008051108189026712,0.03160702850819286,0.02545012175730338
1857,-0.02651810365698748,-0.04454695693603272,0.10927902447758231
1858,0.012460860593379197,0.09113064114755776,0.1289716494038182
1859,0.016624682031210702,0.040777901863848554,0.005791724438643564
1860,0.011427623238818685,0.04051745625885761,0.08463155067794398
1861,0.025014538621355442,0.07143206220449483,0.005798933844442411
1862,0.0077560642936891355,0.008166657400061395,0.06229669884260991
1863,0.02681729626594337,0.061782282546239076,0.05004153310400722
1864,0.0022302116701446995,0.0203200860192847,0.07072758763824094
1865,0.01713021104002188,0.02083159254107192,0.0496958466686967
1866,0.03733266713779221,0.08160324777987404,0.026368100416626683
1867,-0.0165551591883768,-0.030794728701885044,0.07640234059232096
1868,0.0021676338050327093,0.03510733174341085,0.0565186933991067
1869,0.00910054846642433,0.05477330117515611,0.08369548395240145
1870,-0.0033414060071758067,0.004055988027151347,0.0009307076175336104
1871,0.0015901455403320996,6.875109638315724e-05,0.03758745554435783
1872,-0.0011955793939172898,0.02111311521243564,0.07978602560663645
1873,0.0032950329036038895,0.029386257260287096,0.046441632289215884
1874,0.004449862433856144,0.009478749647506057,0.11378511532907101
1875,-0.010599479554823543,-0.0007981048360312659,0.18907936977098908
1876,-0.016624017765404064,-0.0160850135396009,0.03541578890627145
1877,-0.007044341588202385,-0.017787054375986266,0.06504660373042509
1878,-5.867413787391529e-05,-0.015723664680152516,0.03665802207586921
1879,0.0073048118879279755,0.02790784733327667,0.1264519825690551
1880,0.04160666093891058,0.10259902179018598,0.09424022138351451
1881,-0.026235392448325845,-0.05569847127000138,0.08486275702359974
1882,0.0176404015814019,0.007909050749116298,0.061699999381128634
1883,0.04613718871832451,0.05909407444009529,0.025596554160114304
1884,-0.010561738053517566,-0.038974466834448385,0.0829226840468025
1885,0.0037076558334850906,0.0101714072358835,0.10141455238267738
1886,0.015482150857296206,0.02435219075878592,0.04696842506678628
1887,0.023046294490229047,0.06988765180084733,0.16320759550417743
1888,0.007897548877993099,0.022342781142306478,0.012196435252857574
1889,0.0028369321622266908,0.04558553259422926,0.11885534184029709
1890,0.01434251163207656,0.0266991408592272,0.06657168983582223
1891,-0.014212830333241833,-0.016368271179371452,0.1311447675048345
1892,-0.010432133634962648,-0.030567503764499016,0.09829219125066346
1893,-0.0018649171312906665,0.010374458538407572,0.05186145189643582
1894,-0.011557854326125994,-0.02076229581282618,0.06175281664162696
1895,0.0468419401471884,0.09812274616375627,0.06708329891528386
1896,-0.01760119223364165,-0.025937411220906426,0.06383791737907923
1897,0.03877331289675323,0.08193565476293707,0.054011906967727286
1898,-0.012765969533237165,0.012841092232043105,0.1320822533656953
1899,-0.03192829006589376,-0.04482735620204592,0.11397864324421803
1900,0.026160273109505916,0.08508652019201224,-0.009836432494352065
1901,-0.005248791980311862,0.004846912001105097,-0.02962999129827848
1902,0.00894132088993771,0.022360958151193433,0.0707147098357524
1903,-0.007973441959359506,-0.003140325577706382,0.005913566901451173
1904,0.010744370819206872,0.0219956479352853,0.049820050623215206
1905,-0.006882938150951534,0.014714533663339746,0.04910677839004701
1906,-0.022122351728077028,-0.05396493397978863,0.14466557741780844
1907,0.0567389571441656,0.14092191157306383,0.043433424983900126
1908,0.048825695701287364,0.11306924788178385,-0.03130929749235323
1909,0.03786519304889535,0.07931330137347525,0.09873492097194153
1910,0.015446581434652051,0.03525209896555803,0.08183370467584469
1911,0.020675383883298815,0.06837736679575523,0.10548498043590104
1912,-0.03556263106590141,-0.05463915491671334,0.14054012517304645
1913,0.006339496297735114,0.03946052408556855,0.10829121289219318
1914,-0.005870491869791217,-0.023393224663074363,0.06319902742268124
1915,-0.011570773423733582,-0.02565589883340591,0.07650108059520266
1916,-0.029688684818890976,-0.06713012454277179,0.1500264837498589
1917,0.01857345592526316,0.03163020490706148,0.008832784533749916
1918,0.025565208675262574,0.05572809350543906,0.07247751611642433
1919,0.003266928416512105,-0.003035684905060454,0.12099215803942925
1920,0.001708165162170927,-0.009071198906108524,0.038068676681871805
1921,-0.017911091394054723,0.016619744793862967,0.08841570607202381
1922,-0.004153286056315375,0.01196373558724284,0.07314521524547818
1923,-0.00536091523905452,0.007663284053031294,0.10598030225325955
1924,0.04200455638839612,0.11804428631282238,0.029633424027033672
1925,0.03217021867676917,0.07007613668382318,0.010442961476839874
1926,-0.03178970841597456,-0.03772469433180592,0.1351666411822695
1927,-0.024971267327536295,-0.06281932527938905,0.14297311375062008
1928,-0.007423591342055058,0.011029189292526276,0.06849006240122968
1929,0.020649787285023702,0.03571046320141025,0.08386869627843882
1930,-0.00727529762104534,-0.00427932992275859,0.11500623244310987
1931,-0.0302776819827007,-0.041499234072855384,0.10289365094820607
1932,-0.03205032966625537,-0.04444144753829138,0.13650373984383019
1933,0.014118755275787986,0.0532339095976061,0.09304774318464176
1934,0.04875822967036719,0.09347055040814123,-0.021933207479329087
1935,-0.006283345473698632,-0.0030678053487501744,0.003352559810554656
1936,0.024071273048107855,0.05032226955587393,-0.022622531321673967
1937,0.005589710222334676,0.023963821543995234,0.03669513986371439
1938,0.0333291321336362,0.07270743152498982,0.029349274398757397
1939,-0.008678199210287285,-0.023844576830706732,0.058748611857517286
1940,0.014407452247694574,0.048804667715226624,0.07505481056406721
1941,0.023462124648360116,0.052282571014509616,-0.008150492927816222
1942,-0.012315562938792768,-0.017338584467467832,0.04631879799728578
1943,-0.023610715107135638,-0.0235386062967331,0.09032812104506577
1944,-0.01836687998398434,-0.03559665129202283,0.04619698620289642
1945,-0.027737315042073774,-0.060214599271678826,0.10878984718481477
1946,-0.01249066125188747,-0.0009365863656699558,0.055132754242371684
1947,0.013377197638318461,0.03605704403403731,0.09013509812742887
1948,-0.01626851058726725,-0.017037767771358125,0.13675938336570848
1949,0.012138630862742139,0.021549858958962442,0.023249292511934583
1950,-0.011828704708123527,-0.015041709463483266,0.08720178614754409
1951,-0.004319643480223678,-0.005069836055225596,0.028962939798287457
1952,0.08032041874478335,0.1774221679130975,0.08769343937710652
1953,-0.0007255281539743086,0.011791212017013719,0.08807680073184887
1954,0.04831590664704816,0.09832780389756057,0.02454525830296228
1955,0.014813843684469918,0.02725478616831889,0.07179059428590914
1956,0.012284818766616634,0.04905553499494286,0.026738064192787514
1957,-0.02730267097917921,-0.03936876230958064,0.09297790901328745
1958,0.0010849938142366011,0.03578181080515397,0.018107028581397122
1959,0.01095692521604219,0.007473248481729811,0.09762883208777756
1960,-0.011459952785115135,0.006546958645909595,0.07875324286743235
1961,-0.00530128588021217,0.010901863056419603,0.08822868174603737
1962,-0.03430183340904691,-0.03960391381520245,0.07731760579362956
1963,-0.0016393381017220099,0.00847332661995126,0.14494392825276162
1964,-0.012078507012135087,-0.01263569665412545,0.13414132866018916
1965,-0.015578679017574815,-0.03830869867467035,0.10187498747615642
1966,0.006966165276808822,0.029314651236549305,0.04917568023068403
1967,-0.03447711027793798,-0.05751711145026328,0.20468290544209575
1968,-0.011383070232644399,-0.006801269654250319,0.09014014625514405
1969,-0.004001219971577985,-0.01560014613531846,0.028695808687561386
1970,-0.016749813236998923,-0.027740005354538022,0.053775434747184214
1971,0.0031862945892280337,-0.004246073727639188,0.0626167929269143
1972,0.019685811336769166,0.06352742092916497,0.030213529233021563
1973,0.01325771148572874,0.05041191487489638,0.0542085846950241
1974,0.06956004934973753,0.147652089794428,0.0272192589103184
1975,-0.0059664898278950496,0.01142439358065439,0.0643649908473764
1976,0.02103887789496428,0.09728047927237471,0.0889087019806658
1977,0.01895262485028637,0.039952704210909906,-0.003983650148617568
1978,-0.023412352998047448,-0.021028374598554445,0.138422623859404
1979,0.05390636550855882,0.1213144216035984,0.0504435627019586
1980,0.060193521665019845,0.13472796792069386,0.14376064095296376
1981,0.005326299185414052,0.013622217259866343,0.07645382178835713
1982,0.02962979759551665,0.06579678321226501,0.056776760274160065
1983,-0.0184758657178421,-0.004343670134203892,0.12047002407087443
1984,-0.02858135636319986,-0.0380673460862645,0.05666614705561773
1985,0.014921127529634648,0.03135816672981828,0.05462148450268062
1986,-0.020209011766509744,-0.03383865103145001,0.062115207383323545
1987,0.016055762554546438,0.07679285549316706,0.045439444538017015
1988,-0.003742977476742182,0.02250849267741062,0.06754428081570268
1989,-0.010105456934411838,-0.03025584574641127,0.08119110562274304
1990,0.0300701622659153,0.051567804190490674,0.021999487333465295
1991,-0.01620564872051844,-0.0370936344556132,0.13825137050610786
1992,-0.04273970872231769,-0.07432175320254597,0.2020222218740384
1993,0.05094571422503463,0.09753866408888956,0.014111091028715661
1994,-0.004886744578763369,0.00487460203068657,0.08524608767949593
1995,0.018573283351369152,0.03185192057623887,0.07832289041823343
1996,0.001906141143733775,0.01744688437356634,0.0790416266963141
1997,-0.01470462733829353,-0.01361095005817159,0.1516278414162711
1998,0.0025704973600920167,0.02374383139216596,0.07347096649595336
1999,-0.010686588566931055,-0.018858206298552393,0.02426680087478994
2000,-0.004474878917717695,-0.02199285705665155,0.011197017536496268
