resample,effect,ci_low,ci_high,direction,speed_adjusted_effect,speed_adjusted_ci_low,speed_adjusted_ci_high,speed_adjusted_direction
1,0.3146008152046904,0.10319959884614982,0.526002031563231,1.0,0.29333135029864305,0.09840670335232968,0.4882559972449564,1.0
2,0.2717771975101513,0.06545127394039194,0.4781031210799106,1.0,0.2533744521817557,0.06728452750470293,0.43946437685880846,1.0
3,0.278061072304645,0.0704886398973715,0.48563350471191846,1.0,0.2518473170688061,0.0547818499394612,0.44891278419815095,1.0
4,0.24623656495541157,0.03595863004403352,0.4565144998667896,1.0,0.2236697833981149,0.03865989117403354,0.4086796756221963,1.0
5,0.22760535522213463,0.05522272718835894,0.39998798325591034,1.0,0.21748711072113333,0.0561625195886338,0.3788117018536329,1.0
6,0.32711736478133235,0.08999658608145458,0.5642381434812102,1.0,0.29890234786717623,0.07815852576947138,0.5196461699648811,1.0
7,0.3100602358269059,0.09519200976764197,0.5249284618861698,1.0,0.2808846551630482,0.08110069529918276,0.4806686150269137,1.0
8,0.3010136691003021,0.06421492733118611,0.537812410869418,1.0,0.26821392928065024,0.05683211008733394,0.4795957484739666,1.0
9,0.2557039430194333,0.05130905000689551,0.46009883603197105,1.0,0.2356655866802166,0.05157697265054634,0.41975420070988684,1.0
10,0.268956551766767,0.05381234823690478,0.48410075529662927,1.0,0.25604159637194823,0.05460897657834976,0.45747421616554673,1.0
11,0.2936369397630818,0.0664126288441621,0.5208612506820015,1.0,0.27790525970717933,0.06950017752412707,0.4863103418902316,1.0
12,0.3049687125565565,0.09339295328728575,0.5165444718258272,1.0,0.2962473214378234,0.09943108977080894,0.49306355310483785,1.0
13,0.29694868001006053,0.08293733884823382,0.5109600211718872,1.0,0.2665655511359493,0.07249027180306114,0.4606408304688375,1.0
14,0.2960039714887412,0.07181277205590489,0.5201951709215775,1.0,0.2755944561296156,0.07406164870246765,0.4771272635567635,1.0
15,0.29857233511183373,0.08397796088714296,0.5131667093365245,1.0,0.277547705365648,0.07855910632731425,0.47653630440398176,1.0
16,0.28401561949816934,0.06346853369919764,0.5045627052971411,1.0,0.24816824524912875,0.0556120810886018,0.44072440940965574,1.0
17,0.32696975356976316,0.1309148193288689,0.5230246878106575,1.0,0.30529256932084337,0.12065051755214137,0.48993462108954533,1.0
18,0.21008093867807362,0.007304856591597825,0.41285702076454944,1.0,0.18386541646551044,0.008383713302318102,0.3593471196287028,1.0
19,0.28692048075272414,0.06547309929748224,0.508367862207966,1.0,0.2597804146300637,0.05602105138632388,0.4635397778738035,1.0
20,0.31318867237035375,0.09796868222822128,0.5284086625124862,1.0,0.2867083630280762,0.08575923653666132,0.48765748951949106,1.0
21,0.3162247746577787,0.1150967864017583,0.5173527629137991,1.0,0.3166694807268002,0.10647430594140592,0.5268646555121944,1.0
22,0.2718137170897301,0.061287067941515505,0.48234036623794474,1.0,0.24772025264475594,0.058591219857326626,0.43684928543218526,1.0
23,0.23311245753564291,0.046914435214295974,0.4193104798569899,1.0,0.21520336196121956,0.04584863507557421,0.38455808884686493,1.0
24,0.3127293497997416,0.08444544298542664,0.5410132566140565,1.0,0.30410780162179274,0.08744772648585225,0.5207678767577333,1.0
25,0.2568647231844041,0.0589674122611584,0.4547620341076498,1.0,0.24626471247864917,0.05821474527204126,0.43431467968525705,1.0
26,0.3242102323621131,0.11469100586831818,0.5337294588559081,1.0,0.2917398953259301,0.09805247495271549,0.48542731569914466,1.0
27,0.3275804046000608,0.11980191170115367,0.535358897498968,1.0,0.3122088603908872,0.10767746696583463,0.5167402538159398,1.0
28,0.27400794823446856,0.04912254983170802,0.49889334663722906,1.0,0.25193709891272414,0.04890081117152453,0.45497338665392373,1.0
29,0.31959721566634824,0.09125682907274238,0.5479376022599541,1.0,0.29136644367410697,0.08255049815905985,0.5001823891891541,1.0
30,0.252986910769085,0.05349590781467212,0.45247791372349794,1.0,0.22447245124726337,0.05037450886194744,0.3985703936325793,1.0
31,0.29540533783948547,0.07554511344523468,0.5152655622337363,1.0,0.2634621256910415,0.06399736623686511,0.46292688514521785,1.0
32,0.2759595954581814,0.07361007285448695,0.4783091180618758,1.0,0.263834690289548,0.06683839401989933,0.46083098655919663,1.0
33,0.2844751566389837,0.061752439536977205,0.5071978737409902,1.0,0.25969628490983254,0.053802015969817873,0.4655905538498472,1.0
34,0.26697599385233706,0.06964056506921157,0.46431142263546255,1.0,0.26950674206854847,0.07823081293696216,0.4607826712001348,1.0
35,0.33078277629768477,0.1069432882368623,0.5546222643585073,1.0,0.3032976827508157,0.09610255284117922,0.5104928126604522,1.0
36,0.2571716629037122,0.046889458978866455,0.46745386682855794,1.0,0.2500043097323775,0.05508103403861511,0.44492758542613997,1.0
37,0.27638784265709715,0.08565377610821659,0.46712190920597774,1.0,0.25004983003449155,0.06980263806279388,0.43029702200618924,1.0
38,0.34722408010320677,0.11957120435947602,0.5748769558469375,1.0,0.3368436779552329,0.11051081429756401,0.5631765416129018,1.0
39,0.25118778380969575,0.047259003767541774,0.45511656385184973,1.0,0.21313321338772256,0.04096202008678468,0.38530440668866045,1.0
40,0.2923574156910143,0.08804053731374709,0.49667429406828156,1.0,0.2952148393396471,0.09818310544855044,0.4922465732307437,1.0
41,0.28721007826826334,0.08973569299297776,0.4846844635435489,1.0,0.2740364370371857,0.08594619539650669,0.4621266786778647,1.0
42,0.3195162399689053,0.09793203948927998,0.5411004404485307,1.0,0.2752460372161665,0.0737483200523801,0.47674375437995287,1.0
43,0.29805290556568936,0.08272078232689714,0.5133850288044816,1.0,0.2583234328135838,0.06458060643272662,0.45206625919444093,1.0
44,0.30170184840625547,0.09882103788293944,0.5045826589295714,1.0,0.29352556996180995,0.0998369154487089,0.48721422447491103,1.0
45,0.29296633117768234,0.09936221415771562,0.48657044819764905,1.0,0.28680486580033526,0.09249190141672264,0.4811178301839479,1.0
46,0.24054673808719582,0.037408516180408,0.4436849599939836,1.0,0.21821396670720924,0.03521479111098816,0.4012131423034303,1.0
47,0.2533629566731249,0.04058443890451549,0.46614147444173437,1.0,0.240968094466666,0.04909533092645313,0.4328408580068789,1.0
48,0.28525161324055637,0.06480192349915825,0.5057013029819545,1.0,0.27074551165675864,0.06628382316191411,0.47520720015160317,1.0
49,0.26734063743807823,0.06927063008239431,0.46541064479376215,1.0,0.24425615481395718,0.06276824797486066,0.4257440616530537,1.0
50,0.28630818278486986,0.06961925396415003,0.5029971116055897,1.0,0.2874752490969352,0.07929704571511881,0.49565345247875164,1.0
51,0.2793042951365426,0.07595009543791123,0.482658494835174,1.0,0.2675475447608457,0.07155133598438201,0.46354375353730937,1.0
52,0.3000705880458424,0.0687397766630502,0.5314013994286346,1.0,0.25859529880696036,0.056818374602675886,0.4603722230112448,1.0
53,0.259758264609027,0.051108382425951115,0.4684081467921029,1.0,0.2286695029754325,0.046806740597844815,0.41053226535302023,1.0
54,0.3092512920321375,0.09028064518475515,0.52822193887952,1.0,0.2857036015929862,0.08725639920185091,0.48415080398412147,1.0
55,0.2970578802608269,0.08104853503567352,0.5130672254859803,1.0,0.2712597516116458,0.07537631046976773,0.46714319275352384,1.0
56,0.2859423886780538,0.07721603976280228,0.4946687375933054,1.0,0.2513677281049195,0.05955829684297945,0.44317715936685953,1.0
57,0.28171080352598393,0.07075358834236517,0.4926680187096027,1.0,0.24963025625215232,0.06538685793623658,0.43387365456806803,1.0
58,0.30882301149888874,0.09599043523227926,0.5216555877654983,1.0,0.27175003582672347,0.07962467424531103,0.4638753974081359,1.0
59,0.29770039868477144,0.078087562713727,0.5173132346558159,1.0,0.2703121186478009,0.0703507094518031,0.4702735278437987,1.0
60,0.24963627746625722,0.053209029477971126,0.4460635254545433,1.0,0.23969343332053455,0.06125189754544502,0.4181349690956241,1.0
61,0.2963737151479692,0.046487456659910886,0.5462599736360274,1.0,0.24768180745080548,0.025380771733619273,0.46998284316799166,1.0
62,0.278215073435075,0.07798031034009273,0.4784498365300573,1.0,0.304637556853402,0.10364220049323611,0.5056329132135678,1.0
63,0.3072561254490499,0.07941714520614213,0.5350951056919577,1.0,0.2924841139388305,0.07638143839450329,0.5085867894831577,1.0
64,0.3110122234310657,0.09250112632942167,0.5295233205327098,1.0,0.26970504054455074,0.07469347050187233,0.46471661058722913,1.0
65,0.2911124159532953,0.0643859916068103,0.5178388402997802,1.0,0.26457859479309076,0.06099198734730124,0.46816520223888025,1.0
66,0.29628886765126033,0.06345658526304351,0.5291211500394771,1.0,0.2954756935538782,0.07782364394119509,0.5131277431665613,1.0
67,0.3035757154384911,0.09903589751191202,0.5081155333650702,1.0,0.2823342033342687,0.0895005845651625,0.4751678221033748,1.0
68,0.3008396609827558,0.10190128896932985,0.49977803299618173,1.0,0.28293578406213926,0.09184715493528528,0.47402441318899324,1.0
69,0.32535456750451974,0.10172352809299331,0.5489856069160461,1.0,0.29066875719819746,0.0800004360120205,0.5013370783843745,1.0
70,0.3179315179654738,0.11707993461702865,0.518783101313919,1.0,0.3001036815846292,0.10006242301981483,0.5001449401494436,1.0
71,0.2964777201747083,0.06680092452732014,0.5261545158220965,1.0,0.25268455831749187,0.05240035185660327,0.45296876477838044,1.0
72,0.2998743907017102,0.08317211635277594,0.5165766650506445,1.0,0.27395659642069603,0.07561222969918982,0.47230096314220227,1.0
73,0.32530727702147294,0.1108199149920299,0.539794639050916,1.0,0.29074456917421965,0.09959687193945854,0.48189226640898075,1.0
74,0.2548831607625805,0.06000051258727668,0.4497658089378843,1.0,0.24351523303610773,0.06456461651634782,0.42246584955586763,1.0
75,0.23894839201273949,0.03554413707607576,0.44235264694940324,1.0,0.21076417899195704,0.034623620581282405,0.38690473740263165,1.0
76,0.24605317808620852,0.04681488669697892,0.44529146947543813,1.0,0.22329664775702313,0.05152880092066758,0.39506449459337867,1.0
77,0.33091730865278257,0.10209040136989186,0.5597442159356733,1.0,0.31394284816982926,0.09664378606253574,0.5312419102771228,1.0
78,0.2658406787369034,0.06440618326141778,0.46727517421238907,1.0,0.24788956432688905,0.06403154340272174,0.4317475852510564,1.0
79,0.2752685066716643,0.049147825616932345,0.5013891877263963,1.0,0.2638348432427177,0.049964583133770224,0.4777051033516652,1.0
80,0.30482035674206304,0.08177981388512254,0.5278608995990035,1.0,0.26402723147090645,0.067516899906888,0.4605375630349249,1.0
81,0.24680331186791116,0.053764065422621216,0.43984255831320107,1.0,0.23110558696430344,0.05159911657019661,0.4106120573584103,1.0
82,0.2532828872598117,0.053474590904059566,0.4530911836155638,1.0,0.2243403360644934,0.044608049824885476,0.40407262230410135,1.0
83,0.24576222925875837,0.04992381403985682,0.4416006444776599,1.0,0.22591088196977024,0.05313277494221991,0.3986889889973206,1.0
84,0.30914110905767206,0.09310054853856942,0.5251816695767747,1.0,0.29331589988385215,0.08140685346020204,0.5052249463075023,1.0
85,0.2979495625988596,0.07225458339652341,0.5236445418011957,1.0,0.2704781347657998,0.06399188223403326,0.4769643872975663,1.0
86,0.29450506022189865,0.08350233322159559,0.5055077872222017,1.0,0.28679730513129104,0.08589173377185572,0.48770287649072636,1.0
87,0.2984777864691957,0.07994631446837941,0.517009258470012,1.0,0.2784743636910414,0.07544589752357181,0.481502829858511,1.0
88,0.3150824228855428,0.10068869351185872,0.5294761522592268,1.0,0.3099705122378351,0.10429343482408795,0.5156475896515823,1.0
89,0.28578843145228433,0.06806411172684487,0.5035127511777238,1.0,0.25650730767430013,0.063337531790425,0.44967708355817526,1.0
90,0.27371323443775664,0.06589445144600706,0.48153201742950624,1.0,0.2867596020103648,0.0895662789509325,0.48395292506979715,1.0
91,0.311511061072675,0.09047966312444919,0.5325424590209008,1.0,0.27422541578962584,0.07741544742689413,0.4710353841523576,1.0
92,0.2940083605892607,0.07839408492209887,0.5096226362564226,1.0,0.27336575139165,0.06955120707934431,0.47718029570395565,1.0
93,0.265902085658497,0.07068325283933521,0.4611209184776588,1.0,0.30185101651824897,0.10450630733189778,0.49919572570460014,1.0
94,0.3175738038992712,0.12420252128295903,0.5109450865155833,1.0,0.32589613503427717,0.12500825209082347,0.5267840179777309,1.0
95,0.2907280696834985,0.06797559918471349,0.5134805401822835,1.0,0.26741045465194596,0.06844273201981915,0.46637817728407277,1.0
96,0.3146906246684995,0.09077096626855799,0.538610283068441,1.0,0.27882869184905973,0.06681358729202375,0.4908437964060957,1.0
97,0.3178471815138036,0.11572872953426216,0.519965633493345,1.0,0.3003741539011062,0.09857898162335785,0.5021693261788546,1.0
98,0.2921477885138618,0.07207765591499798,0.5122179211127256,1.0,0.2495795269765934,0.05257137041199958,0.4465876835411873,1.0
99,0.2792318708500786,0.0724390712376621,0.4860246704624951,1.0,0.2567430540069674,0.07337726050253704,0.4401088475113978,1.0
100,0.2773835205757027,0.06901222506520815,0.48575481608619725,1.0,0.24908170964785725,0.050711482705258826,0.4474519365904557,1.0
101,0.2790461119415957,0.06000566238989352,0.49808656149329783,1.0,0.25723963897883934,0.05754587231449135,0.4569334056431873,1.0
102,0.25099790830436425,0.044312874463117435,0.45768294214561106,1.0,0.21238312644305696,0.03640057241712799,0.3883656804689859,1.0
103,0.25096465297787846,0.043864372085893666,0.45806493386986324,1.0,0.21561899273027954,0.03715762782003773,0.39408035764052135,1.0
104,0.3334393824627866,0.11920937887189467,0.5476693860536785,1.0,0.302288178121059,0.10485807846648681,0.4997182777756312,1.0
105,0.25759578310590525,0.057304736952977026,0.4578868292588335,1.0,0.24009146812835805,0.061807407082520194,0.4183755291741959,1.0
106,0.2709147999637165,0.048486410011024494,0.49334318991640846,1.0,0.21480233156283543,0.03107319108982526,0.3985314720358456,1.0
107,0.26522815230852503,0.07883544854652638,0.4516208560705237,1.0,0.27769127803775606,0.09255861054697992,0.46282394552853223,1.0
108,0.27843310195999993,0.06112584748964969,0.4957403564303502,1.0,0.25941452609584015,0.05610211411253596,0.46272693807914433,1.0
109,0.3209223786393563,0.08419783244023646,0.5576469248384761,1.0,0.2909147067773631,0.08208542802530519,0.499743985529421,1.0
110,0.28682982690082326,0.05171998467685118,0.5219396691247953,1.0,0.23910322067613982,0.03892751618168541,0.4392789251705942,1.0
111,0.24421528545983268,0.04846203952348169,0.43996853139618364,1.0,0.22745395503182508,0.05506980621013849,0.3998381038535117,1.0
112,0.27693182286974355,0.05574930618882193,0.4981143395506652,1.0,0.2465576068158889,0.05272523785760744,0.4403899757741704,1.0
113,0.2701596816565373,0.053592982755609,0.48672638055746564,1.0,0.26351160394327733,0.06547118361553156,0.4615520242710231,1.0
114,0.3154929262589601,0.0912438424171759,0.5397420101007443,1.0,0.29398021693471943,0.08287158186061425,0.5050888520088246,1.0
115,0.254732447487663,0.04842901019730286,0.46103588477802315,1.0,0.22290511704331775,0.04241988460083149,0.403390349485804,1.0
116,0.24574796158650608,0.03791314442091617,0.45358277875209596,1.0,0.19792776661816483,0.02547556404439652,0.37037996919193317,1.0
117,0.28571852564639305,0.06813860429098362,0.5032984470018025,1.0,0.2512880527165981,0.058564383850240986,0.4440117215829552,1.0
118,0.3216720565684144,0.09473480426898107,0.5486093088678478,1.0,0.27011263321307677,0.070448050848201,0.46977721557795254,1.0
119,0.27660446864993427,0.06351904085296564,0.48968989644690286,1.0,0.23912382755434322,0.047199301423836965,0.4310483536848495,1.0
120,0.32051994947635326,0.10182039012083696,0.5392195088318695,1.0,0.2782447999298771,0.08300683694762623,0.473482762912128,1.0
121,0.2441428268536857,0.02859380045449081,0.45969185325288064,1.0,0.20934942146290955,0.026970279687668797,0.3917285632381503,1.0
122,0.3378374805025499,0.08609307647292447,0.5895818845321754,1.0,0.28918299636399497,0.06819089885885968,0.5101750938691303,1.0
123,0.31132265770271367,0.08437007664894888,0.5382752387564784,1.0,0.28876949305734206,0.0751380760334637,0.5024009100812205,1.0
124,0.31056962943976263,0.09626975097753546,0.5248695079019898,1.0,0.3133415019755615,0.10525609628391713,0.5214269076672058,1.0
125,0.28784765981481475,0.07338675258245114,0.5023085670471783,1.0,0.2674647660896319,0.07046100755751825,0.4644685246217455,1.0
126,0.30633313637109033,0.08498414499704676,0.5276821277451339,1.0,0.2631814784081548,0.06503683443471575,0.4613261223815939,1.0
127,0.2790257420456888,0.06839177562294335,0.48965970846843426,1.0,0.24639238490567086,0.06559505440609753,0.4271897154052442,1.0
128,0.2898938459325414,0.08020197120248901,0.4995857206625938,1.0,0.26057703128178017,0.07245527563587226,0.44869878692768805,1.0
129,0.2674777793573658,0.070344272758282,0.4646112859564495,1.0,0.2734989010376409,0.0761904019423725,0.47080740013290934,1.0
130,0.26829978281100225,0.06845311966347825,0.4681464459585263,1.0,0.24517365074175307,0.06551984612537035,0.4248274553581358,1.0
131,0.2741819688983839,0.06811744520662924,0.48024649259013863,1.0,0.28039065840962624,0.08313229017147183,0.47764902664778064,1.0
132,0.2873337929277651,0.08635548573459256,0.4883121001209377,1.0,0.2773988651553903,0.08488890272825267,0.46990882758252794,1.0
133,0.29671017188106585,0.08755218437052711,0.5058681593916046,1.0,0.2984131631907059,0.09374418101144852,0.5030821453699632,1.0
134,0.27291596862030604,0.061457830315485434,0.4843741069251266,1.0,0.24430878675873552,0.05674966361796552,0.4318679098995055,1.0
135,0.2858672966641195,0.0799728634094592,0.49176172991877976,1.0,0.27440153635712367,0.07416547598848794,0.4746375967257594,1.0
136,0.2953861554607323,0.07599234494966198,0.5147799659718026,1.0,0.2689353235261109,0.07165456222655958,0.4662160848256622,1.0
137,0.30724919283700947,0.06998414040089315,0.5445142452731258,1.0,0.2679509400679226,0.055994375780150124,0.47990750435569507,1.0
138,0.29198935329806613,0.08027844700831271,0.5037002595878195,1.0,0.2864035298038582,0.07972856892651412,0.49307849068120224,1.0
139,0.26651223240391375,0.04950329888857935,0.48352116591924815,1.0,0.2372041044543243,0.05117257837992453,0.42323563052872404,1.0
140,0.2612948585956031,0.04428096081671562,0.47830875637449055,1.0,0.22540572065051376,0.03965141909688499,0.4111600222041425,1.0
141,0.2916130709317165,0.06131584773123222,0.5219102941322008,1.0,0.2531553891583753,0.04977983879891498,0.45653093951783563,1.0
142,0.3135355563531945,0.08989303515696442,0.5371780775494246,1.0,0.31444594836059386,0.09998674079827163,0.5289051559229161,1.0
143,0.3018135525409792,0.09297481432456994,0.5106522907573885,1.0,0.28100265002593017,0.08897021931364754,0.47303508073821277,1.0
144,0.3100801873270097,0.09475289547194823,0.5254074791820712,1.0,0.2876450280249399,0.08873250162063062,0.4865575544292492,1.0
145,0.31215650790798755,0.0752258705745851,0.54908714524139,1.0,0.2791264892505878,0.07031047326700035,0.48794250523417526,1.0
146,0.25116163911907374,0.04323814224736727,0.4590851359907802,1.0,0.22392510350125092,0.04622090649223323,0.40162930051026857,1.0
147,0.25517279164503714,0.04798316749524634,0.46236241579482795,1.0,0.2211783249651674,0.039073846359334335,0.40328280357100044,1.0
148,0.31679387602216535,0.08510220977100391,0.5484855422733268,1.0,0.26807988975937397,0.06400023184564749,0.4721595476731004,1.0
149,0.3007270618193138,0.07622007363430902,0.5252340500043186,1.0,0.26384486888642456,0.0636059211563264,0.4640838166165227,1.0
150,0.2983857814617116,0.07012698858808075,0.5266445743353424,1.0,0.2688475199635322,0.06102892839976051,0.47666611152730387,1.0
151,0.3225187467659981,0.10896267609310839,0.5360748174388879,1.0,0.3263224335829388,0.1276940015416801,0.5249508656241975,1.0
152,0.2274099760326212,0.0375518888038652,0.4172680632613772,1.0,0.2053401387737713,0.03823938527244761,0.372440892275095,1.0
153,0.311735292104379,0.101950649469333,0.521519934739425,1.0,0.27015035934437004,0.07937900335919815,0.46092171532954196,1.0
154,0.2704612527239792,0.05293911366769649,0.4879833917802619,1.0,0.2569667112855245,0.05215701737739892,0.4617764051936501,1.0
155,0.3341479208825645,0.12545108131088062,0.5428447604542483,1.0,0.31137239411328593,0.10114174046813165,0.5216030477584402,1.0
156,0.253324653712678,0.05891580542832672,0.4477335019970292,1.0,0.22753971193555209,0.05609104396777198,0.3989883799033322,1.0
157,0.3117900930566421,0.09372178341394,0.5298584026993443,1.0,0.2723576859584476,0.0738150758925063,0.47090029602438893,1.0
158,0.31577322544581754,0.09568238583150024,0.5358640650601348,1.0,0.29428265628438505,0.08870065216444462,0.4998646604043255,1.0
159,0.22563582317744443,0.0077534301686318086,0.4435182161862571,1.0,0.19716071711445785,0.009775264897402353,0.3845461693315133,1.0
160,0.2770237251475284,0.06747814330954943,0.4865693069855073,1.0,0.2327464995562329,0.04790375844145717,0.4175892406710086,1.0
161,0.3169585483004377,0.09908228090304877,0.5348348156978266,1.0,0.2975920148878365,0.09603384206032148,0.49915018771535147,1.0
162,0.2929760384633993,0.08843125374987118,0.4975208231769275,1.0,0.29813781554565283,0.09928590426444198,0.4969897268268637,1.0
163,0.3232383347314712,0.11073717965804872,0.5357394898048936,1.0,0.30006906028420044,0.10449257136994203,0.4956455491984588,1.0
164,0.3073960180280649,0.10394935138564723,0.5108426846704825,1.0,0.29395183687820814,0.09485131183028822,0.49305236192612806,1.0
165,0.3011500253974349,0.07911906754327469,0.5231809832515951,1.0,0.27086495635893937,0.0707027989880947,0.471027113729784,1.0
166,0.2503115332448586,0.042861000937084004,0.4577620655526332,1.0,0.23584395810385347,0.047397061916337996,0.4242908542913689,1.0
167,0.31177297080324956,0.08479038005079684,0.5387555615557023,1.0,0.27999788646737667,0.07790274125382443,0.4820930316809289,1.0
168,0.2599716447059538,0.060388430723908704,0.4595548586879989,1.0,0.22912699875296927,0.05013456402637981,0.4081194334795587,1.0
169,0.2633309316496362,0.05999988323990435,0.4666619800593681,1.0,0.23574950898447988,0.05329085491504812,0.4182081630539116,1.0
170,0.2711999890893991,0.06373550420111881,0.4786644739776793,1.0,0.2652333247313516,0.06997365145068568,0.4604929980120175,1.0
171,0.25903719983815215,0.0621556874070876,0.4559187122692167,1.0,0.24534521568588893,0.06716088885029683,0.423529542521481,1.0
172,0.26772743246134817,0.06772728770221798,0.46772757722047836,1.0,0.27382888776836534,0.0756440258758205,0.47201374966091014,1.0
173,0.2837777307205689,0.06166931653127333,0.5058861449098644,1.0,0.24244761756763245,0.04084658518093731,0.4440486499543276,1.0
174,0.275766390503679,0.05912237831372827,0.4924104026936298,1.0,0.22925310303004975,0.047008495418489754,0.4114977106416098,1.0
175,0.29196697687038425,0.07149218628836168,0.5124417674524069,1.0,0.256819815352642,0.04247612417455365,0.4711635065307303,1.0
176,0.34055162645640336,0.09573695753494244,0.5853662953778642,1.0,0.30192439275344224,0.08531172282539018,0.5185370626814942,1.0
177,0.2705417436612018,0.053858013443691594,0.48722547387871207,1.0,0.25635813402417973,0.06075639527042942,0.45195987277793004,1.0
178,0.2760683153161217,0.054286266953595924,0.49785036367864743,1.0,0.22613926551607386,0.03914248085790731,0.4131360501742404,1.0
179,0.3053672887556093,0.09504325068306319,0.5156913268281554,1.0,0.27349122410465887,0.08154719572198135,0.4654352524873364,1.0
180,0.3179505151326031,0.07448661997663192,0.5614144102885743,1.0,0.2751101950726255,0.06126304997664575,0.48895734016860526,1.0
181,0.2477193305637128,0.03151061909204936,0.4639280420353762,1.0,0.23795925753247843,0.04032076897637432,0.43559774608858254,1.0
182,0.25326297188634606,0.04406156204157338,0.4624643817311187,1.0,0.2328573418896703,0.05051347957012192,0.4152012042092187,1.0
183,0.3022780503471367,0.06680219819446251,0.5377539024998108,1.0,0.2714283583117267,0.05754013189642024,0.4853165847270331,1.0
184,0.3139408845899427,0.08649166559550883,0.5413901035843766,1.0,0.2738928899717888,0.06887204984350159,0.478913730100076,1.0
185,0.2816355627673962,0.06662591714331231,0.4966452083914801,1.0,0.2589923372830241,0.06673385713664015,0.4512508174294081,1.0
186,0.24595025554833183,0.042696355156625426,0.44920415594003826,1.0,0.22161357986399796,0.043726517394080455,0.39950064233391547,1.0
187,0.33571459046981256,0.12149545487312624,0.5499337260664989,1.0,0.29183409267632826,0.09591479805682382,0.48775338729583273,1.0
188,0.2362427436305685,0.026342494372380953,0.44614299288875603,1.0,0.20095825495889721,0.022466982895666565,0.37944952702212786,1.0
189,0.3217082591875141,0.10498246160583102,0.5384340567691972,1.0,0.30897815985284754,0.09512945415485247,0.5228268655508426,1.0
190,0.29562989644843274,0.08831446117347136,0.5029453317233941,1.0,0.25913432754053506,0.07229564475136774,0.4459730103297024,1.0
191,0.31526045793109736,0.10128008664912486,0.5292408292130699,1.0,0.2913544110212413,0.09093296556169952,0.49177585648078315,1.0
192,0.31317762524340403,0.1102719820503647,0.5160832684364434,1.0,0.27027021690301606,0.08358898358426331,0.4569514502217688,1.0
193,0.2884196122473911,0.07324467672197615,0.5035945477728061,1.0,0.2605209480669267,0.06126362854247602,0.4597782675913774,1.0
194,0.28970770525758877,0.08391959721039649,0.49549581330478104,1.0,0.2901541930844574,0.09239493921907929,0.4879134469498355,1.0
195,0.31625782334293273,0.09362782102587355,0.5388878256599919,1.0,0.2767513813320937,0.0807543986963308,0.4727483639678566,1.0
196,0.29312634623768236,0.0855511440773323,0.5007015483980324,1.0,0.27521686519724775,0.07874430617451361,0.4716894242199819,1.0
197,0.2889173605536736,0.07488303443960745,0.5029516866677398,1.0,0.2593153387839761,0.06359333195946448,0.45503734560848774,1.0
198,0.27686643896793495,0.07098332758689177,0.48274955034897815,1.0,0.2685560299371809,0.07922009592676232,0.4578919639475995,1.0
199,0.2533040001048677,0.05546700897659165,0.4511409912331438,1.0,0.24250953063000413,0.058784629333825694,0.4262344319261826,1.0
200,0.22456017159541192,0.03458967328577883,0.414530669905045,1.0,0.20304159958827586,0.037365440592870475,0.3687177585836813,1.0
201,0.27538149486364144,0.06529569922459741,0.48546729050268544,1.0,0.27157371834212335,0.06808978909572147,0.4750576475885252,1.0
202,0.3138181714574432,0.10109677750842153,0.5265395654064648,1.0,0.2888084527905472,0.09300817461799771,0.48460873096309665,1.0
203,0.31789857397820065,0.09288407361166703,0.5429130743447342,1.0,0.2800683609965925,0.07706841066588849,0.4830683113272965,1.0
204,0.29131801070995544,0.08998750725368931,0.4926485141662216,1.0,0.26485663226670164,0.06925311902929415,0.46046014550410913,1.0
205,0.2938921637497704,0.06927837692742808,0.5185059505721127,1.0,0.2557761130503092,0.057380629648441345,0.454171596452177,1.0
206,0.2547850447906964,0.06117592532829244,0.4483941642531004,1.0,0.22291886245471385,0.05545560318520379,0.39038212172422393,1.0
207,0.2656762120712882,0.05490302759716828,0.4764493965454082,1.0,0.23298931204162554,0.049649442855720705,0.4163291812275304,1.0
208,0.3136503055584659,0.09575461446570827,0.5315459966512235,1.0,0.28927286586843814,0.0861535239880721,0.4923922077488042,1.0
209,0.30493128203496395,0.09101044169003386,0.5188521223798941,1.0,0.2923470861983716,0.08829769600133236,0.4963964763954108,1.0
210,0.28194187840039286,0.06318720220255108,0.5006965545982347,1.0,0.2526961741609312,0.05551967905292937,0.44987266926893305,1.0
211,0.25516221365815295,0.05855471226456571,0.4517697150517402,1.0,0.23933887930203182,0.05996355349913851,0.41871420510492513,1.0
212,0.29775171757401225,0.08159690701383693,0.5139065281341876,1.0,0.27687553810390486,0.07370910528518346,0.48004197092262624,1.0
213,0.2437714863182697,0.04162849681727934,0.44591447581926,1.0,0.2166581185142386,0.0322970081976926,0.4010192288307846,1.0
214,0.2593169861598739,0.06126230254307949,0.4573716697766683,1.0,0.2346942851323803,0.05848834547889045,0.4109002247858702,1.0
215,0.3033553849906564,0.10039384079269628,0.5063169291886165,1.0,0.25807780886943216,0.0722917490249537,0.4438638687139106,1.0
216,0.3006764599649485,0.09601042268007165,0.5053424972498254,1.0,0.29079748682582457,0.10301266350185836,0.4785823101497908,1.0
217,0.27032725912948813,0.05559015222863517,0.4850643660303411,1.0,0.24717890466153294,0.045885489238064875,0.44847232008500104,1.0
218,0.2877735325599166,0.07223305492628088,0.5033140101935524,1.0,0.28237041059859613,0.0809215453061449,0.48381927589104734,1.0
219,0.2478565353370896,0.039601577807951815,0.4561114928662274,1.0,0.23538744961026853,0.05103280073539801,0.41974209848513905,1.0
220,0.31561752399807647,0.10338764917081048,0.5278473988253425,1.0,0.2941786904564918,0.09414820984356764,0.494209171069416,1.0
221,0.25267217799544117,0.04582840749824507,0.45951594849263727,1.0,0.2333810953102038,0.04906773891485405,0.4176944517055535,1.0
222,0.28831839951408506,0.07877919732461086,0.49785760170355925,1.0,0.26514813373282553,0.07428040122888538,0.4560158662367657,1.0
223,0.23689391137780058,0.03727386523066112,0.43651395752494004,1.0,0.22829505071183107,0.04972196305063467,0.4068681383730275,1.0
224,0.3076421489134761,0.09497795409975895,0.5203063437271932,1.0,0.2854792796630333,0.08784607347668488,0.48311248584938177,1.0
225,0.22659721994605722,0.03153112245365236,0.4216633174384621,1.0,0.21490716364035117,0.039121014230501794,0.39069331305020055,1.0
226,0.24037120610765508,0.05007197037732608,0.4306704418379841,1.0,0.2157637033922005,0.04885440550052059,0.3826730012838804,1.0
227,0.27880132985538225,0.07856379079179288,0.4790388689189716,1.0,0.2829517665804212,0.08654477264439753,0.4793587605164449,1.0
228,0.25242858441489224,0.034140385394338724,0.47071678343544576,1.0,0.21767548274557344,0.03155017779282007,0.40380078769832684,1.0
229,0.32054371750869476,0.10302659934267852,0.538060835674711,1.0,0.3149213755018398,0.10580193085160897,0.5240408201520707,1.0
230,0.30324203268714045,0.08257374951567564,0.5239103158586053,1.0,0.2646751990457279,0.06921406930268878,0.460136328788767,1.0
231,0.2849258152040036,0.0672305003782781,0.5026211300297292,1.0,0.2672591774807831,0.07104393110371507,0.4634744238578511,1.0
232,0.2392031224516093,0.029025666329139277,0.4493805785740793,1.0,0.20783271139700718,0.020964415422227878,0.3947010073717865,1.0
233,0.2921570453940524,0.08797843803648922,0.4963356527516156,1.0,0.28675891747326265,0.08891503326888914,0.48460280167763614,1.0
234,0.32463868287653347,0.11584262624967678,0.5334347395033902,1.0,0.33158295802880505,0.12659840220023977,0.5365675138573703,1.0
235,0.2829000746824656,0.05825810388755212,0.507542045477379,1.0,0.281435032221955,0.07126131364781291,0.49160875079609706,1.0
236,0.2528057762685615,0.05004598243263103,0.45556557010449195,1.0,0.23688983902836772,0.052167815860803574,0.42161186219593183,1.0
237,0.30791503517815405,0.08313556455290946,0.5326945058033986,1.0,0.29303251580226786,0.08700642437704745,0.4990586072274883,1.0
238,0.25092415331076523,0.04585312013073692,0.4559951864907935,1.0,0.2350363262281243,0.05498586296721461,0.415086789489034,1.0
239,0.3052147392947604,0.09963973812981791,0.5107897404597028,1.0,0.3023977561055943,0.09531550865245533,0.5094800035587332,1.0
240,0.3055438179672248,0.09079710042873312,0.5202905355057165,1.0,0.2774831730467568,0.08407001845880091,0.4708963276347127,1.0
241,0.23479677964159226,0.018131202626834708,0.4514623566563498,1.0,0.20649150598062793,0.018912254843244936,0.39407075711801093,1.0
242,0.3378485358392703,0.1345125778601493,0.5411844938183914,1.0,0.316554971242297,0.12466596914883796,0.508443973335756,1.0
243,0.27086322940262303,0.06220489668304166,0.4795215621222044,1.0,0.2358755555693795,0.05325594954929985,0.41849516158945915,1.0
244,0.3158489883204852,0.10313311689803725,0.5285648597429331,1.0,0.2978915108905113,0.09487585532595888,0.5009071664550637,1.0
245,0.2820267893266402,0.07489819427472594,0.4891553843785545,1.0,0.2754979690990818,0.07774398803818608,0.47325195015997756,1.0
246,0.28063603773852464,0.06391432252213652,0.49735775295491275,1.0,0.2749542235895631,0.06935466134337115,0.4805537858357551,1.0
247,0.2931912588529884,0.06494996943438142,0.5214325482715954,1.0,0.2600023410482155,0.054760377095636026,0.465244305000795,1.0
248,0.309685037169867,0.10467624029871331,0.5146938340410208,1.0,0.2856922303535668,0.09654890499815755,0.474835555708976,1.0
249,0.25153906743654814,0.043213354655723735,0.45986478021737254,1.0,0.23350305879525127,0.04854919199150362,0.41845692559899894,1.0
250,0.3156835015635843,0.11059857577332638,0.5207684273538422,1.0,0.30310862946295253,0.10349683149403735,0.5027204274318677,1.0
251,0.275209313896188,0.07170177021610982,0.47871685757626625,1.0,0.2604884356505903,0.07369948497854223,0.4472773863226384,1.0
252,0.2700661490999255,0.07154950309691863,0.4685827951029323,1.0,0.24114513053025335,0.0650985786772704,0.41719168238323634,1.0
253,0.3292203796327793,0.11968859339233781,0.5387521658732207,1.0,0.3018745316581777,0.10588526822439726,0.4978637950919581,1.0
254,0.27476054920089754,0.048027256616951064,0.501493841784844,1.0,0.23893432049627247,0.04179176590041822,0.4360768750921267,1.0
255,0.2411295113278574,0.03462270792183447,0.4476363147338803,1.0,0.23108811977202262,0.04218338113837125,0.419992858405674,1.0
256,0.24463465988563624,0.06236573898800707,0.4269035807832654,1.0,0.21970820212768227,0.05838589872126701,0.38103050553409756,1.0
257,0.3018868611779778,0.09773621357531051,0.5060375087806451,1.0,0.30901904375848765,0.10707862000187904,0.5109594675150962,1.0
258,0.31765154633774095,0.11109222066349772,0.5242108720119842,1.0,0.29520131778130665,0.0968489541614653,0.49355368140114797,1.0
259,0.31591270784882036,0.08216249811066204,0.5496629175869787,1.0,0.27924764698217813,0.0700078516773266,0.48848744228702967,1.0
260,0.27545983761388404,0.06391154375314959,0.4870081314746185,1.0,0.2598427054458519,0.06533524295709522,0.4543501679346086,1.0
261,0.29255146409455096,0.07140253837750038,0.5137003898116015,1.0,0.27215266116965026,0.07307109751157745,0.47123422482772304,1.0
262,0.3396811649094089,0.11838498031985512,0.5609773494989627,1.0,0.31103750597516144,0.11547186373347906,0.5066031482168438,1.0
263,0.29941793695996183,0.08754321661705494,0.5112926573028687,1.0,0.2899851759888549,0.08551947237993549,0.49445087959777434,1.0
264,0.2732880231267793,0.06776501716118377,0.47881102909237483,1.0,0.2629707845400484,0.06616905803142026,0.45977251104867656,1.0
265,0.2961646600920826,0.0971489094461764,0.4951804107379888,1.0,0.28525003289137424,0.09100114124886446,0.479498924533884,1.0
266,0.3140083904411181,0.08916393621624641,0.5388528446659898,1.0,0.29087515652825996,0.08142971634369475,0.5003205967128251,1.0
267,0.2896458195922659,0.07888929600389022,0.5004023431806415,1.0,0.2652317800476216,0.06599304999409353,0.4644705101011497,1.0
268,0.2909889521241338,0.08694037904272406,0.4950375252055435,1.0,0.2713559011176482,0.08122451814663689,0.46148728408865947,1.0
269,0.2598518692515549,0.054979009001495494,0.4647247295016143,1.0,0.234543924132128,0.05248257465860348,0.41660527360565247,1.0
270,0.30746477037510783,0.10271948028876143,0.5122100604614542,1.0,0.290212299644772,0.09425011822795598,0.48617448106158806,1.0
271,0.29645309198535935,0.09691841902174336,0.49598776494897534,1.0,0.28943651049206304,0.10044231700414444,0.47843070397998166,1.0
272,0.29731252266176,0.09219995568878406,0.502425089634736,1.0,0.2775248052925767,0.08314197222922295,0.4719076383559305,1.0
273,0.31154540129693725,0.08259896901812577,0.5404918335757487,1.0,0.27577157555166176,0.06676997686105893,0.4847731742422646,1.0
274,0.28135697381194846,0.053414641330519985,0.5092993062933769,1.0,0.2612696727934361,0.04875785111560485,0.4737814944712674,1.0
275,0.2650699567225395,0.05777654262520629,0.4723633708198728,1.0,0.24409388425969383,0.058820452590164746,0.42936731592922295,1.0
276,0.27825288562369155,0.0702862448160965,0.48621952643128663,1.0,0.26207412623155957,0.06976021553024706,0.4543880369328721,1.0
277,0.31356998914689593,0.09667182509660072,0.5304681531971911,1.0,0.2912626522626122,0.08471136095278231,0.49781394357244213,1.0
278,0.26473982320200906,0.07005507025469773,0.4594245761493204,1.0,0.2440448541478405,0.06824750991993733,0.41984219837574366,1.0
279,0.3231175376431474,0.11309639709621483,0.53313867819008,1.0,0.28299318941520807,0.09239155970613003,0.47359481912428614,1.0
280,0.24473074403267772,0.04555923390874436,0.4439022541566111,1.0,0.2324079284107386,0.0526311141539402,0.412184742667537,1.0
281,0.28622239652782855,0.07962689594112565,0.49281789711453144,1.0,0.28481751931526794,0.08312729540587507,0.48650774322466084,1.0
282,0.28997111623778976,0.05727090497990736,0.5226713274956721,1.0,0.23818669965789968,0.0299521238788083,0.44642127543699106,1.0
283,0.2972047903488548,0.08937201683692284,0.5050375638607867,1.0,0.29731104242529627,0.0926123367918806,0.5020097480587119,1.0
284,0.2983497449099252,0.08339337513489048,0.51330611468496,1.0,0.2685602065021491,0.06953303394758054,0.4675873790567177,1.0
285,0.24127316551252592,0.0477995364656979,0.43474679455935394,1.0,0.23469721693555948,0.057186028587539794,0.41220840528357916,1.0
286,0.2428123541542759,0.042232302147856504,0.4433924061606953,1.0,0.21971709700337946,0.040898273967911264,0.39853592003884764,1.0
287,0.2952840291301917,0.08391049425101721,0.5066575640093662,1.0,0.26606313961805556,0.07357598309407798,0.45855029614203313,1.0
288,0.3185509664132114,0.11288532856088226,0.5242166042655405,1.0,0.29855021017393923,0.09973765539374549,0.497362764954133,1.0
289,0.2525108621682392,0.051524446505119115,0.4534972778313593,1.0,0.23091298504159194,0.05119923267610388,0.41062673740708,1.0
290,0.306227517589439,0.09080568600428804,0.5216493491745899,1.0,0.2785070408640705,0.08282078187745343,0.4741932998506876,1.0
291,0.2899265626491764,0.08298352611557366,0.49686959918277906,1.0,0.27266791193332723,0.07295886782137101,0.47237695604528346,1.0
292,0.28544451435881946,0.0678545834049736,0.5030344453126653,1.0,0.2640558154854614,0.07068583644361154,0.4574257945273113,1.0
293,0.30713687800184564,0.07961661281613583,0.5346571431875554,1.0,0.2772072349456312,0.06941552997487396,0.4849989399163884,1.0
294,0.23997836862775754,0.03639874631854953,0.4435579909369656,1.0,0.21757441977373843,0.0351191489389753,0.4000296906085016,1.0
295,0.2926884683859416,0.07533160413011591,0.5100453326417673,1.0,0.2659332123348531,0.0626048953428579,0.46926152932684834,1.0
296,0.29390801554632967,0.08391433650280175,0.5039016945898576,1.0,0.27132247488963457,0.08098667766495629,0.4616582721143129,1.0
297,0.2827514205550956,0.0718889184081018,0.4936139227020894,1.0,0.2651421523325516,0.0639835635203306,0.4663007411447726,1.0
298,0.3012170041737643,0.0829486377729883,0.5194853705745403,1.0,0.28714420954080666,0.0816234902048183,0.492664928876795,1.0
299,0.2948220253079402,0.06530946725990214,0.5243345833559783,1.0,0.26827271581503886,0.0575624055371573,0.4789830260929204,1.0
300,0.30898934768158315,0.09793394548010828,0.520044749883058,1.0,0.2604167158845871,0.07055980504150003,0.4502736267276741,1.0
301,0.29386450524212854,0.07151423940702059,0.5162147710772365,1.0,0.2624566907711626,0.06460577772787546,0.4603076038144498,1.0
302,0.3175713050894979,0.10087374391893877,0.534268866260057,1.0,0.2997228979337363,0.09802855165459459,0.501417244212878,1.0
303,0.24737915750199813,0.04727444352698115,0.44748387147701507,1.0,0.2336560772350927,0.053947413934066574,0.4133647405361188,1.0
304,0.3071500381395713,0.09701673698057803,0.5172833392985646,1.0,0.2889062659022933,0.09257670508196825,0.48523582672261834,1.0
305,0.30561370535277366,0.08403331694937377,0.5271940937561735,1.0,0.3018506050680612,0.08530139739274997,0.5183998127433724,1.0
306,0.27224139308149103,0.0683777719187301,0.476105014244252,1.0,0.256589148633668,0.06439681632992039,0.4487814809374156,1.0
307,0.2881984517800307,0.06780456285519632,0.508592340704865,1.0,0.2655316201418334,0.06499902927062928,0.4660642110130375,1.0
308,0.24845439241998166,0.06031442033701456,0.43659436450294875,1.0,0.22570143942232285,0.05523088051479744,0.3961719983298483,1.0
309,0.2290442586100416,0.0368425393672388,0.4212459778528444,1.0,0.21209596758801008,0.04194343134072076,0.3822485038352994,1.0
310,0.2870146625564479,0.05406795008895521,0.5199613750239407,1.0,0.24794541769053896,0.03333126182802995,0.462559573553048,1.0
311,0.3049852773950236,0.08872274024089641,0.5212478145491508,1.0,0.28771537189848734,0.08224339218596416,0.4931873516110105,1.0
312,0.2922673204290701,0.08589438922626241,0.4986402516318778,1.0,0.26330557611655275,0.07152181625160003,0.45508933598150547,1.0
313,0.29713337815171226,0.07210471770605612,0.5221620385973684,1.0,0.2487774654621981,0.053498713433770884,0.4440562174906253,1.0
314,0.3016502573202373,0.08539760068984434,0.5179029139506303,1.0,0.28311329715118044,0.0789635278087838,0.4872630664935771,1.0
315,0.26535551149015607,0.0653974001071097,0.46531362287320244,1.0,0.23998496389581386,0.05690656477607259,0.42306336301555514,1.0
316,0.31747984231776727,0.11268437206672816,0.5222753125688064,1.0,0.3273825748141084,0.1277170934789652,0.5270480561492515,1.0
317,0.3031351958030601,0.10905027445268853,0.4972201171534316,1.0,0.2884624392707837,0.1046931339652433,0.4722317445763241,1.0
318,0.30114983718555505,0.09669385997335564,0.5056058143977544,1.0,0.2978721090576653,0.09492430461288254,0.500819913502448,1.0
319,0.3130461243195827,0.08774652565894053,0.5383457229802249,1.0,0.2801845326453681,0.07620274143765232,0.48416632385308384,1.0
320,0.28099674513825307,0.05168857142358971,0.5103049188529164,1.0,0.2554774373077205,0.050638700532756514,0.46031617408268444,1.0
321,0.32415821964405495,0.11436852714386153,0.5339479121442483,1.0,0.30837707562287153,0.11151470424620896,0.505239446999534,1.0
322,0.2532939732280427,0.04957315434561496,0.45701479211047047,1.0,0.23067242929546236,0.04818794821791053,0.41315691037301416,1.0
323,0.25497027825674834,0.04812041221917279,0.4618201442943239,1.0,0.23368378433404619,0.0518428542092553,0.4155247144588371,1.0
324,0.27125691534092067,0.04380408460599111,0.4987097460758502,1.0,0.2320149459482295,0.03858606325161079,0.4254438286448482,1.0
325,0.3050718423356815,0.0717824458130562,0.5383612388583068,1.0,0.2788416624178039,0.0670206997776136,0.4906626250579942,1.0
326,0.2798576365065997,0.07580597032299402,0.48390930269020543,1.0,0.262506126935135,0.06880135162716422,0.45621090224310573,1.0
327,0.2684955501106313,0.07138922817585353,0.4656018720454091,1.0,0.25262238137449583,0.0658495280277363,0.43939523472125536,1.0
328,0.29703374091494983,0.08341777247703316,0.5106497093528665,1.0,0.2571242143016227,0.06316049104781338,0.451087937555432,1.0
329,0.3172238874492544,0.08759650412239028,0.5468512707761185,1.0,0.274633233091911,0.07282418241957439,0.47644228376424763,1.0
330,0.3111284799776508,0.08443340993928736,0.5378235500160142,1.0,0.2745608709208197,0.06944681045199505,0.47967493138964434,1.0
331,0.2938164891486166,0.08344264809677937,0.5041903302004538,1.0,0.27094389759593834,0.07860176568256338,0.4632860295093133,1.0
332,0.29741103866603785,0.07893732673868117,0.5158847505933946,1.0,0.26612607825496737,0.06661581250450302,0.46563634400543175,1.0
333,0.30387717772009665,0.0949139705218898,0.5128403849183035,1.0,0.2959308399202829,0.09871063170305772,0.4931510481375081,1.0
334,0.3043356965349316,0.08549855349117022,0.523172839578693,1.0,0.24578233249658762,0.05822059086205114,0.4333440741311241,1.0
335,0.29884141433478945,0.08423860637100411,0.5134442222985748,1.0,0.27685376641239795,0.0788708949977874,0.47483663782700847,1.0
336,0.24956426128824816,0.04966856150511262,0.4494599610713837,1.0,0.22403916102498259,0.04529839029356594,0.40277993175639926,1.0
337,0.314924013829713,0.11359471729993295,0.5162533103594931,1.0,0.2775318647788898,0.09591131581358506,0.4591524137441946,1.0
338,0.2921652150037845,0.07717723923610728,0.5071531907714617,1.0,0.2941194091809156,0.07375254349379412,0.5144862748680371,1.0
339,0.3274647095245169,0.09648562393764992,0.5584437951113839,1.0,0.3132630146615878,0.09235993263883296,0.5341660966843427,1.0
340,0.3169392262574767,0.10020123034229952,0.5336772221726539,1.0,0.2868194541430217,0.08369070015800364,0.48994820812803974,1.0
341,0.2438698241868877,0.029026579018639864,0.45871306935513556,1.0,0.2186711996070737,0.030796365012924876,0.40654603420122254,1.0
342,0.26633077625046,0.06200150114607078,0.4706600513548492,1.0,0.24051889727872305,0.05823759445728058,0.4228002001001655,1.0
343,0.30577873858689764,0.08553979555823812,0.5260176816155572,1.0,0.31416099063771363,0.10728721024758284,0.5210347710278445,1.0
344,0.30148191369318617,0.08405156730169652,0.5189122600846758,1.0,0.28216036611182144,0.07978469469186877,0.4845360375317741,1.0
345,0.31113692398478643,0.09063529306323756,0.5316385549063353,1.0,0.285593780097917,0.08557144362955069,0.48561611656628334,1.0
346,0.2934476539185982,0.06516084651575324,0.5217344613214431,1.0,0.26865482092967674,0.06173900556803277,0.4755706362913207,1.0
347,0.27778541848269783,0.06077694471203668,0.494793892253359,1.0,0.25956747826313636,0.06473832142519831,0.4543966351010744,1.0
348,0.33037370896964857,0.11196205811620838,0.5487853598230887,1.0,0.30788725206758266,0.10677473997397821,0.5089997641611871,1.0
349,0.27392800984920135,0.06278772023328208,0.48506829946512064,1.0,0.2518955440055836,0.06132438173016552,0.4424667062810017,1.0
350,0.29397660250389923,0.09107900653430975,0.4968741984734887,1.0,0.26297604615768805,0.07197490549046134,0.4539771868249147,1.0
351,0.2936022982166714,0.09527661334634097,0.4919279830870018,1.0,0.28872269106918974,0.0911495575846227,0.48629582455375675,1.0
352,0.25541940295597804,0.05187521283278751,0.45896359307916856,1.0,0.23035197609023592,0.0484678542072407,0.41223609797323113,1.0
353,0.31699770888229667,0.1039604883726219,0.5300349293919715,1.0,0.28421816626742497,0.09268631426314791,0.47575001827170205,1.0
354,0.2991232366310254,0.07642410898123489,0.521822364280816,1.0,0.26751266143523106,0.06160836030205402,0.4734169625684081,1.0
355,0.314528387427222,0.07785977853788864,0.5511969963165554,1.0,0.2649699761477141,0.05738020069654648,0.47255975159888175,1.0
356,0.2840087154743644,0.07998945046472572,0.4880279804840031,1.0,0.27383599009025456,0.0833015532409086,0.4643704269396005,1.0
357,0.31279852993674856,0.07702350732771915,0.548573552545778,1.0,0.281441231078833,0.07502439892726587,0.48785806323040015,1.0
358,0.33463695728622667,0.11527762945290021,0.5539962851195531,1.0,0.3094313105347916,0.10294054488577442,0.5159220761838088,1.0
359,0.30862327240291315,0.10500911467835738,0.5122374301274689,1.0,0.2831066397726011,0.09690246496347213,0.4693108145817301,1.0
360,0.3238266601892824,0.1137379044303077,0.5339154159482571,1.0,0.3063407264703448,0.09910272356189104,0.5135787293787986,1.0
361,0.3073844616553781,0.0852555933045119,0.5295133300062442,1.0,0.299456660900572,0.08713254354528713,0.5117807782558569,1.0
362,0.23560240024499382,0.038662766308081215,0.4325420341819064,1.0,0.19695663076317516,0.02946564253698683,0.3644476189893635,1.0
363,0.25313520535494344,0.055682260920603716,0.4505881497892832,1.0,0.22904879351765461,0.05524946295757316,0.40284812407773607,1.0
364,0.3052873043905262,0.07041150607889862,0.5401631027021538,1.0,0.2810132643814536,0.0693948684015965,0.4926316603613107,1.0
365,0.2563265039922775,0.03887130349577428,0.47378170448878076,1.0,0.2260663203874856,0.03733136914024762,0.4148012716347236,1.0
366,0.296353104822914,0.07893103030234941,0.5137751793434786,1.0,0.2722796120746236,0.07130039258110626,0.4732588315681409,1.0
367,0.29317439037655035,0.0959982004177064,0.4903505803353943,1.0,0.2708439413363356,0.0797114333926496,0.4619764492800216,1.0
368,0.2537853751606957,0.051515331254103736,0.4560554190672877,1.0,0.2234608881182388,0.048347777235366596,0.398573999001111,1.0
369,0.31014890588002697,0.09443641107193804,0.5258614006881159,1.0,0.28799104302562695,0.08376152746600846,0.49222055858524544,1.0
370,0.2570271747650004,0.056556022797592864,0.457498326732408,1.0,0.24696717176992267,0.06117216950244758,0.43276217403739775,1.0
371,0.2712487906688738,0.05417223485213396,0.48832534648561365,1.0,0.2391475029170874,0.05139176762219186,0.42690323821198295,1.0
372,0.30321572918528356,0.10531121172819705,0.5011202466423701,1.0,0.29968305500893366,0.1047546657615605,0.4946114442563068,1.0
373,0.2759700864184727,0.07226491379074598,0.47967525904619945,1.0,0.2597087677795974,0.07214516659899953,0.4472723689601953,1.0
374,0.2652927791840172,0.05730203775734144,0.473283520610693,1.0,0.2396654993284158,0.056453260661329996,0.4228777379955016,1.0
375,0.2507142344978086,0.050758998867019456,0.45066947012859776,1.0,0.24151144345915107,0.053879132504635274,0.42914375441366687,1.0
376,0.31218703643271334,0.08881627573993775,0.5355577971254889,1.0,0.2899322794685033,0.08274752477508299,0.49711703416192365,1.0
377,0.28219859763418675,0.06134623905367223,0.5030509562147013,1.0,0.2539027145156136,0.0560364019376674,0.45176902709355976,1.0
378,0.279424492352037,0.07598034329254796,0.48286864141152597,1.0,0.2577980098558389,0.07208819249815593,0.4435078272135219,1.0
379,0.3020801379413382,0.09344695417650647,0.5107133217061699,1.0,0.2854255716493484,0.09053010038690654,0.48032104291179023,1.0
380,0.23917498534516612,0.04434130017681251,0.43400867051351977,1.0,0.21698263490190364,0.04790312903055055,0.38606214077325673,1.0
381,0.2419605513570075,0.03543518330600384,0.4484859194080112,1.0,0.20693087510861938,0.029854985393416134,0.3840067648238226,1.0
382,0.2829017923135808,0.07910954250783991,0.4866940421193217,1.0,0.26953237769491084,0.07840340125607165,0.46066135413375003,1.0
383,0.30483071545124446,0.10036412991253355,0.5092973009899554,1.0,0.2996422964014538,0.09373469426456893,0.5055498985383386,1.0
384,0.303584620691028,0.10748783772082848,0.4996814036612275,1.0,0.29976172056616496,0.10226897945758906,0.49725446167474086,1.0
385,0.2644715916939528,0.04883957743330605,0.48010360595459955,1.0,0.23867378598201758,0.05048415290693592,0.42686341905709924,1.0
386,0.2849115235582125,0.07114425459262239,0.49867879252380254,1.0,0.27633749033379695,0.08274983589008536,0.4699251447775086,1.0
387,0.3141529736196312,0.10696198576170737,0.521343961477555,1.0,0.2844176010499551,0.08720395527722818,0.48163124682268205,1.0
388,0.3119133514554149,0.09208639005918695,0.5317403128516428,1.0,0.3009406696097583,0.09515419435171765,0.5067271448677989,1.0
389,0.29682751891228304,0.09016687596876583,0.5034881618558003,1.0,0.2918438440455052,0.09051487280787893,0.4931728152831314,1.0
390,0.24974688778064077,0.06113777700188067,0.4383559985594009,1.0,0.1975368997289169,0.03822099687286207,0.3568528025849717,1.0
391,0.2677662634639026,0.06058745846491728,0.47494506846288786,1.0,0.25799176206939106,0.06309378204785088,0.45288974209093125,1.0
392,0.30189980051803894,0.08714240027442371,0.5166572007616541,1.0,0.2819696040513047,0.07936433022564196,0.4845748778769675,1.0
393,0.32139999090549043,0.10099944802965302,0.5418005337813279,1.0,0.3015312611687662,0.09987780235722132,0.5031847199803111,1.0
394,0.32187605830022636,0.11599040384172515,0.5277617127587275,1.0,0.3007960754238093,0.10459133366967185,0.49700081717794675,1.0
395,0.2890901354522246,0.06845176971794664,0.5097285011865026,1.0,0.2616983854069597,0.06368337865000875,0.4597133921639107,1.0
396,0.28008903963804177,0.05448156206781635,0.5056965172082672,1.0,0.22547394009637844,0.037906389672850926,0.41304149051990596,1.0
397,0.30180977045045376,0.08541791788194542,0.5182016230189621,1.0,0.29993140062646806,0.09072622385193888,0.5091365774009973,1.0
398,0.2778212594039022,0.06978985556963935,0.485852663238165,1.0,0.24291034404460807,0.05909707276918094,0.4267236153200352,1.0
399,0.28529703820287944,0.061602783577720976,0.5089912928280379,1.0,0.247860737788911,0.0489679321531106,0.4467535434247114,1.0
400,0.2989997961631466,0.05985309957362908,0.5381464927526641,1.0,0.2690386476387456,0.05824074701899648,0.47983654825849464,1.0
401,0.3059651155709895,0.08355332093305246,0.5283769102089265,1.0,0.26890943506642667,0.07110912502776578,0.46670974510508756,1.0
402,0.24075184046626474,0.04157512318904763,0.43992855774348183,1.0,0.24049140803336216,0.0599811784903444,0.42100163757637993,1.0
403,0.31225639453656046,0.08976906491483205,0.5347437241582889,1.0,0.27894254336948704,0.08219242451914632,0.47569266221982776,1.0
404,0.24989203611488614,0.041393313753982586,0.4583907584757897,1.0,0.21152487011086837,0.03498372221951965,0.3880660180022171,1.0
405,0.3158120429991334,0.08990092783850001,0.5417231581597668,1.0,0.2922619356529681,0.08547182096612513,0.49905205033981104,1.0
406,0.27744722868777244,0.07037559700369003,0.4845188603718549,1.0,0.27840550098211453,0.07992273510987996,0.4768882668543491,1.0
407,0.31446300237354796,0.0774130947288317,0.5515129100182642,1.0,0.27111626022467117,0.05973190735217418,0.4825006130971682,1.0
408,0.28000064761260723,0.0666744849898584,0.4933268102353561,1.0,0.24753113365134374,0.057262769035391264,0.43779949826729625,1.0
409,0.30624545781992624,0.07778347648485193,0.5347074391550005,1.0,0.2794521506337516,0.0779274962089567,0.48097680505854656,1.0
410,0.2559191992265181,0.05511129520060029,0.45672710325243593,1.0,0.2316253588615073,0.053978812588197284,0.40927190513481737,1.0
411,0.24841376042433827,0.04368769802729841,0.4531398228213781,1.0,0.2533686502972303,0.05971365198459738,0.44702364860986327,1.0
412,0.2951513335349712,0.09281710211638558,0.4974855649535568,1.0,0.2735748466204894,0.08624652894121909,0.46090316429975975,1.0
413,0.32706461188177927,0.11559960829238439,0.5385296154711742,1.0,0.2855885135726812,0.09397296607784775,0.4772040610675147,1.0
414,0.2796052030306619,0.07110743705916675,0.488102969002157,1.0,0.26248545628872033,0.07458805965850249,0.4503828529189382,1.0
415,0.23824051812499217,0.03302731402764192,0.4434537222223424,1.0,0.21402552053570337,0.03480308092665685,0.3932479601447499,1.0
416,0.3122865507965081,0.08652071096117134,0.5380523906318448,1.0,0.2713104068589481,0.069629254894611,0.47299155882328514,1.0
417,0.2961589690745684,0.07320633774594107,0.5191116004031957,1.0,0.28234189340459404,0.0762895410899597,0.4883942457192284,1.0
418,0.2632067249427999,0.05682175547013202,0.4695916944154678,1.0,0.2457772518795152,0.057750561496887454,0.43380394226214297,1.0
419,0.2364436088868441,0.040167536137676874,0.4327196816360113,1.0,0.20829553433264092,0.03456317577080631,0.38202789289447553,1.0
420,0.2971796717257149,0.06595017268230063,0.5284091707691292,1.0,0.26320831890901303,0.059692631467393814,0.46672400635063227,1.0
421,0.2805590157462217,0.06928928538116022,0.49182874611128324,1.0,0.28104263750473163,0.07831265904030771,0.48377261596915555,1.0
422,0.2850311102315644,0.07638356595306403,0.49367865451006476,1.0,0.26743368953015706,0.07160455424436482,0.46326282481594927,1.0
423,0.24134632808433568,0.04879717978065845,0.4338954763880129,1.0,0.21737895168941943,0.05047989036476894,0.38427801301406994,1.0
424,0.3394583580813278,0.11266536427566823,0.5662513518869874,1.0,0.30140856580092046,0.09544407284157089,0.5073730587602701,1.0
425,0.32276001410456495,0.0970424378524119,0.5484775903567181,1.0,0.3032962447286933,0.09243485421005918,0.5141576352473275,1.0
426,0.2977147531920873,0.10259190076095218,0.49283760562322243,1.0,0.25818240442790186,0.07820780056002569,0.438157008295778,1.0
427,0.27161093356634236,0.07138520026114104,0.4718366668715437,1.0,0.24215914934660449,0.06440977416157778,0.4199085245316312,1.0
428,0.3059126101162357,0.10730651143526126,0.5045187087972102,1.0,0.2795186106275149,0.09711548418251673,0.46192173707251305,1.0
429,0.22988043062275862,0.033692468479867954,0.4260683927656493,1.0,0.228765759259638,0.048957600023599335,0.40857391849567665,1.0
430,0.31704415979031253,0.10398087314754126,0.5301074464330838,1.0,0.31060180039120083,0.10651648317416854,0.5146871176082332,1.0
431,0.2971866303699387,0.0797167354320149,0.5146565253078625,1.0,0.26618848775458354,0.06945232584593244,0.46292464966323466,1.0
432,0.27868526527434145,0.07995349115051945,0.4774170393981635,1.0,0.24529668739023147,0.06301427695636755,0.4275790978240954,1.0
433,0.31710784014258425,0.09287753624751727,0.5413381440376512,1.0,0.2778372745782042,0.07437094453806936,0.481303604618339,1.0
434,0.27274549729221964,0.06769455958252787,0.4777964350019114,1.0,0.2321356547690154,0.05686072894785266,0.40741058059017815,1.0
435,0.33073194314952786,0.12745453566690793,0.5340093506321478,1.0,0.3095480248565759,0.10696426028158074,0.5121317894315711,1.0
436,0.2832272429149129,0.08287471963024948,0.4835797661995763,1.0,0.25090033958232194,0.06340847143744249,0.4383922077272014,1.0
437,0.3165581340271635,0.09540941969237737,0.5377068483619496,1.0,0.2938621600684519,0.08921128484548016,0.49851303529142366,1.0
438,0.3004376523485407,0.10268040440113649,0.49819490029594493,1.0,0.29255791534639497,0.10077904965138909,0.4843367810414009,1.0
439,0.2572761901587263,0.055565468711915894,0.45898691160553673,1.0,0.2243466508454631,0.04584767264440581,0.4028456290465204,1.0
440,0.2995748746735558,0.0930210821715155,0.5061286671755961,1.0,0.29599352216479174,0.10144501388597935,0.4905420304436041,1.0
441,0.3193664627526906,0.10292612374994844,0.5358068017554327,1.0,0.32076446208410103,0.10460846282844619,0.5369204613397559,1.0
442,0.2614798712048757,0.05929698412754997,0.46366275828220144,1.0,0.22997837744290778,0.05540058947334059,0.40455616541247497,1.0
443,0.2524951864805762,0.047019792826474505,0.45797058013467784,1.0,0.23466115844156946,0.0509654050456087,0.4183569118375302,1.0
444,0.2817403510405154,0.07029884963758645,0.49318185244344437,1.0,0.2456298514115296,0.05828967771907548,0.43297002510398375,1.0
445,0.25988394057429537,0.05581883284323305,0.46394904830535766,1.0,0.2291122876829142,0.04122878522715223,0.41699579013867616,1.0
446,0.28230777837256055,0.06663314596536016,0.4979824107797609,1.0,0.24698703358495533,0.049653128251822776,0.4443209389180879,1.0
447,0.35514055033700553,0.13616092085938597,0.5741201798146252,1.0,0.3341481605115324,0.12073122967619485,0.5475650913468699,1.0
448,0.23610201741506318,0.027465358617730085,0.44473867621239627,1.0,0.21439903313013656,0.031122874723712612,0.3976751915365605,1.0
449,0.29026954857709497,0.0826552246494861,0.49788387250470384,1.0,0.3000823790533732,0.08891956438631635,0.5112451937204301,1.0
450,0.25604083758657886,0.048878379633209984,0.46320329553994777,1.0,0.226678229982847,0.04413950707512415,0.40921695289056986,1.0
451,0.28424914033999094,0.08248480523469942,0.48601347544528245,1.0,0.2748484030412436,0.07418006223732293,0.47551674384516424,1.0
452,0.24719731948970866,0.04736555551888921,0.4470290834605281,1.0,0.20887827593880975,0.03681839340372328,0.3809381584738962,1.0
453,0.3045518082996422,0.0998564064062388,0.5092472101930455,1.0,0.3125055713908319,0.11008480934007983,0.514926333441584,1.0
454,0.32640048042714753,0.1176409891202802,0.5351599717340149,1.0,0.31416524359848286,0.1037841722493,0.5245463149476657,1.0
455,0.29644655292018546,0.0718170973356127,0.5210760085047582,1.0,0.2553926396142558,0.05113899026919941,0.45964628895931214,1.0
456,0.23202510802052628,0.031201699887602574,0.43284851615345,1.0,0.21543883531494715,0.03382158705327548,0.3970560835766188,1.0
457,0.32029179434771843,0.11039299674252481,0.5301905919529121,1.0,0.3090089122440731,0.10795818303141053,0.5100596414567358,1.0
458,0.2940976752889467,0.08591895692661008,0.5022763936512833,1.0,0.2752756743755426,0.08089267501159969,0.46965867373948555,1.0
459,0.30093018724101067,0.08510957258588345,0.5167508018961379,1.0,0.29381841820727306,0.0824337304804588,0.5052031059340873,1.0
460,0.3089564915876207,0.09632155488897479,0.5215914282862666,1.0,0.262175265698425,0.07282129626482936,0.4515292351320206,1.0
461,0.251645429348634,0.034476477518880416,0.4688143811783876,1.0,0.22560153685445397,0.038106081220759674,0.41309699248814824,1.0
462,0.313098319652184,0.09039624825455667,0.5358003910498113,1.0,0.296481084904249,0.09394221637283415,0.49901995343566385,1.0
463,0.3003967457128171,0.0818519228956541,0.5189415685299801,1.0,0.2632943897561157,0.06489119508389893,0.4616975844283324,1.0
464,0.29383815165106864,0.08822953045672918,0.49944677284540806,1.0,0.2685158431051677,0.07369654469345926,0.4633351415168761,1.0
465,0.3329755059881697,0.11139384053527834,0.5545571714410611,1.0,0.28394367196672843,0.08462601149523102,0.48326133243822583,1.0
466,0.3260081587838609,0.10669011110128315,0.5453262064664387,1.0,0.30149671657544697,0.09258243974054808,0.5104109934103458,1.0
467,0.30516698383099555,0.08895947328279016,0.5213744943792009,1.0,0.3019658580277752,0.09124875063583202,0.5126829654197184,1.0
468,0.2673573050884314,0.0607396650163296,0.47397494516053323,1.0,0.25789972176924014,0.06593687762022832,0.44986256591825197,1.0
469,0.29529282022362785,0.07071329609865767,0.519872344348598,1.0,0.26379178016949734,0.05362328754659512,0.47396027279239955,1.0
470,0.2938010536754616,0.07652582876890154,0.5110762785820216,1.0,0.2724235920639492,0.07285604480975308,0.4719911393181454,1.0
471,0.24490393320020842,0.04258737965138973,0.44722048674902715,1.0,0.22007548542801333,0.042621957776402514,0.3975290130796242,1.0
472,0.27567438757730556,0.06917304241167485,0.48217573274293624,1.0,0.23783874232878435,0.05399319037146855,0.42168429428610016,1.0
473,0.31076848037793003,0.10186875007258703,0.5196682106832731,1.0,0.27534195043066373,0.0860525306516838,0.4646313702096436,1.0
474,0.2518621702384471,0.044566770518597004,0.45915756995829715,1.0,0.22718751804308174,0.04432436847639948,0.410050667609764,1.0
475,0.28410190109568656,0.06565457700336416,0.5025492251880089,1.0,0.2750929998849368,0.06464755433054373,0.4855384454393299,1.0
476,0.3204360524056194,0.1085359683187554,0.5323361364924835,1.0,0.3119727042795835,0.11096229340998559,0.5129831151491815,1.0
477,0.28537396529976344,0.0911079495079126,0.4796399810916143,1.0,0.2947605017689359,0.10198232233866397,0.48753868119920785,1.0
478,0.29496437683707555,0.09387443388881331,0.49605431978533776,1.0,0.27308341707541983,0.08543226992260444,0.4607345642282352,1.0
479,0.30565011550105187,0.0910965086285209,0.5202037223735828,1.0,0.28540080455514505,0.08770822935550593,0.48309337975478417,1.0
480,0.3243993332240428,0.10666786905569062,0.542130797392395,1.0,0.3067269001213784,0.10108719690302365,0.5123666033397332,1.0
481,0.30292671034296303,0.08414729227573664,0.5217061284101894,1.0,0.2732233281561471,0.07257233234335267,0.47387432396894147,1.0
482,0.3111580888482325,0.09652174530886876,0.5257944323875963,1.0,0.3042945122292652,0.09681764701524756,0.5117713774432828,1.0
483,0.3095520224686161,0.09450429593040593,0.5245997490068262,1.0,0.2797176139873213,0.08080321590330633,0.4786320120713363,1.0
484,0.2674255612684662,0.058739183831521685,0.4761119387054108,1.0,0.2398990351836735,0.05620943640294007,0.42358863396440694,1.0
485,0.29912889331760495,0.10035673776552925,0.4979010488696807,1.0,0.2783604464691037,0.09383697061862259,0.46288392231958475,1.0
486,0.2857944191812446,0.08828234542062804,0.4833064929418611,1.0,0.2830856801397394,0.09335426819967257,0.4728170920798062,1.0
487,0.3223631794031325,0.11632237676505441,0.5284039820412106,1.0,0.3158395541785672,0.11510731417963396,0.5165717941775004,1.0
488,0.2392019458170808,0.036037812510135964,0.4423660791240256,1.0,0.2326983426328867,0.05072988615017768,0.4146667991155957,1.0
489,0.2953000072443955,0.103236334642345,0.48736367984644596,1.0,0.30281829116923054,0.11134092560187844,0.4942956567365826,1.0
490,0.27833902467140004,0.057291464953469096,0.499386584389331,1.0,0.25113290278352984,0.05921031746765207,0.44305548809940765,1.0
491,0.3116793620459126,0.09734016198998924,0.5260185621018361,1.0,0.2732341544168001,0.0768326008736687,0.4696357079599315,1.0
492,0.2956335462041491,0.09024671123697178,0.5010203811713264,1.0,0.3000463368435764,0.09765837416409784,0.502434299523055,1.0
493,0.23670603498622592,0.02939790343766671,0.4440141665347851,1.0,0.20232549539881597,0.025533962566727603,0.3791170282309043,1.0
494,0.2784696797886036,0.06073832596553563,0.49620103361167156,1.0,0.26737619581924515,0.06489832467475457,0.4698540669637358,1.0
495,0.28167024127441004,0.0696745271698816,0.4936659553789385,1.0,0.2633242293903461,0.0707817755140803,0.45586668326661195,1.0
496,0.27287146221876907,0.06407996671642818,0.48166295772110995,1.0,0.2549644548648841,0.06310977520759653,0.4468191345221717,1.0
497,0.3178286906846607,0.10275654347904792,0.5329008378902734,1.0,0.2716633351414309,0.08152066562053717,0.4618060046623246,1.0
498,0.25020256310046857,0.0442542188474791,0.45615090735345803,1.0,0.23588335372223124,0.05010307069118322,0.4216636367532792,1.0
499,0.3095506270896193,0.08746321975884488,0.5316380344203937,1.0,0.29825538648942257,0.08334426228737932,0.5131665106914658,1.0
500,0.2620312649654571,0.05046873902806842,0.47359379090284576,1.0,0.24370873864371972,0.05252539104950216,0.4348920862379373,1.0
501,0.2511131876875746,0.045392407803681534,0.4568339675714677,1.0,0.23378402774014265,0.04793939787755283,0.4196286576027325,1.0
502,0.2766695634447434,0.07213257880648333,0.4812065480830035,1.0,0.27797863068461526,0.08540344450809051,0.47055381686114,1.0
503,0.3040874821281366,0.09503911317368977,0.5131358510825834,1.0,0.2661234094792624,0.0728679034897016,0.45937891546882315,1.0
504,0.3201737316595101,0.08539345790735581,0.5549540054116644,1.0,0.2785321818263391,0.07096179450890744,0.48610256914377076,1.0
505,0.2713545381108701,0.06451722114418076,0.47819185507755946,1.0,0.2333008505949624,0.05198647508881779,0.414615226101107,1.0
506,0.2441954312362204,0.036368747434503634,0.45202211503793716,1.0,0.22464707106154508,0.04305564389243183,0.40623849823065833,1.0
507,0.28445968861593374,0.07028611784081859,0.49863325939104886,1.0,0.25988970499256236,0.06575088054440079,0.4540285294407239,1.0
508,0.2796016274716021,0.0560600560274199,0.5031431989157843,1.0,0.25395866130195527,0.05003345289984598,0.4578838697040646,1.0
509,0.25869493587932185,0.058496288666845586,0.4588935830917981,1.0,0.24222160392334796,0.05912509919577649,0.42531810865091946,1.0
510,0.3053424048832261,0.08967800270968831,0.5210068070567639,1.0,0.2718530295373317,0.08009307725096018,0.46361298182370325,1.0
511,0.29557819333759533,0.07925307651951391,0.5119033101556767,1.0,0.27093723671838665,0.0714264304504961,0.4704480429862772,1.0
512,0.32170803256287306,0.09345656763044055,0.5499594974953056,1.0,0.27703349396676247,0.07269354329755273,0.4813734446359722,1.0
513,0.24840595621353978,0.06009520854785133,0.43671670387922823,1.0,0.21839017396326,0.05219500457800921,0.3845853433485108,1.0
514,0.30790622050029665,0.09358487468946508,0.5222275663111282,1.0,0.27197658081491294,0.07821951864518348,0.46573364298464237,1.0
515,0.292684944640865,0.07577534504481323,0.5095945442369167,1.0,0.2711698314386117,0.06825518607981415,0.47408447679740917,1.0
516,0.330179869186728,0.10655882616063145,0.5538009122128245,1.0,0.2856886837919084,0.08324144358318725,0.4881359240006296,1.0
517,0.3217464479578712,0.10142930363875557,0.5420635922769869,1.0,0.29087987826484246,0.08045734365042503,0.5013024128792599,1.0
518,0.31646998914069807,0.08760364536757839,0.5453363329138178,1.0,0.3140687355765732,0.09190098753955683,0.5362364836135896,1.0
519,0.2842168154248759,0.07759233268959123,0.49084129816016064,1.0,0.2705856547274798,0.06687357348098194,0.4742977359739777,1.0
520,0.27060604264564586,0.05147309552266016,0.48973898976863156,1.0,0.24160820663951682,0.05100154357849973,0.4322148697005339,1.0
521,0.2760227260871818,0.07311224624917398,0.4789332059251896,1.0,0.24713822905243615,0.06483756602486468,0.42943889208000763,1.0
522,0.2908340224502007,0.08314145905118628,0.49852658584921505,1.0,0.2789122098469825,0.08677700746643119,0.4710474122275338,1.0
523,0.2571743010143139,0.060171080695668344,0.4541775213329594,1.0,0.2363651396291719,0.05767081616078906,0.41505946309755476,1.0
524,0.24501776141723558,0.04371756344954911,0.446317959384922,1.0,0.22899124740196092,0.04843816818536978,0.40954432661855206,1.0
525,0.31391122388955833,0.11228156962016567,0.515540878158951,1.0,0.2946405076711542,0.10627538686852012,0.48300562847378825,1.0
526,0.3167189083765401,0.11401783771241211,0.5194199790406681,1.0,0.32348938783476894,0.12448135227782228,0.5224974233917156,1.0
527,0.28920024767565594,0.05514799172143084,0.5232525036298811,1.0,0.254863270141553,0.04772041290932538,0.46200612737378066,1.0
528,0.2846271128369136,0.08131096721088604,0.4879432584629412,1.0,0.27867335912388996,0.08858406178413544,0.46876265646364446,1.0
529,0.28519279379353835,0.06986333497826552,0.5005222526088111,1.0,0.262043024760177,0.06511463981089224,0.4589714097094617,1.0
530,0.264762427603176,0.05141273078833941,0.47811212441801254,1.0,0.23251663761307284,0.04864034982901094,0.41639292539713474,1.0
531,0.268402911720527,0.07249558430404879,0.4643102391370052,1.0,0.241469264824328,0.06633741178427677,0.41660111786437926,1.0
532,0.25522177726195777,0.04210260207577529,0.4683409524481402,1.0,0.2326757990936251,0.048539182065880815,0.4168124161213694,1.0
533,0.2937529151488738,0.07541155151545842,0.5120942787822892,1.0,0.27552490680640385,0.07231603766345152,0.4787337759493562,1.0
534,0.309504449046314,0.10037422622744718,0.5186346718651809,1.0,0.28796739300686003,0.08757299405251043,0.48836179196120966,1.0
535,0.32344723245940366,0.11114383732586511,0.5357506275929422,1.0,0.32126336509415254,0.12245454833838221,0.5200721818499229,1.0
536,0.2992281756930924,0.08496337690100147,0.5134929744851833,1.0,0.2744876772372177,0.07493587336446736,0.47403948110996796,1.0
537,0.2905827838151471,0.0843748173549348,0.49679075027535946,1.0,0.2835723197018387,0.09060380697699646,0.476540832426681,1.0
538,0.24835276556634564,0.052513411302911844,0.44419211982977946,1.0,0.20266487220362403,0.0394565936246446,0.36587315078260346,1.0
539,0.2975178660104131,0.07045580539482035,0.5245799266260058,1.0,0.28842300745639027,0.07402917096258002,0.5028168439502005,1.0
540,0.23506469324571908,0.02294138551132327,0.4471880009801149,1.0,0.20482994296730103,0.024004716509657353,0.3856551694249447,1.0
541,0.32512749286863557,0.10968998529234114,0.54056500044493,1.0,0.3230956485353606,0.10314568666666771,0.5430456104040535,1.0
542,0.32500199123799106,0.10248220815970402,0.5475217743162781,1.0,0.3083510555219289,0.09530173261355893,0.5214003784302988,1.0
543,0.31959938258635323,0.11148092529608225,0.5277178398766242,1.0,0.30742489995636546,0.11417249717816721,0.5006773027345637,1.0
544,0.3288257955494074,0.11049373048161484,0.5471578606172,1.0,0.29229464577803627,0.08934442903394352,0.495244862522129,1.0
545,0.3135448478437157,0.09951902764755946,0.527570668039872,1.0,0.3266724363972915,0.11789537501375838,0.5354494977808246,1.0
546,0.32851181315871025,0.10885403333637175,0.5481695929810487,1.0,0.2936563515531497,0.09680612916586395,0.4905065739404354,1.0
547,0.22406363632087087,0.02420869328285108,0.42391857935889066,1.0,0.2055056821509432,0.02574552319498652,0.3852658411068999,1.0
548,0.2896567969390832,0.08124978604422875,0.49806380783393767,1.0,0.2917526504999884,0.09479952164017827,0.48870577935979853,1.0
549,0.29726580682627535,0.09271294051142531,0.5018186731411254,1.0,0.27353477201749765,0.08353752425032945,0.46353201978466585,1.0
550,0.25857626095698744,0.03987934470244747,0.4772731772115274,1.0,0.2472495466074977,0.04883476021938546,0.4456643329956099,1.0
551,0.282871423103979,0.08271695731770251,0.4830258888902555,1.0,0.2616175545992379,0.0737213335267535,0.44951377567172235,1.0
552,0.2997127331411789,0.08017546116660482,0.519250005115753,1.0,0.26698178479376744,0.06464624662307589,0.469317322964459,1.0
553,0.2510445940282006,0.03950607641502926,0.462583111641372,1.0,0.22964855697762218,0.039243922855966284,0.4200531910992781,1.0
554,0.3332785205066866,0.10331710925527485,0.5632399317580984,1.0,0.29071616873854733,0.07979410417994032,0.5016382332971543,1.0
555,0.3034999276950519,0.07231843397141607,0.5346814214186877,1.0,0.2700009276547689,0.0636175454889655,0.47638430982057234,1.0
556,0.32427186584262585,0.10682678970035811,0.5417169419848936,1.0,0.2905454427131102,0.0922029702776484,0.48888791514857205,1.0
557,0.29579247756088084,0.08602932729923046,0.5055556278225313,1.0,0.27098755311734324,0.07216224914299343,0.46981285709169307,1.0
558,0.303949713129161,0.08798780720063665,0.5199116190576853,1.0,0.2882758688160771,0.08634918927159532,0.4902025483605589,1.0
559,0.2766430160690993,0.0789777246775881,0.4743083074606105,1.0,0.2914122996249977,0.09789901742325025,0.48492558182674517,1.0
560,0.2782641535299623,0.07731454604297536,0.47921376101694924,1.0,0.2602376481144398,0.07663769208771565,0.4438376041411639,1.0
561,0.30809015164803316,0.09171401289287143,0.5244662904031949,1.0,0.30150533274376345,0.09434587512868917,0.5086647903588377,1.0
562,0.30323852454878164,0.09945298614088455,0.5070240629566787,1.0,0.2914018926883965,0.09533619367132865,0.4874675917054644,1.0
563,0.30909975883289487,0.10432585410234219,0.5138736635634475,1.0,0.2990917406884422,0.1071030050376304,0.491080476339254,1.0
564,0.29145489137242736,0.07541627879455334,0.5074935039503014,1.0,0.28700591754703203,0.08568517841870693,0.48832665667535713,1.0
565,0.25943291143512304,0.05191295104677432,0.4669528718234718,1.0,0.23036628489298602,0.047349459581996434,0.4133831102039756,1.0
566,0.24461567203739218,0.04880123798453209,0.44043010609025224,1.0,0.2229849149738125,0.05183537642411687,0.3941344535235082,1.0
567,0.30321775615117,0.09363071507921503,0.512804797223125,1.0,0.26285373212149166,0.07508625642863354,0.4506212078143498,1.0
568,0.25526535519577465,0.04337588804562134,0.467154822345928,1.0,0.22934721327435298,0.03946309904354986,0.4192313275051561,1.0
569,0.3034895421783219,0.0757711987528461,0.5312078856037977,1.0,0.27254757961868836,0.06596578796739241,0.47912937126998434,1.0
570,0.23353536741885644,0.03244854849600168,0.43462218634171124,1.0,0.21305995940107714,0.038439499503750474,0.3876804192984038,1.0
571,0.32218451736120324,0.09871954688383072,0.5456494878385758,1.0,0.2767371357817741,0.07734075839655227,0.4761335131669959,1.0
572,0.25341757051993624,0.061669701066117216,0.44516543997375524,1.0,0.24196335120070642,0.06135450009400126,0.42257220230741155,1.0
573,0.31990147538467867,0.1174255391514179,0.5223774116179394,1.0,0.31413214289238334,0.1118268212573815,0.5164374645273851,1.0
574,0.2573782115385414,0.047342152056583736,0.46741427102049904,1.0,0.24249673905078384,0.05453664157216012,0.4304568365294076,1.0
575,0.27834632977060436,0.06654610182795076,0.490146557713258,1.0,0.2522745505505899,0.06086852518081226,0.4436805759203675,1.0
576,0.32238809705507976,0.10028090467595044,0.5444952894342091,1.0,0.3162750800669427,0.10222656531690838,0.5303235948169771,1.0
577,0.27198239455496537,0.06398671332868561,0.47997807578124513,1.0,0.23601633360851718,0.055806233933422794,0.41622643328361153,1.0
578,0.3015468492307692,0.0894671262509987,0.5136265722105396,1.0,0.2725552579527747,0.08353037083395828,0.46158014507159106,1.0
579,0.31869010138578324,0.09042427404848469,0.5469559287230819,1.0,0.2873485988740899,0.07925356700213895,0.4954436307460409,1.0
580,0.2712946481300536,0.053559704950948195,0.489029591309159,1.0,0.23988079430732134,0.047929984490212185,0.4318316041244305,1.0
581,0.30791079413817307,0.10568150009179608,0.51014008818455,1.0,0.3006886677465606,0.10627143871712535,0.49510589677599587,1.0
582,0.28307191164817086,0.08534092233984822,0.4808029009564935,1.0,0.27574048910967025,0.08719504225222915,0.4642859359671113,1.0
583,0.29258171476983696,0.06958706870436634,0.5155763608353076,1.0,0.26066855766382074,0.059408156359222725,0.4619289589684188,1.0
584,0.2471312006653889,0.03767330543184724,0.4565890958989306,1.0,0.2217200853053631,0.03939689046994324,0.40404328014078295,1.0
585,0.2377956867916065,0.03872237782791549,0.43686899575529753,1.0,0.2241569116162345,0.0440337552696759,0.4042800679627931,1.0
586,0.28694459073921635,0.0634187967316803,0.5104703847467524,1.0,0.2604936891057389,0.06024248931275811,0.4607448888987197,1.0
587,0.31796265525486667,0.09996583120069355,0.5359594793090398,1.0,0.26938332094756107,0.07831527425249821,0.46045136764262395,1.0
588,0.2851070435974291,0.06718960503460364,0.5030244821602545,1.0,0.25197591944322606,0.0553760254227601,0.448575813463692,1.0
589,0.25665206831345283,0.06115966279318924,0.4521444738337164,1.0,0.2428572269957331,0.06287819132951292,0.4228362626619533,1.0
590,0.26470818607199964,0.0694484575920987,0.45996791455190056,1.0,0.25412426365755986,0.07353374778506178,0.43471477953005794,1.0
591,0.23390204368172005,0.034685601856528886,0.43311848550691123,1.0,0.20813143186362748,0.03279494105687969,0.38346792267037527,1.0
592,0.25659106921984504,0.045053128142703985,0.46812901029698606,1.0,0.21988339180559682,0.038243201826930084,0.40152358178426356,1.0
593,0.24776832489634074,0.02343795226530912,0.4720986975273723,1.0,0.21267532641732007,0.01970292642791127,0.40564772640672886,1.0
594,0.315394378793519,0.10742113113730839,0.5233676264497296,1.0,0.30279594718182123,0.10135701747742629,0.5042348768862162,1.0
595,0.24738197126689906,0.0377459454022723,0.4570179971315258,1.0,0.21463736243819773,0.03525483200821394,0.3940198928681815,1.0
596,0.2957027324889162,0.09570135838639482,0.4957041065914376,1.0,0.31286999669578774,0.10503154070458104,0.5207084526869945,1.0
597,0.27017612309668754,0.05601908903016342,0.4843331571632117,1.0,0.23342325091049784,0.04694989727557322,0.41989660454542244,1.0
598,0.2814749099666123,0.07960815411233349,0.4833416658208911,1.0,0.28008946828619347,0.08119723260031375,0.4789817039720732,1.0
599,0.32440087525375877,0.10919751162720084,0.5396042388803167,1.0,0.3004765388780605,0.0958819410605943,0.5050711366955266,1.0
600,0.3302791881926294,0.10154634777099314,0.5590120286142657,1.0,0.2917951301801865,0.08486067522296759,0.4987295851374054,1.0
601,0.2820599114614606,0.0559454277694397,0.5081743951534815,1.0,0.2648893778866728,0.054174145439584626,0.475604610333761,1.0
602,0.2524668430515102,0.04490884865300798,0.4600248374500124,1.0,0.2397469716317363,0.05092245797418371,0.4285714852892889,1.0
603,0.27183520873216666,0.04833910934623478,0.49533130811809856,1.0,0.2376829232075018,0.04439402817395352,0.43097181824105013,1.0
604,0.24293733286964675,0.034409704017245885,0.45146496172204764,1.0,0.2129672086139409,0.031837122733910206,0.3940972944939716,1.0
605,0.29759985167642466,0.08284514344216937,0.51235455991068,1.0,0.2693561352817609,0.07068173124200189,0.4680305393215199,1.0
606,0.29648649715975844,0.0871536029186607,0.5058193914008562,1.0,0.27335876441490536,0.0757296303623497,0.47098789846746103,1.0
607,0.2790964843395755,0.06780451857309508,0.4903884501060559,1.0,0.24736888057108863,0.0659415570367303,0.42879620410544694,1.0
608,0.28226720418432016,0.0760393672035885,0.4884950411650518,1.0,0.2737974702204413,0.0806358111446851,0.46695912929619754,1.0
609,0.27266360389154537,0.07786851795744806,0.46745868982564265,1.0,0.2545320865605916,0.0760927564944486,0.43297141662673466,1.0
610,0.3073492411829976,0.10275297231065095,0.5119455100553443,1.0,0.2818833197032407,0.09767864821865349,0.46608799118782795,1.0
611,0.2970454767602988,0.0936905466477507,0.5004004068728469,1.0,0.2920742631274707,0.0937343488340934,0.49041417742084803,1.0
612,0.23152948178624527,0.028800963141331043,0.4342580004311595,1.0,0.19772616925766134,0.024626190086823124,0.3708261484284996,1.0
613,0.265626384453057,0.060057536620303775,0.4711952322858102,1.0,0.2584693698034131,0.07111868244306924,0.445820057163757,1.0
614,0.2770722150876303,0.05808782257460943,0.4960566076006512,1.0,0.2462809137744032,0.0525674982433485,0.4399943293054579,1.0
615,0.25110542767192046,0.046449622610013425,0.4557612327338275,1.0,0.24098848616949453,0.05515586116230367,0.4268211111766854,1.0
616,0.2921648065705715,0.0724933928966442,0.5118362202444988,1.0,0.26696124152978284,0.06213224397545811,0.47179023908410755,1.0
617,0.3050507607158829,0.11504583402739904,0.49505568740436673,1.0,0.3060672862351438,0.11370878274727134,0.4984257897230162,1.0
618,0.31892005758193076,0.11587823743705677,0.5219618777268047,1.0,0.3095928194603792,0.11455807981432317,0.5046275591064352,1.0
619,0.33589671541040145,0.11356015830145952,0.5582332725193434,1.0,0.3064611532899643,0.09458403321780873,0.5183382733621199,1.0
620,0.2637448849594267,0.049505038371539495,0.4779847315473139,1.0,0.24023958541031942,0.04837527453481011,0.43210389628582874,1.0
621,0.3013220385423077,0.08341468813300137,0.5192293889516141,1.0,0.252765591678172,0.060946761418977896,0.444584421937366,1.0
622,0.28510417429111523,0.06840763306877226,0.5018007155134582,1.0,0.27013326931878395,0.06689723416362936,0.47336930447393855,1.0
623,0.2565146601992396,0.051164638014821545,0.46186468238365763,1.0,0.24231280837788974,0.057232074837559765,0.4273935419182197,1.0
624,0.3322106944843203,0.09212711275603908,0.5722942762126015,1.0,0.3000048526967061,0.07617623204844731,0.523833473344965,1.0
625,0.262925582280249,0.054432735580612596,0.4714184289798854,1.0,0.23994238646938543,0.051568820628966255,0.42831595230980457,1.0
626,0.2559991998094727,0.0482262177607555,0.4637721818581899,1.0,0.23567939503109214,0.049051453430522585,0.4223073366316617,1.0
627,0.2786447823930316,0.06495573249033632,0.49233383229572686,1.0,0.2692045845836717,0.06739421000982868,0.4710149591575147,1.0
628,0.23248610678369622,0.027326101011274695,0.43764611255611774,1.0,0.2245955671736338,0.04102442706028228,0.40816670728698534,1.0
629,0.24801581863194694,0.0452646207126054,0.4507670165512885,1.0,0.2416139993763844,0.0586300663093034,0.4245979324434654,1.0
630,0.31074017393859754,0.0873622325027536,0.5341181153744414,1.0,0.283585258193777,0.08266059785511667,0.4845099185324373,1.0
631,0.3045396162070654,0.0996320001583953,0.5094472322557355,1.0,0.2819235567473758,0.09067675195265729,0.4731703615420943,1.0
632,0.3135195923419349,0.10210850107637198,0.5249306836074978,1.0,0.2787745975233644,0.0891700804514671,0.4683791145952617,1.0
633,0.23965767906082566,0.03293509220000179,0.44638026592164953,1.0,0.21432524203728062,0.032832547381338756,0.3958179366932225,1.0
634,0.29273075699948503,0.08413095400805257,0.5013305599909175,1.0,0.2737409877164757,0.07797981981169297,0.4695021556212584,1.0
635,0.24811472018430697,0.031063311119651743,0.46516612924896217,1.0,0.2243742199318986,0.034322477459677814,0.4144259624041194,1.0
636,0.30408013848699567,0.09011911702262804,0.5180411599513632,1.0,0.2887066565602728,0.09253781835736533,0.48487549476318026,1.0
637,0.3161660770722023,0.09340313791219063,0.538929016232214,1.0,0.2943430730022096,0.09337246005112321,0.49531368595329595,1.0
638,0.2758247814616196,0.06624421325172189,0.48540534967151727,1.0,0.24466905806390313,0.05954963015842449,0.4297884859693818,1.0
639,0.3024636962330957,0.10025127391119398,0.5046761185549975,1.0,0.2766207781488654,0.09099912002342384,0.46224243627430694,1.0
640,0.3128842218166994,0.0973714226637171,0.5283970209696817,1.0,0.2747818551399637,0.08124039188848811,0.46832331839143937,1.0
641,0.27250697625792364,0.07056269760614434,0.47445125490970297,1.0,0.24323378111685673,0.06897613723477478,0.41749142499893865,1.0
642,0.2758695594145914,0.050718658460414345,0.5010204603687685,1.0,0.24926256291071275,0.049272782639165846,0.44925234318225965,1.0
643,0.298500676077656,0.10519577899918359,0.49180557315612844,1.0,0.29022673499621,0.09761653662932795,0.482836933363092,1.0
644,0.3265771269691909,0.10899536783554414,0.5441588861028377,1.0,0.28135899854165247,0.0846333565628144,0.47808464052049054,1.0
645,0.2463619794101117,0.06594066526407638,0.426783293556147,1.0,0.22630710484287922,0.06106284126844183,0.39155136841731664,1.0
646,0.3048041281641369,0.10425308134005667,0.505355174988217,1.0,0.29831280635588686,0.09698769997833662,0.4996379127334371,1.0
647,0.24716085532881585,0.05526113305892624,0.4390605775987054,1.0,0.2266473333415458,0.052311016025019474,0.4009836506580721,1.0
648,0.26678538385585554,0.05704593483153694,0.4765248328801741,1.0,0.23710968885123915,0.04524535871166105,0.4289740189908172,1.0
649,0.2777622449628814,0.053730098594837045,0.5017943913309257,1.0,0.27371449139099785,0.05654617042769827,0.4908828123542974,1.0
650,0.30764101497535773,0.09946890727606367,0.5158131226746518,1.0,0.282877648029451,0.08589068781132142,0.47986460824758054,1.0
651,0.3095636421516411,0.09914869139667479,0.5199785929066074,1.0,0.3030995971350129,0.09816212871510166,0.5080370655549241,1.0
652,0.2531145076680683,0.04547661703628553,0.4607523982998511,1.0,0.2170383808080947,0.03972059886570209,0.39435616275048735,1.0
653,0.32449507978662906,0.09112503804354288,0.5578651215297152,1.0,0.2970778779056782,0.08419217728313108,0.5099635785282253,1.0
654,0.2945809386506204,0.08731061799078735,0.5018512593104535,1.0,0.2627539685983074,0.07546985319227051,0.4500380840043443,1.0
655,0.22395537266971205,0.03661597204288203,0.41129477329654207,1.0,0.23475122385521952,0.05862574107912627,0.41087670663131276,1.0
656,0.32664576483943486,0.09741668823725005,0.5558748414416197,1.0,0.28354514699402317,0.08204838408652895,0.4850419099015174,1.0
657,0.2636231319621986,0.04019746342675315,0.4870488004976441,1.0,0.22372619817637998,0.036982781354588434,0.41046961499817153,1.0
658,0.25185060254488534,0.03779926236675757,0.4659019427230131,1.0,0.21841482575077606,0.03071393990230531,0.4061157115992468,1.0
659,0.26951655332297525,0.06645928065738427,0.47257382598856623,1.0,0.2493149551901578,0.06760689478549417,0.4310230155948215,1.0
660,0.2494774297510296,0.049470204484765384,0.44948465501729384,1.0,0.23121026777407513,0.05563908076767718,0.4067814547804731,1.0
661,0.2994770185318403,0.07205996013667956,0.526894076927001,1.0,0.2691392809992128,0.06889663242015462,0.46938192957827096,1.0
662,0.2514163155935786,0.06216386831650447,0.4406687628706527,1.0,0.24523170608262587,0.07053959694323844,0.4199238152220133,1.0
663,0.24973892497475,0.05083884284676632,0.4486390071027337,1.0,0.2338480524798664,0.05526254211904816,0.41243356284068466,1.0
664,0.26291982957448445,0.06808634002380559,0.4577533191251633,1.0,0.2431089300849714,0.06634596949659477,0.419871890673348,1.0
665,0.32701943662998684,0.08799651711651219,0.5660423561434615,1.0,0.2902999148295016,0.07697567674996514,0.5036241529090382,1.0
666,0.29416016424934627,0.09184841045926206,0.49647191803943047,1.0,0.29295497890412237,0.09508998440709371,0.490819973401151,1.0
667,0.32185972989570305,0.08830117221822356,0.5554182875731826,1.0,0.2858785529576948,0.07736186315225577,0.49439524276313385,1.0
668,0.3048384705726209,0.07283785450411867,0.5368390866411232,1.0,0.276653948441347,0.07113789915395624,0.48216999772873775,1.0
669,0.24938833196339424,0.045088767346391334,0.45368789658039715,1.0,0.2335411318601507,0.05294404192965821,0.4141382217906432,1.0
670,0.3034465855823317,0.07590272401874501,0.5309904471459184,1.0,0.2632241801127604,0.06206511297121822,0.4643832472543026,1.0
671,0.22731476002559503,0.03304673406515901,0.42158278598603105,1.0,0.19874103404603058,0.023908772423870128,0.37357329566819103,1.0
672,0.2830933300799642,0.06381002871149918,0.5023766314484291,1.0,0.24596502400728096,0.04959020495614974,0.4423398430584122,1.0
673,0.32511664669800133,0.1214588014179026,0.5287744919781001,1.0,0.31351326830503295,0.11932463689915623,0.5077018997109097,1.0
674,0.24586253054119173,0.04173928726612172,0.4499857738162617,1.0,0.21544937338355355,0.04026469017399656,0.39063405659311057,1.0
675,0.33190129182246975,0.10142211300993087,0.5623804706350086,1.0,0.30035968020072196,0.08971805377993766,0.5110013066215062,1.0
676,0.3039526002908382,0.08527954071908889,0.5226256598625876,1.0,0.257836413896519,0.06258527231735458,0.45308755547568347,1.0
677,0.24826940710067227,0.0409938978196113,0.4555449163817332,1.0,0.22645744905435117,0.04343600741073725,0.40947889069796506,1.0
678,0.28692704007209086,0.08060173217784658,0.4932523479663351,1.0,0.26768868111888955,0.0707201324795691,0.46465722975821,1.0
679,0.25348411952423283,0.04685934959944174,0.46010888944902395,1.0,0.22462989891966406,0.04266952221585768,0.40659027562347044,1.0
680,0.2473564844111013,0.0446800801412878,0.45003288868091484,1.0,0.21719237561821206,0.03507246509543546,0.3993122861409887,1.0
681,0.2402123465523919,0.034320697003119044,0.44610399610166473,1.0,0.24250801033648034,0.053573374539876595,0.4314426461330841,1.0
682,0.2486204185092458,0.05394892125238557,0.44329191576610605,1.0,0.22273227607458507,0.051142189168275176,0.39432236298089496,1.0
683,0.2610476378865491,0.053776816877301736,0.4683184588957965,1.0,0.23030575501048314,0.047992685013586,0.4126188250073803,1.0
684,0.26447350579621587,0.059035622617866296,0.4699113889745654,1.0,0.27048448298635946,0.07501074333654736,0.4659582226361716,1.0
685,0.3128930555072666,0.0972375380107107,0.5285485730038225,1.0,0.28423542605530755,0.08364089755268608,0.484829954557929,1.0
686,0.2671020595252864,0.06345740629885374,0.470746712751719,1.0,0.24413107349212268,0.05853036994884797,0.4297317770353974,1.0
687,0.2864146148705729,0.05075392196470055,0.5220753077764453,1.0,0.2390407119634546,0.024066741774543154,0.45401468215236607,1.0
688,0.3141775788897438,0.09949838910299783,0.5288567686764898,1.0,0.2930211619927373,0.09354363669155497,0.49249868729391966,1.0
689,0.31686288601655793,0.07595919333236423,0.5577665787007516,1.0,0.27703779521409855,0.06395605584831837,0.4901195345798787,1.0
690,0.30294195310663147,0.0994219759165163,0.5064619302967466,1.0,0.27059557415433605,0.07592816448487694,0.46526298382379516,1.0
691,0.3147757511594684,0.10616409630066115,0.5233874060182756,1.0,0.29599723240576997,0.09772621364717107,0.4942682511643689,1.0
692,0.2970960202860719,0.08361760738330434,0.5105744331888394,1.0,0.29568213624819517,0.09919078677206125,0.49217348572432906,1.0
693,0.30542893848578906,0.10899107203984312,0.501866804931735,1.0,0.30517716243455845,0.1099622082111335,0.5003921166579834,1.0
694,0.30070426397733513,0.0935105183098105,0.5078980096448598,1.0,0.2865236832381135,0.0884289217470787,0.4846184447291483,1.0
695,0.2623253271263835,0.04095104381662437,0.4836996104361426,1.0,0.2311952350158874,0.04086354603477638,0.4215269239969984,1.0
696,0.31460174179427136,0.10054707216866315,0.5286564114198795,1.0,0.30198372727560235,0.09395197419676651,0.5100154803544382,1.0
697,0.3053757422467313,0.08374702444899954,0.5270044600444631,1.0,0.29535347143410834,0.08322841164356148,0.5074785312246552,1.0
698,0.29208927579721183,0.08516810394437155,0.4990104476500521,1.0,0.2745174613929533,0.07817636138118145,0.47085856140472515,1.0
699,0.29811341568893585,0.0816354826815244,0.5145913486963473,1.0,0.2569475126597718,0.0666944408172194,0.44720058450232414,1.0
700,0.3017611682082125,0.05880460084050232,0.5447177355759227,1.0,0.2742427014349847,0.05190497776118977,0.49658042510877964,1.0
701,0.2703732031083866,0.06221490049855202,0.4785315057182211,1.0,0.26272437013522065,0.056262313375147865,0.46918642689529344,1.0
702,0.2995529403155185,0.10548458596259899,0.49362129466843796,1.0,0.29407116724005344,0.10356246813384484,0.48457986634626204,1.0
703,0.27109997915188966,0.061551898431722846,0.4806480598720565,1.0,0.2591411628962513,0.06680711205555637,0.4514752137369462,1.0
704,0.30804267280812136,0.10434439108177271,0.51174095453447,1.0,0.2796334225635464,0.08232024527921508,0.4769465998478777,1.0
705,0.3151464504842526,0.0949466742315195,0.5353462267369857,1.0,0.2867644622817844,0.08906512628956903,0.4844637982739998,1.0
706,0.25429974658644644,0.06550011817271228,0.4430993750001806,1.0,0.24856711230254291,0.06807263760723872,0.42906158699784713,1.0
707,0.28348734595923936,0.07324288330476983,0.4937318086137089,1.0,0.28993854147973935,0.07844581634720874,0.50143126661227,1.0
708,0.29274856781126135,0.10170993926792507,0.48378719635459766,1.0,0.28296539477616295,0.09357901087191381,0.4723517786804121,1.0
709,0.23988179020719907,0.04100114562370771,0.43876243479069044,1.0,0.208951213896368,0.03649740302601981,0.3814050247667162,1.0
710,0.296282176341989,0.08546707727308564,0.5070972754108923,1.0,0.2562625389660454,0.05059341986727778,0.461931658064813,1.0
711,0.32361386188530405,0.11250492351651936,0.5347228002540887,1.0,0.301262800089133,0.10038750302996036,0.5021380971483056,1.0
712,0.30681915417591715,0.10292267064948232,0.510715637702352,1.0,0.28087340147502915,0.08011448572846705,0.4816323172215913,1.0
713,0.32670353387167056,0.10093786745893252,0.5524692002844086,1.0,0.29762590356470253,0.09380854405609315,0.5014432630733119,1.0
714,0.26838022683124674,0.06548135338634725,0.4712791002761462,1.0,0.24970903558021126,0.06666817042702183,0.4327499007334007,1.0
715,0.25893519027215767,0.0503357870511075,0.4675345934932078,1.0,0.22949111505328285,0.052682044789225585,0.40630018531734013,1.0
716,0.3003983065336037,0.07899510117605799,0.5218015118911494,1.0,0.2939323647328792,0.08610089321965766,0.5017638362461008,1.0
717,0.2810504291323241,0.07967807556068546,0.4824227827039627,1.0,0.25592337146080907,0.07023976674471752,0.4416069761769006,1.0
718,0.321479157995173,0.08488181278360876,0.5580765032067373,1.0,0.29545988526486133,0.08028487160770573,0.510634898922017,1.0
719,0.27891563164186634,0.07182703256718884,0.48600423071654386,1.0,0.2566894731661013,0.06773297009068502,0.4456459762415176,1.0
720,0.2962713956015549,0.07436080128545641,0.5181819899176534,1.0,0.2716190858812974,0.07097352743514027,0.4722646443274545,1.0
721,0.327610401491038,0.10256685387813563,0.5526539491039404,1.0,0.28506651340617317,0.08537611086116945,0.48475691595117687,1.0
722,0.29396442430948466,0.07923149081550143,0.5086973578034679,1.0,0.28181598364190813,0.08357436558078402,0.48005760170303224,1.0
723,0.22872510743235322,0.038816666656155796,0.41863354820855064,1.0,0.20588785447119076,0.041990264423888424,0.3697854445184931,1.0
724,0.26037086968636247,0.05996963006056022,0.4607721093121647,1.0,0.25860095130743094,0.0655650078921313,0.4516368947227306,1.0
725,0.24729644847410656,0.04787147228702418,0.4467214246611889,1.0,0.21101860941916276,0.038037211452385505,0.38400000738594,1.0
726,0.2603808443411653,0.053358440524299194,0.46740324815803147,1.0,0.22194222401458358,0.0419354995237928,0.4019489485053743,1.0
727,0.29603793162097164,0.08818589869239932,0.5038899645495439,1.0,0.27133428875770893,0.0782151120474569,0.46445346546796096,1.0
728,0.29174952772259866,0.09603759616235721,0.4874614592828401,1.0,0.28824824637539037,0.10132454136295055,0.4751719513878302,1.0
729,0.28301952372620576,0.06636885265524717,0.49967019479716435,1.0,0.2664917909728517,0.06587619785767229,0.4671073840880311,1.0
730,0.2723512927440032,0.06665570730925072,0.4780468781787557,1.0,0.24104483574301702,0.06329945239340973,0.4187902190926243,1.0
731,0.27481437188463637,0.05633042414213674,0.493298319627136,1.0,0.24114819571632642,0.050845335309180284,0.43145105612347256,1.0
732,0.32674458402602746,0.10750388788187523,0.5459852801701797,1.0,0.281040544586216,0.08672043248946132,0.47536065668297073,1.0
733,0.28965098799717803,0.07346939563453406,0.505832580359822,1.0,0.2675586112723717,0.07355914553989226,0.4615580770048511,1.0
734,0.3043498241205272,0.09212134442292591,0.5165783038181284,1.0,0.297315308412032,0.09473592866211922,0.4998946881619448,1.0
735,0.3178842188319338,0.07937429714033592,0.5563941405235316,1.0,0.2897307842642582,0.07955109234955524,0.4999104761789611,1.0
736,0.2967569494135137,0.09232689962515325,0.5011869992018742,1.0,0.26874454497318523,0.08764123393041873,0.44984785601595173,1.0
737,0.2577861559646399,0.05950764804896977,0.45606466388031,1.0,0.22247237669129236,0.050702779900686945,0.39424197348189777,1.0
738,0.2666542685557843,0.047866739278010884,0.4854417978335577,1.0,0.23794337665329493,0.04799801689548819,0.4278887364111017,1.0
739,0.31375274343922144,0.09485537258014956,0.5326501142982933,1.0,0.29771551648521866,0.09787222918364366,0.4975588037867936,1.0
740,0.24627441282208135,0.04079123730362305,0.45175758834053964,1.0,0.23430124696594837,0.04485250261744525,0.42374999131445146,1.0
741,0.30295864245546367,0.10068555755011982,0.5052317273608076,1.0,0.30748365661083327,0.10342297110685336,0.5115443421148131,1.0
742,0.3060642292460104,0.08463048675177454,0.5274979717402463,1.0,0.27631636696360073,0.07378245607960224,0.47885027784759926,1.0
743,0.29674295669478035,0.10089738626951289,0.4925885271200478,1.0,0.29657425730226983,0.10211135876660088,0.4910371558379388,1.0
744,0.3080467001422382,0.08737625814065259,0.5287171421438237,1.0,0.27760317665263984,0.08209138301684865,0.473114970288431,1.0
745,0.3153319828008598,0.09575594068102575,0.5349080249206938,1.0,0.26982133802872116,0.07110416866208694,0.4685385073953554,1.0
746,0.31247876670177194,0.0850823592577035,0.5398751741458404,1.0,0.2749890154585897,0.06808930193537663,0.4818887289818028,1.0
747,0.2924358551656088,0.0747911584903265,0.5100805518408912,1.0,0.2892914323679848,0.08408842938554065,0.49449443535042903,1.0
748,0.3015826953893785,0.10183577439167688,0.5013296163870801,1.0,0.2897909753194665,0.09696328502821794,0.4826186656107151,1.0
749,0.3254793406843114,0.11865590117116756,0.5323027801974552,1.0,0.31280768905718004,0.11276922034614606,0.512846157768214,1.0
750,0.31436796181605875,0.09704872693173094,0.5316871967003866,1.0,0.289515348406369,0.08771074037416568,0.4913199564385723,1.0
751,0.32805270955086724,0.1151916689458655,0.540913750155869,1.0,0.3175862563249309,0.11285238542827311,0.5223201272215887,1.0
752,0.32854823198043753,0.09308334228882392,0.5640131216720512,1.0,0.27420353318512763,0.06558493681418742,0.48282212955606785,1.0
753,0.3057906950126024,0.09978025782231387,0.511801132202891,1.0,0.2734233437897898,0.08023869912174716,0.46660798845783236,1.0
754,0.27870542503901474,0.046843513793911606,0.5105673362841179,1.0,0.25766317588336113,0.04457025535330461,0.47075609641341765,1.0
755,0.30296638800508785,0.09083782355342593,0.5150949524567497,1.0,0.29640003494249056,0.09620259477415216,0.49659747511082897,1.0
756,0.2918271566779768,0.08477513100492609,0.4988791823510276,1.0,0.2823345184298072,0.08750666561990664,0.47716237123970784,1.0
757,0.28443148756473446,0.0673262207997817,0.5015367543296873,1.0,0.25098816851375433,0.05576271026977969,0.44621362675772896,1.0
758,0.29838075615201987,0.06665176413395685,0.5301097481700829,1.0,0.2768572903156192,0.05762809878608122,0.49608648184515713,1.0
759,0.3216299322815126,0.10358123310074624,0.539678631462279,1.0,0.32559139644627694,0.10893805751701474,0.5422447353755391,1.0
760,0.22398413469851242,0.03308143939118702,0.4148868300058378,1.0,0.20670857627137765,0.03649820536418297,0.37691894717857233,1.0
761,0.306453384581252,0.08492743598095503,0.527979333181549,1.0,0.2677879806971816,0.06622055385476208,0.46935540753960114,1.0
762,0.27565275774583214,0.06596830719822364,0.4853372082934406,1.0,0.26710022799486544,0.05935428662331885,0.474846169366412,1.0
763,0.32042175616625596,0.12776650079149243,0.5130770115410195,1.0,0.3065816571058378,0.11767172049243754,0.495491593719238,1.0
764,0.3126268144447165,0.09864380867088926,0.5266098202185437,1.0,0.27885636857011553,0.08427609913216194,0.4734366380080691,1.0
765,0.2836491972383523,0.07275042575407134,0.4945479687226333,1.0,0.26626464763986346,0.07303845280325011,0.4594908424764768,1.0
766,0.298187745178266,0.0634583495635957,0.5329171407929363,1.0,0.2624675285688569,0.04413427918625723,0.4808007779514566,1.0
767,0.30123792917675396,0.09635343062395732,0.5061224277295506,1.0,0.30489838302665584,0.096764336183438,0.5130324298698736,1.0
768,0.3310767711363677,0.09321230296357222,0.5689412393091632,1.0,0.3079362279851574,0.08933252342268766,0.5265399325476272,1.0
769,0.29841957320851614,0.07578812372644483,0.5210510226905875,1.0,0.2671369567552741,0.06191700723953053,0.4723569062710177,1.0
770,0.2985912573683468,0.10042501941306917,0.49675749532362445,1.0,0.2903039892802234,0.0984912543998262,0.48211672416062057,1.0
771,0.22694753005671559,0.03145022075032233,0.42244483936310884,1.0,0.22145414487627008,0.04198353828248344,0.4009247514700567,1.0
772,0.3051844865844849,0.06670828960793526,0.5436606835610345,1.0,0.2703354824857562,0.057599640986364886,0.48307132398514746,1.0
773,0.26884529667944534,0.07411608279084811,0.46357451056804255,1.0,0.2537142766532695,0.06915741353404717,0.4382711397724919,1.0
774,0.28942539855607047,0.0643576182595719,0.5144931788525691,1.0,0.25028423168959846,0.04741115699371329,0.4531573063854836,1.0
775,0.24636955857356704,0.0414293158114358,0.4513098013356983,1.0,0.23492685167864485,0.047311425097664644,0.4225422782596251,1.0
776,0.3139008522433233,0.10035339474826724,0.5274483097383794,1.0,0.2828378317668256,0.08324847510341199,0.4824271884302392,1.0
777,0.269286527187441,0.05167548755454088,0.48689756682034113,1.0,0.2336200178815068,0.035692782365332354,0.43154725339768124,1.0
778,0.29119296813579076,0.06148431031529336,0.5209016259562882,1.0,0.2453529869912777,0.02839039166790397,0.4623155823146514,1.0
779,0.2932992634652449,0.08737456267064905,0.4992239642598407,1.0,0.30772668007892495,0.10048889653379359,0.5149644636240563,1.0
780,0.2786985214338783,0.06892183697568163,0.48847520589207494,1.0,0.29131714752082116,0.08220017413578348,0.5004341209058588,1.0
781,0.3003297303933245,0.0870407049946477,0.5136187557920013,1.0,0.26247925371940645,0.06675901453645627,0.4581994929023566,1.0
782,0.2754481980533442,0.06137171059003374,0.4895246855166546,1.0,0.25713111739282246,0.062476843029930784,0.45178539175571414,1.0
783,0.29455926685761175,0.06801261884265797,0.5211059148725655,1.0,0.26398510276404713,0.05905982908357757,0.4689103764445167,1.0
784,0.3033644612063551,0.09415915937559532,0.5125697630371149,1.0,0.26991812643360097,0.08469028556127609,0.4551459673059258,1.0
785,0.2401031032902194,0.05016837024010562,0.43003783634033316,1.0,0.21174845553361538,0.04518384069837128,0.37831307036885947,1.0
786,0.3107214820065178,0.08774864041138206,0.5336943236016535,1.0,0.2817250112186915,0.07272681758674007,0.4907232048506429,1.0
787,0.26659855310900543,0.05825025315591917,0.4749468530620917,1.0,0.23945720003605683,0.055838062634513796,0.42307633743759987,1.0
788,0.28245954896891173,0.08258461502659895,0.4823344829112245,1.0,0.27881439004089525,0.08172529501624642,0.4759034850655441,1.0
789,0.2737370259981214,0.0662466726722454,0.4812273793239974,1.0,0.2547472706969314,0.06774574850698328,0.44174879288687957,1.0
790,0.26086679682069774,0.05987293490545778,0.46186065873593773,1.0,0.2540756831945576,0.06916924609208108,0.4389821202970341,1.0
791,0.2766106663137594,0.08596055395747862,0.46726077867004023,1.0,0.2780988798143674,0.09156226675735371,0.46463549287138106,1.0
792,0.28846112982627364,0.06763053936240565,0.5092917202901417,1.0,0.28591304516680005,0.08078206330147475,0.49104402703212535,1.0
793,0.26096539882112085,0.0573370609355133,0.46459373670672843,1.0,0.2424090301725927,0.058931796052858504,0.4258862642923269,1.0
794,0.2972544270052025,0.08809441729167541,0.5064144367187295,1.0,0.27801160720249574,0.08188045716435255,0.4741427572406389,1.0
795,0.29233751224085713,0.08503861232470014,0.49963641215701415,1.0,0.2733591385451649,0.07880101680055923,0.4679172602897706,1.0
796,0.2914985354890797,0.08245172901102057,0.5005453419671388,1.0,0.26197728222485306,0.07047837447298311,0.453476189976723,1.0
797,0.30684100405883535,0.10161232260006284,0.5120696855176079,1.0,0.2830049215902861,0.0836895805621316,0.48232026261844063,1.0
798,0.258226080361336,0.04827724841391212,0.46817491230875985,1.0,0.24257088198178545,0.05117416198836955,0.43396760197520134,1.0
799,0.24485872961885546,0.03087230020379031,0.45884515903392065,1.0,0.2273558302741028,0.0397052156765669,0.41500644487163874,1.0
800,0.31697337001183906,0.09694651276228564,0.5370002272613925,1.0,0.2845280859792913,0.086904374476337,0.48215179748224557,1.0
801,0.27505122772028223,0.07545841600922137,0.4746440394313431,1.0,0.27119406148168573,0.0783232386522219,0.46406488431114956,1.0
802,0.25318673249560614,0.06811542711835203,0.4382580378728602,1.0,0.2478056876910603,0.07278126690384829,0.4228301084782723,1.0
803,0.2653461458577154,0.0613424211279357,0.46934987058749505,1.0,0.24677739533314205,0.057386948109216684,0.4361678425570674,1.0
804,0.29797033000195144,0.09265573792135004,0.5032849220825528,1.0,0.2685722846330516,0.07772264139167004,0.45942192787443314,1.0
805,0.26201494522723273,0.04880119207713415,0.4752286983773313,1.0,0.23564470530884638,0.04762702817648984,0.4236623824412029,1.0
806,0.281882505810279,0.08369096682919847,0.48007404479135957,1.0,0.25835505489742966,0.07647704198395616,0.44023306781090316,1.0
807,0.24158903058337255,0.03742508483510376,0.44575297633164135,1.0,0.211473877800703,0.03434120255656922,0.3886065530448368,1.0
808,0.31259086492933735,0.1079304712245178,0.5172512586341569,1.0,0.29260981992992585,0.09816094067334716,0.4870586991865046,1.0
809,0.23893748257001735,0.02276797201085104,0.4551069931291837,1.0,0.20096319778388952,0.01751284528902619,0.38441355027875285,1.0
810,0.25534730669189376,0.04431148658784276,0.46638312679594474,1.0,0.23762085219792142,0.04799001953522522,0.4272516848606176,1.0
811,0.29558487546013706,0.08831240699877971,0.5028573439214944,1.0,0.26241755505779013,0.07451000843244104,0.4503251016831392,1.0
812,0.3104513031302038,0.08855357376552925,0.5323490324948783,1.0,0.3040253123679258,0.09717839391373473,0.5108722308221169,1.0
813,0.24368023512038978,0.0555658316638212,0.4317946385769583,1.0,0.23199038371182457,0.053729502021118036,0.4102512654025311,1.0
814,0.3292996898324262,0.12182496435913376,0.5367744153057186,1.0,0.3055434616998892,0.10905246706505159,0.5020344563347269,1.0
815,0.3088791985928427,0.100763587853929,0.5169948093317563,1.0,0.2820160209363608,0.08538892226933711,0.47864311960338446,1.0
816,0.3127532327497034,0.09042446783153446,0.5350819976678723,1.0,0.2862751496006523,0.08084982345923197,0.49170047574207265,1.0
817,0.29969052936332324,0.08348303067528215,0.5158980280513643,1.0,0.2734380042327592,0.08194999092963318,0.46492601753588525,1.0
818,0.26465802753663226,0.04209121661361828,0.48722483845964626,1.0,0.253025563864026,0.053851615131830205,0.4521995125962218,1.0
819,0.3168075743851745,0.10080831027062737,0.5328068384997215,1.0,0.29717919813524857,0.08936613906006347,0.5049922572104337,1.0
820,0.28975731508585856,0.053751625559947974,0.5257630046117692,1.0,0.26101469936246147,0.051027771562403956,0.471001627162519,1.0
821,0.2521162107096134,0.03936905671014393,0.46486336470908285,1.0,0.24644523907979146,0.05084500918438256,0.44204546897520036,1.0
822,0.24910496453684036,0.04375383872148633,0.45445609035219436,1.0,0.23325730535728248,0.050019903133653065,0.4164947075809119,1.0
823,0.2572948914503679,0.050461274395771805,0.46412850850496395,1.0,0.259468128764261,0.06933769135855564,0.4495985661699664,1.0
824,0.2607902918835907,0.052123270511177516,0.4694573132560039,1.0,0.26776573111544577,0.06589397835494298,0.46963748387594856,1.0
825,0.2949890909470906,0.08418528089216673,0.5057929010020145,1.0,0.28276074512632593,0.08150545202499973,0.48401603822765216,1.0
826,0.290295523324493,0.06377044941236362,0.5168205972366223,1.0,0.27759691321400626,0.07153103085356172,0.4836627955744508,1.0
827,0.3063846855787227,0.0914945808713662,0.5212747902860793,1.0,0.27644016216917355,0.08191263753879968,0.4709676867995474,1.0
828,0.2761702754639038,0.0795142345659485,0.4728263163618591,1.0,0.26042347145724665,0.0739881285471782,0.4468588143673151,1.0
829,0.29241978275430647,0.08330622285131309,0.5015333426572999,1.0,0.313499267159175,0.09524471067381618,0.5317538236445338,1.0
830,0.29888440282218903,0.07632556047755928,0.5214432451668187,1.0,0.2732012944789078,0.07502508065807265,0.4713775082997429,1.0
831,0.3026822441000777,0.09184391277984821,0.5135205754203072,1.0,0.27258573052085455,0.07735979886550814,0.46781166217620096,1.0
832,0.3008914087196572,0.07560998329156784,0.5261728341477465,1.0,0.2693035447922502,0.06121406234295226,0.4773930272415482,1.0
833,0.3239244252826109,0.08515879112183725,0.5626900594433846,1.0,0.28610444303867266,0.07551714792015679,0.49669173815718853,1.0
834,0.27870086608286393,0.07556064406753313,0.4818410880981947,1.0,0.28692271525837915,0.08579108789136825,0.48805434262539005,1.0
835,0.3093290595429284,0.08455348010983912,0.5341046389760177,1.0,0.2887555994538296,0.08369880829965609,0.49381239060800314,1.0
836,0.27465048143174525,0.07023468852839077,0.47906627433509974,1.0,0.24022971936669535,0.06270974589461256,0.41774969283877816,1.0
837,0.3090687241616741,0.1080847254895422,0.510052722833806,1.0,0.2890436047842956,0.1000502272652238,0.47803698230336733,1.0
838,0.24324469499978899,0.044117296801140626,0.44237209319843734,1.0,0.22858435709338887,0.04962242779828949,0.4075462863884882,1.0
839,0.3025140177592132,0.08772273013320078,0.5173053053852257,1.0,0.2818111795517125,0.08300887558741768,0.4806134835160073,1.0
840,0.2753015495426898,0.05786134145214322,0.4927417576332364,1.0,0.23079270689665235,0.04368798076214114,0.41789743303116356,1.0
841,0.24405751751043642,0.03227180857727405,0.45584322644359876,1.0,0.21323658123010986,0.02762902965090752,0.3988441328093122,1.0
842,0.3010622843604028,0.09690759945068542,0.5052169692701202,1.0,0.2928466892485912,0.09580710808221954,0.48988627041496285,1.0
843,0.27693938134001267,0.07589294748253028,0.47798581519749506,1.0,0.24616913610548774,0.06774756148805494,0.42459071072292054,1.0
844,0.3150746423450795,0.09232693183844201,0.537822352851717,1.0,0.28947319135906663,0.08843174881270086,0.4905146339054324,1.0
845,0.2474482566688816,0.0466713326511104,0.4482251806866528,1.0,0.22389659544166768,0.047643582360198944,0.4001496085231364,1.0
846,0.23208713893426733,0.025129211616760794,0.43904506625177386,1.0,0.18965031066200128,0.01636951217615154,0.362931109147851,1.0
847,0.3020410394291444,0.09957307009354366,0.5045090087647451,1.0,0.2808253301731051,0.09456138364091754,0.4670892767052927,1.0
848,0.2945564071552896,0.10181517569156012,0.48729763861901904,1.0,0.293344559625703,0.10726073162627431,0.4794283876251317,1.0
849,0.3281733316600437,0.11544532626541867,0.5409013370546687,1.0,0.3131445698016176,0.11004865088255658,0.5162404887206786,1.0
850,0.23909105217637022,0.027437295799207007,0.45074480855353344,1.0,0.21618097605364736,0.028420182155456802,0.40394176995183795,1.0
851,0.28755479952319735,0.07438771818237852,0.5007218808640161,1.0,0.262214411415479,0.06632521410969747,0.45810360872126055,1.0
852,0.3141243115534546,0.07931801381535702,0.5489306092915522,1.0,0.29175453097139376,0.07358571463022912,0.5099233473125584,1.0
853,0.275201743606686,0.05714929539763558,0.4932541918157364,1.0,0.2639379356621816,0.06791293726628075,0.4599629340580824,1.0
854,0.29563051875875596,0.09837515093093183,0.49288588658658006,1.0,0.30917705305804705,0.10771758962805061,0.5106365164880435,1.0
855,0.2958346156778312,0.06674678691952879,0.5249224444361336,1.0,0.276905357678557,0.0678124299622671,0.4859982853948469,1.0
856,0.3120967077810367,0.10197846557424431,0.5222149499878291,1.0,0.28276104453508905,0.08758332175857483,0.47793876731160323,1.0
857,0.3060526227137134,0.08431601897716984,0.527789226450257,1.0,0.27146432714422963,0.06635224507748899,0.4765764092109703,1.0
858,0.2598194617808323,0.04473630901544545,0.4749026145462192,1.0,0.2596484579538384,0.06406235641885391,0.45523455948882285,1.0
859,0.3149199628691355,0.10722389216338593,0.5226160335748851,1.0,0.29074726176821575,0.09211914947132793,0.48937537406510356,1.0
860,0.22885957991934752,0.03213025006254805,0.425588909776147,1.0,0.205107810517047,0.02890901472205981,0.38130660631203417,1.0
861,0.22762854695951995,0.026698234360930245,0.4285588595581097,1.0,0.2113379456056584,0.03606533542784082,0.38661055578347603,1.0
862,0.32601113056328745,0.09147659638192163,0.5605456647446533,1.0,0.2872044514117144,0.08056274827040266,0.49384615455302616,1.0
863,0.3037401220511931,0.06973698191982924,0.537743262182557,1.0,0.292622251799812,0.07776844226302923,0.5074760613365947,1.0
864,0.29094855032471845,0.08207474741262566,0.49982235323681123,1.0,0.2771613096697919,0.07852762422406762,0.4757949951155162,1.0
865,0.27616174703771584,0.06270604748920139,0.4896174465862303,1.0,0.2503040443544428,0.05813726626027749,0.44247082244860814,1.0
866,0.2567820633956819,0.05761758287747398,0.4559465439138898,1.0,0.23228492551760282,0.05485367358724863,0.409716177447957,1.0
867,0.27824054143093496,0.06659709441311357,0.48988398844875636,1.0,0.24522804082013105,0.061004412681755965,0.42945166895850617,1.0
868,0.31820644285258104,0.09878908902687675,0.5376237966782853,1.0,0.2755039367562257,0.07653927954907852,0.4744685939633729,1.0
869,0.25014821824869327,0.048233851929355004,0.4520625845680315,1.0,0.23351522968893532,0.05136356614792553,0.4156668932299451,1.0
870,0.2889426357361971,0.09180826492077923,0.486077006551615,1.0,0.29587695586941104,0.10514082477171133,0.48661308696711075,1.0
871,0.315332349241565,0.09348280323437888,0.5371818952487512,1.0,0.27287665733610506,0.07885825097832783,0.4668950636938823,1.0
872,0.2962735225184127,0.08640829803338199,0.5061387470034434,1.0,0.27404878565705565,0.0770462758462766,0.4710512954678347,1.0
873,0.31217975744396204,0.09377706445727571,0.5305824504306483,1.0,0.28516847730712835,0.07840855023477875,0.49192840437947793,1.0
874,0.25692166280703577,0.04434088485439769,0.46950244075967384,1.0,0.21921234804336354,0.036425806672109706,0.40199888941461737,1.0
875,0.252556352600947,0.03732514183660657,0.46778756336528743,1.0,0.22235515463836703,0.03641930031362978,0.4082910089631043,1.0
876,0.2610458087398691,0.059829626525322865,0.46226199095441534,1.0,0.23121187845134544,0.0529838841064722,0.4094398727962187,1.0
877,0.3071657197705784,0.08761720981454776,0.526714229726609,1.0,0.29790057186693747,0.08271556802073102,0.513085575713144,1.0
878,0.28370164138026394,0.08127250414122722,0.48613077861930065,1.0,0.2622412621186629,0.07078370813954635,0.4536988160977794,1.0
879,0.26811665513506316,0.053836884321665196,0.4823964259484611,1.0,0.22300809442800928,0.04395604443052936,0.4020601444254892,1.0
880,0.28544716897449635,0.08161545254987337,0.48927888539911935,1.0,0.2734608285639178,0.07768967151481843,0.46923198561301716,1.0
881,0.2837908924691852,0.08806420134867779,0.47951758358969265,1.0,0.28964413529080235,0.0975137570579124,0.48177451352369227,1.0
882,0.26396149261075763,0.06659110314101346,0.4613318820805018,1.0,0.24659002755994952,0.0661879449689512,0.42699211015094785,1.0
883,0.3122123792443535,0.0865237823401398,0.5379009761485672,1.0,0.27887888796292476,0.07133867090877855,0.486419105017071,1.0
884,0.27090930672316543,0.05575205780175305,0.4860665556445778,1.0,0.2574295402922783,0.06269042366226346,0.4521686569222932,1.0
885,0.3300410726692949,0.1108152073235826,0.5492669380150071,1.0,0.2946782088559547,0.09448240967153032,0.49487400804037907,1.0
886,0.2808244604060202,0.06637243660903258,0.49527648420300785,1.0,0.2673494865683172,0.06657725689480759,0.4681217162418268,1.0
887,0.28025937539519685,0.07816814934535665,0.48235060144503705,1.0,0.25789077307236513,0.07448011317851394,0.4413014329662163,1.0
888,0.2496086341039856,0.04312753788202675,0.45608973032594446,1.0,0.22254784108083076,0.04495303760202718,0.40014264455963433,1.0
889,0.25039721842108364,0.0626395625328088,0.4381548743093585,1.0,0.2433057334974798,0.06776685842383959,0.41884460857112005,1.0
890,0.3101182551903339,0.10960764350368252,0.5106288668769854,1.0,0.27847083094075425,0.08585548501804208,0.47108617686346643,1.0
891,0.2898884826072337,0.08487377683320546,0.49490318838126196,1.0,0.2789821130009317,0.08322865169459512,0.4747355743072682,1.0
892,0.24518460071547574,0.03505465603618804,0.45531454539476346,1.0,0.22181024134784522,0.03936687552024504,0.4042536071754454,1.0
893,0.2647155853912226,0.05637441539855409,0.4730567553838911,1.0,0.25343817464111895,0.0659250816277267,0.4409512676545112,1.0
894,0.256930934095674,0.044491094570625084,0.469370773620723,1.0,0.2459666455640352,0.05792699486579361,0.43400629626227677,1.0
895,0.3062676226870678,0.10674865399917574,0.5057865913749598,1.0,0.29091395930891883,0.09983107840404526,0.4819968402137924,1.0
896,0.2753590958203845,0.06822555349079984,0.4824926381499691,1.0,0.2323164809467476,0.05951354991457014,0.40511941197892504,1.0
897,0.2965922756761039,0.06661935556134116,0.5265651957908667,1.0,0.2689333065452096,0.050222454043132414,0.48764415904728675,1.0
898,0.3421653224556995,0.12521894311919257,0.5591117017922065,1.0,0.3255015262883974,0.11738682597733524,0.5336162265994595,1.0
899,0.30776940698848065,0.0855951469393017,0.5299436670376596,1.0,0.25769003453416106,0.06268512240778107,0.45269494666054105,1.0
900,0.25832560000121574,0.04896519650767847,0.467686003494753,1.0,0.2597022181013805,0.062237563154739634,0.4571668730480214,1.0
901,0.23876560730174254,0.0519513056990652,0.4255799089044199,1.0,0.20583802561342754,0.04171444729706347,0.3699616039297916,1.0
902,0.30004157621925337,0.062399228009408086,0.5376839244290986,1.0,0.26457649797005484,0.05446375797220546,0.4746892379679042,1.0
903,0.25792561860619145,0.05602334150240079,0.4598278957099821,1.0,0.2335133241785665,0.054100115698373225,0.4129265326587598,1.0
904,0.31315285634690376,0.08863957755238358,0.5376661351414239,1.0,0.2868422891672773,0.06902913627916316,0.5046554420553914,1.0
905,0.2606592877053968,0.04921724408834105,0.4721013313224526,1.0,0.2298293059830879,0.04612548164153554,0.41353313032464023,1.0
906,0.2779164993739333,0.08517263001766387,0.4706603687302028,1.0,0.29456238009455143,0.0990751977467873,0.49004956244231557,1.0
907,0.2696906267427915,0.05518756846708475,0.48419368501849824,1.0,0.2592594894555694,0.056869707186210955,0.46164927172492787,1.0
908,0.31455049516128053,0.08365928776906872,0.5454417025534923,1.0,0.2669219477255775,0.06547000152739613,0.46837389392375883,1.0
909,0.2966983338198645,0.08170278958877522,0.5116938780509538,1.0,0.2916779283575257,0.0866112927567855,0.49674456395826594,1.0
910,0.3092754974635967,0.09083222321257478,0.5277187717146187,1.0,0.28280172573488865,0.08061886211266639,0.4849845893571109,1.0
911,0.2885952876773625,0.0741770684208306,0.5030135069338943,1.0,0.26725146536698346,0.0686599226284188,0.46584300810554813,1.0
912,0.2781160849286855,0.08072742615049519,0.4755047437068758,1.0,0.2714002091395701,0.07896696963342406,0.4638334486457161,1.0
913,0.292487021998324,0.07057057781445861,0.5144034661821894,1.0,0.26142969506765923,0.05395380009372208,0.4689055900415964,1.0
914,0.3040607174398607,0.0715872357865483,0.5365341990931731,1.0,0.26396355336160615,0.05596440994065688,0.4719626967825554,1.0
915,0.285506957231894,0.07576632111662251,0.4952475933471655,1.0,0.24804817224508846,0.057861422289862074,0.43823492220031485,1.0
916,0.2905824681604404,0.07529228548641495,0.5058726508344659,1.0,0.2536139111750977,0.05845606524138383,0.44877175710881156,1.0
917,0.3024666817147932,0.0929778496727241,0.5119555137568623,1.0,0.2793029139565224,0.08073947980384566,0.47786634810919915,1.0
918,0.318080933655007,0.08341885220580858,0.5527430151042054,1.0,0.2732083278282046,0.07165807676288719,0.474758578893522,1.0
919,0.32059559648167213,0.07589990391110096,0.5652912890522432,1.0,0.2803625959542317,0.068297018173342,0.4924281737351214,1.0
920,0.2933647318791819,0.06210840235071474,0.524621061407649,1.0,0.2547174998229705,0.04901389734094369,0.4604211023049973,1.0
921,0.2991375885893366,0.07894934735101236,0.5193258298276608,1.0,0.25367036332197135,0.06283323927645401,0.4445074873674887,1.0
922,0.25025759753070775,0.04853116627693205,0.45198402878448346,1.0,0.2418727512573825,0.05373249990275855,0.4300130026120065,1.0
923,0.31728595293213746,0.09239251614228253,0.5421793897219924,1.0,0.2785466623428473,0.07637019046258378,0.48072313422311086,1.0
924,0.2696129767879232,0.06309929500652436,0.476126658569322,1.0,0.24752097960914315,0.06581658761711795,0.42922537160116836,1.0
925,0.26837016272122804,0.06461898807861158,0.47212133736384454,1.0,0.24825326223534147,0.06625081482066603,0.4302557096500169,1.0
926,0.33318793747267467,0.12432927090317336,0.542046604042176,1.0,0.3060678359655309,0.10673826062495989,0.5053974113061019,1.0
927,0.2974525804534244,0.08392485845907888,0.5109803024477699,1.0,0.28373022453722757,0.07601397916305441,0.49144646991140073,1.0
928,0.31880885952603405,0.08763967352414939,0.5499780455279187,1.0,0.29595871967108145,0.08548682234432989,0.506430616997833,1.0
929,0.32326404449857554,0.09960583205905732,0.5469222569380938,1.0,0.2975446076793267,0.09032233084414357,0.5047668845145099,1.0
930,0.32415786037070143,0.10643843906938988,0.541877281672013,1.0,0.29849211726546054,0.09218325098815364,0.5048009835427675,1.0
931,0.3334017333820684,0.11369724747192919,0.5531062192922076,1.0,0.298421084482823,0.09086754482133833,0.5059746241443077,1.0
932,0.27329468859642303,0.0591837853180357,0.48740559187481036,1.0,0.2455422822282289,0.05456326062291045,0.43652130383354737,1.0
933,0.24020758589820324,0.02926854351249747,0.451146628283909,1.0,0.20465272388901853,0.02195143926393614,0.38735400851410096,1.0
934,0.27868815476174297,0.05989862320666936,0.49747768631681655,1.0,0.24170656290784243,0.04691631572090138,0.43649681009478347,1.0
935,0.28602473714932686,0.07799550608365535,0.49405396821499836,1.0,0.2818764078907357,0.07840761263497933,0.4853452031464921,1.0
936,0.2866021394247628,0.09265677166924877,0.48054750718027683,1.0,0.31376004033315164,0.11792615106783202,0.5095939295984713,1.0
937,0.2499474070499767,0.05177341173095651,0.4481214023689969,1.0,0.2282533383465813,0.0547872534667663,0.4017194232263963,1.0
938,0.28477059267782623,0.07790960906491215,0.4916315762907403,1.0,0.26586336539931515,0.07033282738042454,0.46139390341820574,1.0
939,0.2668168073949369,0.058074229498513374,0.47555938529136044,1.0,0.22354919047008256,0.04613795492117026,0.40096042601899484,1.0
940,0.3337152078313643,0.10963060568338875,0.5577998099793399,1.0,0.31661827980901,0.10225241561759754,0.5309841440004224,1.0
941,0.28240950953279526,0.07594779082728631,0.4888712282383042,1.0,0.268066259883136,0.07472201888340418,0.4614105008828678,1.0
942,0.27131549279403594,0.06396055825989572,0.47867042732817616,1.0,0.2283143154151305,0.049995293331090485,0.4066333374991705,1.0
943,0.27626136748360186,0.08445230246933011,0.4680704324978736,1.0,0.2633842283163205,0.08497848849863265,0.4417899681340084,1.0
944,0.2798409842869998,0.07090702487049297,0.4887749437035067,1.0,0.25219212103546473,0.06270888105785141,0.441675361013078,1.0
945,0.27897972686469447,0.07412114546778487,0.48383830826160407,1.0,0.255202594064129,0.059155644733393825,0.4512495433948641,1.0
946,0.25207740976713133,0.04367433575948804,0.46048048377477463,1.0,0.2301641386190742,0.04511008744795075,0.41521818979019764,1.0
947,0.24197491011676614,0.022439895883394567,0.4615099243501377,1.0,0.2102920199859188,0.019245504691201842,0.40133853528063573,1.0
948,0.3214861082662514,0.09419187490658801,0.5487803416259148,1.0,0.3106856131971123,0.09463998833602769,0.5267312380581969,1.0
949,0.34846729524978903,0.11518131378335117,0.5817532767162269,1.0,0.332198530061125,0.10219118838580146,0.5622058717364485,1.0
950,0.24780095506926178,0.04760376904260552,0.44799814109591807,1.0,0.2224218635893416,0.04903003192460559,0.3958136952540776,1.0
951,0.27807997359496045,0.06323644821267943,0.49292349897724147,1.0,0.2565120268125002,0.058307627634968495,0.45471642599003187,1.0
952,0.2873517443848077,0.06423383096459656,0.5104696578050189,1.0,0.2683910467894353,0.059906191743849396,0.47687590183502127,1.0
953,0.2970380251432483,0.061515926489774914,0.5325601237967217,1.0,0.28051340689902937,0.05473485643199527,0.5062919573660635,1.0
954,0.27874425261737146,0.06641496237701511,0.4910735428577278,1.0,0.26139113232160965,0.06504265214977653,0.45773961249344275,1.0
955,0.3078575525582807,0.10268335435782439,0.513031750758737,1.0,0.2918386881376603,0.09822981858363711,0.48544755769168346,1.0
956,0.29564371006805606,0.10262467975956965,0.48866274037654245,1.0,0.2798829499700341,0.0949275422270228,0.4648383577130454,1.0
957,0.30134235723992225,0.10057975418775753,0.502104960292087,1.0,0.3182571347208609,0.10892780531793236,0.5275864641237895,1.0
958,0.25177747187442584,0.04173941961679459,0.46181552413205706,1.0,0.2308699610862552,0.04715090995798654,0.4145890122145239,1.0
959,0.317127106801856,0.09182367466260705,0.542430538941105,1.0,0.2850527823041041,0.07421605869130282,0.49588950591690534,1.0
960,0.30424617964177914,0.07910757438905033,0.5293847848945079,1.0,0.2584706876925016,0.06197883233659002,0.45496254304841316,1.0
961,0.26393594624209743,0.05084314483691102,0.47702874764728387,1.0,0.26122965760594974,0.057615844020983825,0.4648434711909156,1.0
962,0.334080733467208,0.12226802189266592,0.5458934450417501,1.0,0.2915321453293895,0.0967093674154553,0.48635492324332363,1.0
963,0.3045124671196474,0.08597119291912467,0.5230537413201701,1.0,0.2739919977775062,0.07868371421150833,0.4693002813435041,1.0
964,0.288604962547607,0.06876890134193656,0.5084410237532774,1.0,0.2643071596636232,0.058326080673923114,0.47028823865332336,1.0
965,0.31762381121351413,0.11129251142825441,0.5239551109987739,1.0,0.28087861070505665,0.09237661665217256,0.46938060475794074,1.0
966,0.28051589529081433,0.08161272788986551,0.47941906269176315,1.0,0.270916118437365,0.08672268023527577,0.4551095566394543,1.0
967,0.296484724923356,0.09503722358975916,0.49793222625695277,1.0,0.2860920090377751,0.09466965199345737,0.47751436608209286,1.0
968,0.2543455170799333,0.05163133696673383,0.4570596971931328,1.0,0.23022679781707203,0.05275823394935353,0.40769536168479054,1.0
969,0.3058056378088703,0.10825328739162463,0.503357988226116,1.0,0.273743233204923,0.08747014117515406,0.46001632523469194,1.0
970,0.29238628191459515,0.08698606281858312,0.4977865010106072,1.0,0.2941982332813212,0.08658683124591574,0.5018096353167267,1.0
971,0.30530954764548185,0.06301062499437612,0.5476084702965875,1.0,0.28818009080568696,0.06465297032180842,0.5117072112895655,1.0
972,0.26313933318334265,0.0624447864879083,0.463833879878777,1.0,0.23223234180378136,0.056149519103523615,0.4083151645040391,1.0
973,0.2429334111315021,0.04243156469706963,0.4434352575659346,1.0,0.20467062366018884,0.03342666007894338,0.37591458724143434,1.0
974,0.3485780201894412,0.11127322434239093,0.5858828160364914,1.0,0.304094160826733,0.08451861018120849,0.5236697114722575,1.0
975,0.3034269028191303,0.09140856780044176,0.5154452378378189,1.0,0.275772385729892,0.08509243323868332,0.46645233822110066,1.0
976,0.3210023149594141,0.08921030884476083,0.5527943210740673,1.0,0.29700560646419727,0.08179175017100881,0.5122194627573857,1.0
977,0.3032959641598088,0.07223598352951566,0.534355944790102,1.0,0.27662439443078274,0.07266574214762267,0.4805830467139428,1.0
978,0.2501880024685026,0.044659962853090346,0.4557160420839148,1.0,0.22914349378365487,0.047507824122438286,0.4107791634448714,1.0
979,0.2960826105765499,0.080025420674943,0.5121398004781568,1.0,0.28310089606310607,0.08263618235193024,0.48356560977428187,1.0
980,0.28696073699254326,0.07039459813838969,0.5035268758466969,1.0,0.2543149761334537,0.06191771881652833,0.44671223345037914,1.0
981,0.2551800262211606,0.021847686261977806,0.4885123661803434,1.0,0.21698729951347046,0.019007151136670758,0.4149674478902702,1.0
982,0.3016502215603791,0.09155613518793443,0.5117443079328237,1.0,0.2718303304304074,0.07883954192419862,0.46482111893661615,1.0
983,0.27390268619483715,0.06139127814619605,0.48641409424347826,1.0,0.2671880730315546,0.06897235340240332,0.4654037926607059,1.0
984,0.25213403127199835,0.06080680519110651,0.4434612573528902,1.0,0.24855373347575874,0.06945362361370491,0.42765384333781253,1.0
985,0.2751042669488866,0.07025126236758672,0.4799572715301865,1.0,0.27479177870777194,0.07155485402966932,0.47802870338587455,1.0
986,0.2971606993308683,0.08956281290134063,0.504758585760396,1.0,0.26451434269499435,0.0720355462690822,0.4569931391209065,1.0
987,0.2930835002230467,0.0810452367723844,0.505121763673709,1.0,0.28732020253731894,0.07728810398902025,0.4973523010856176,1.0
988,0.30202709100873476,0.08682802981155446,0.5172261522059151,1.0,0.27130431480907413,0.06769792973388142,0.4749106998842668,1.0
989,0.30523190548890144,0.09127705497321856,0.5191867560045843,1.0,0.2793230683236231,0.08366482752896409,0.47498130911828207,1.0
990,0.2500445014424625,0.033801622815809534,0.4662873800691154,1.0,0.22218779663666438,0.03491221318105367,0.4094633800922751,1.0
991,0.31088625977134743,0.08489215074316128,0.5368803687995336,1.0,0.3075459501106117,0.09191061481157037,0.523181285409653,1.0
992,0.3093780451115288,0.10627548239162826,0.5124806078314292,1.0,0.3016909288680458,0.10942825972060749,0.49395359801548416,1.0
993,0.2747546002089864,0.086855743914589,0.4626534565033838,1.0,0.2439275065706551,0.07212370137943505,0.41573131176187517,1.0
994,0.29130152502179263,0.0901393479603265,0.49246370208325874,1.0,0.28098211918156935,0.09348950280708854,0.4684747355560501,1.0
995,0.27265763128080567,0.07104779165818847,0.47426747090342286,1.0,0.2563089699400443,0.0708530713043744,0.44176486857571423,1.0
996,0.3150288931287157,0.10723229560124356,0.5228254906561878,1.0,0.2895892560826141,0.0916554043402987,0.48752310782492947,1.0
997,0.30215766378276804,0.07946509776202382,0.5248502298035123,1.0,0.28377946416544364,0.07775845535012874,0.48980047298075857,1.0
998,0.3127404540629242,0.0984906019221593,0.5269903062036891,1.0,0.2726977855552467,0.07524688951079264,0.4701486815997008,1.0
999,0.31691762879482666,0.12238324479926194,0.5114520127903914,1.0,0.3057589731242425,0.10750423057163833,0.5040137156768467,1.0
1000,0.3086102760570387,0.10191225721486988,0.5153082948992076,1.0,0.2805203975259229,0.0781328876104157,0.4829079074414301,1.0
1001,0.27376141845735197,0.07925275396345463,0.4682700829512493,1.0,0.26431040252217136,0.08364606772957658,0.4449747373147661,1.0
1002,0.25260207250129835,0.05558629453003433,0.44961785047256236,1.0,0.21788490398579294,0.0497989291343737,0.38597087883721215,1.0
1003,0.3086766073253557,0.08665600494752126,0.5306972097031901,1.0,0.2761221085903958,0.07442337197190058,0.47782084520889107,1.0
1004,0.30137328751214376,0.09757373477665071,0.5051728402476368,1.0,0.3006736365621547,0.0999851254263314,0.5013621476979779,1.0
1005,0.25808552787938255,0.056872493436434746,0.45929856232233035,1.0,0.25511461528888735,0.06901846545627532,0.44121076512149937,1.0
1006,0.32049837515034646,0.07356530935275071,0.5674314409479422,1.0,0.29780015835193385,0.06642050754621215,0.5291798091576556,1.0
1007,0.30039179518077674,0.09943009275811965,0.5013534976034338,1.0,0.3045713272521985,0.10882027104887301,0.5003223834555239,1.0
1008,0.3249040736954752,0.10690904086087175,0.5428991065300787,1.0,0.2955878858359458,0.09280918880120265,0.49836658287068897,1.0
1009,0.2825905786500587,0.06573137663920459,0.49944978066091283,1.0,0.2576655204039288,0.06117376787103199,0.4541572729368256,1.0
1010,0.2633878222439693,0.05178263446876469,0.4749930100191739,1.0,0.2435065540407411,0.05267466251544478,0.4343384455660374,1.0
1011,0.296588519862719,0.08485955585854454,0.5083174838668935,1.0,0.27544125337672853,0.08267729615917557,0.4682052105942815,1.0
1012,0.3050472516252951,0.10350896711747226,0.506585536133118,1.0,0.29891455994633476,0.10291779755547714,0.49491132233719237,1.0
1013,0.33335528167544803,0.11757343124034964,0.5491371321105465,1.0,0.3200140373456991,0.11849932172414882,0.5215287529672494,1.0
1014,0.32307694232618955,0.11786246568247938,0.5282914189698997,1.0,0.3072969054224544,0.11166917979796692,0.502924631046942,1.0
1015,0.29775552577592923,0.07279277306152468,0.5227182784903338,1.0,0.26445359177333316,0.061344350185144864,0.4675628333615215,1.0
1016,0.3147287587580281,0.07434270815249144,0.5551148093635647,1.0,0.28731586286186317,0.06606647984185929,0.508565245881867,1.0
1017,0.25461558699742615,0.046044994885852036,0.4631861791090003,1.0,0.22214982765673133,0.04128877718621246,0.4030108781272502,1.0
1018,0.2594868531011877,0.04714476746469218,0.47182893873768317,1.0,0.2445631639043543,0.05557887238895931,0.4335474554197493,1.0
1019,0.298580007818823,0.07849968038110411,0.5186603352565419,1.0,0.27355877757986136,0.07529885980332388,0.47181869535639887,1.0
1020,0.3230608335481529,0.1052914536588975,0.5408302134374083,1.0,0.29821250968789464,0.10086812511454984,0.49555689426123944,1.0
1021,0.3221214494425871,0.08131948051317031,0.5629234183720039,1.0,0.2872368732898534,0.06795079378193733,0.5065229527977695,1.0
1022,0.3174634226053077,0.09654165570149426,0.5383851895091212,1.0,0.3025839514459664,0.09690437084887502,0.5082635320430577,1.0
1023,0.26927885352015746,0.06889382871318553,0.4696638783271294,1.0,0.2547941233153819,0.07263233564867799,0.43695591098208586,1.0
1024,0.3058799994578385,0.08451117302563227,0.5272488258900447,1.0,0.2665454425509425,0.06749456830295755,0.46559631679892743,1.0
1025,0.2823704235998628,0.06582453691029705,0.49891631028942857,1.0,0.27407292896040136,0.07043441436884082,0.47771144355196193,1.0
1026,0.28506259102128917,0.06701541893516536,0.503109763107413,1.0,0.24230917880678796,0.054450278440888344,0.43016807917268757,1.0
1027,0.24326488558763726,0.047882004168081,0.43864776700719355,1.0,0.21232238993937047,0.041289365168672876,0.38335541471006807,1.0
1028,0.2605168901615992,0.03931960046546984,0.4817141798577285,1.0,0.21792113789713272,0.03306317655711452,0.40277909923715094,1.0
1029,0.29387731451398047,0.055467035481393256,0.5322875935465676,1.0,0.2710010079030348,0.05384889863752032,0.48815311716854926,1.0
1030,0.2789125693649369,0.05581977024628784,0.502005368483586,1.0,0.25416705556235725,0.05342923495959395,0.45490487616512054,1.0
1031,0.25856558028688736,0.051929994733219076,0.46520116584055565,1.0,0.22500670399173459,0.04939291046128641,0.40062049752218276,1.0
1032,0.28075875451541965,0.07443859244707479,0.4870789165837645,1.0,0.2829034742727874,0.0841935258798604,0.4816134226657144,1.0
1033,0.3155632995016026,0.08796799795511664,0.5431586010480886,1.0,0.3075247024602073,0.08784468399882966,0.5272047209215849,1.0
1034,0.2526158658224422,0.05329489259709877,0.4519368390477857,1.0,0.22586728967072958,0.045197987638231546,0.40653659170322765,1.0
1035,0.3035764454425573,0.09333586561860219,0.5138170252665124,1.0,0.287512064443189,0.08865086609589973,0.48637326279047827,1.0
1036,0.24010947762757043,0.037637503411083045,0.44258145184405784,1.0,0.2138388617676362,0.040662987661689826,0.3870147358735826,1.0
1037,0.2546520067738566,0.058478675113464135,0.450825338434249,1.0,0.23290500783931403,0.05679377148086509,0.40901624419776295,1.0
1038,0.244045569657274,0.03624649161093102,0.451844647703617,1.0,0.22301441557068458,0.04069651704048524,0.4053323141008839,1.0
1039,0.2853110563870039,0.06844629124686794,0.5021758215271398,1.0,0.2590852200018811,0.06428270158294344,0.45388773842081875,1.0
1040,0.3134727939586974,0.09119099895207944,0.5357545889653155,1.0,0.2844837014902571,0.08227659965586434,0.48669080332464987,1.0
1041,0.2625609443341957,0.05994500460870514,0.46517688405968627,1.0,0.251464386200163,0.06431821008090433,0.43861056231942164,1.0
1042,0.2684339850498437,0.06827321007974055,0.46859476001994693,1.0,0.2512195064721067,0.07153807858522818,0.43090093435898524,1.0
1043,0.2970194301361553,0.06961333563893726,0.5244255246333733,1.0,0.273851022060118,0.06929522543442584,0.4784068186858102,1.0
1044,0.32609061536838,0.10654593273037574,0.5456352980063843,1.0,0.28885390608385825,0.09069162131441066,0.48701619085330583,1.0
1045,0.28771999483545235,0.057688753899765244,0.5177512357711395,1.0,0.2675501514786913,0.05591465944674259,0.4791856435106401,1.0
1046,0.28852003257623604,0.08131654726352128,0.4957235178889508,1.0,0.2830955585173856,0.07752816960681622,0.488662947427955,1.0
1047,0.2915352476569262,0.06520313870000033,0.5178673566138521,1.0,0.2551267925457717,0.05350529012763794,0.45674829496390545,1.0
1048,0.268862728664424,0.05471917873568749,0.48300627859316053,1.0,0.2774895698156446,0.07675357774820948,0.47822556188307974,1.0
1049,0.3237490145609483,0.11653643448998166,0.530961594631915,1.0,0.2982148447374365,0.10367618618356919,0.49275350329130374,1.0
1050,0.25552372538190626,0.058683844248739986,0.45236360651507257,1.0,0.24298360570490102,0.06630749535610325,0.4196597160536988,1.0
1051,0.2361131356869653,0.04466250076693268,0.4275637706069979,1.0,0.21346801065529997,0.04489682455329064,0.3820391967573093,1.0
1052,0.2900194474865612,0.06930930006928149,0.510729594903841,1.0,0.284459422796297,0.0778271570749429,0.49109168851765106,1.0
1053,0.3120466106928815,0.08629681235730277,0.5377964090284602,1.0,0.2734738109889477,0.06930167063361578,0.47764595134427956,1.0
1054,0.2928126079508727,0.08617462409085744,0.499450591810888,1.0,0.28243391489197306,0.08151960715583295,0.48334822262811317,1.0
1055,0.2915581364940628,0.0865449948648507,0.49657127812327495,1.0,0.2736923032377325,0.08599826504225846,0.46138634143320656,1.0
1056,0.30782210823253525,0.07035017104041047,0.54529404542466,1.0,0.2732350964440092,0.06344248082390325,0.4830277120641151,1.0
1057,0.26891196820249785,0.058198395026402505,0.4796255413785932,1.0,0.22864944786442715,0.052257881286084856,0.4050410144427694,1.0
1058,0.2781637699483731,0.06619117659971122,0.490136363297035,1.0,0.2565800868473972,0.06011921719259222,0.45304095650220216,1.0
1059,0.29510038303736064,0.09224898872853851,0.4979517773461828,1.0,0.2812518376458819,0.0877421038440315,0.47476157144773234,1.0
1060,0.24780570370107474,0.05053426599765512,0.4450771414044944,1.0,0.20954701057999686,0.03827676657629589,0.38081725458369786,1.0
1061,0.30383127069329874,0.07950549441917099,0.5281570469674265,1.0,0.27240139319676343,0.0662275205549539,0.47857526583857296,1.0
1062,0.2990003360893791,0.09670921825113532,0.5012914539276229,1.0,0.2968929617110167,0.10504383647328855,0.4887420869487449,1.0
1063,0.29394613563408606,0.08711286889460823,0.5007794023735639,1.0,0.2659025637570108,0.07818111939500294,0.4536240081190187,1.0
1064,0.2841634544928079,0.07866894688721854,0.48965796209839724,1.0,0.2735777455553271,0.08637220513654692,0.4607832859741073,1.0
1065,0.2730214129005309,0.06367553711896823,0.48236728868209355,1.0,0.2660438732632512,0.06692330129798313,0.46516444522851924,1.0
1066,0.24204995262661494,0.046185365798217054,0.4379145394550128,1.0,0.21819650258864876,0.04555454987540211,0.3908384553018954,1.0
1067,0.3019716820952188,0.08859083401888318,0.5153525301715545,1.0,0.271847039803873,0.08061647660818835,0.4630776029995576,1.0
1068,0.306922307643024,0.09946091820001202,0.5143836970860359,1.0,0.3011981832131728,0.09650703442169695,0.5058893320046487,1.0
1069,0.29123148458077874,0.0726597629673097,0.5098032061942478,1.0,0.28364474839517806,0.08034626722273977,0.4869432295676164,1.0
1070,0.24740513541977416,0.04927411136414028,0.44553615947540803,1.0,0.2094962737694524,0.036735488735648414,0.3822570588032564,1.0
1071,0.2565388189559264,0.04555146599677942,0.4675261719150734,1.0,0.2410728400748218,0.054873016824104476,0.42727266332553915,1.0
1072,0.2550227073388113,0.042181208195982006,0.4678642064816406,1.0,0.23143647449684188,0.04439145222951246,0.4184814967641713,1.0
1073,0.2992975829857122,0.07246730402130344,0.526127861950121,1.0,0.2653034958744372,0.060857547374647214,0.46974944437422717,1.0
1074,0.2842883599771978,0.07814713354369379,0.49042958641070183,1.0,0.2915615378405028,0.08301699540793375,0.5001060802730719,1.0
1075,0.3052893329024429,0.10754588314731572,0.5030327826575701,1.0,0.29451489995967084,0.10287481146791905,0.48615498845142263,1.0
1076,0.28422053308044926,0.06571845171858409,0.5027226144423145,1.0,0.25961195376918283,0.057356853120466844,0.4618670544178988,1.0
1077,0.2746490566014701,0.060019133485299136,0.48927897971764106,1.0,0.23006474583084607,0.03357808831510947,0.4265514033465827,1.0
1078,0.3289872910573732,0.1041861029807333,0.5537884791340131,1.0,0.31311263204374995,0.10347963432030058,0.5227456297671993,1.0
1079,0.3035774238730805,0.09850060305217312,0.5086542446939879,1.0,0.2991905430284338,0.09035730459695754,0.50802378145991,1.0
1080,0.2645797620842156,0.06722835792274082,0.4619311662456903,1.0,0.23828029200267836,0.06321221928602017,0.41334836471933656,1.0
1081,0.27934064287374877,0.06081154122921764,0.4978697445182799,1.0,0.25637471794585187,0.05836593609221258,0.45438349979949116,1.0
1082,0.31702538276063735,0.09886102106408079,0.5351897444571939,1.0,0.27572487467610984,0.07487560733229684,0.4765741420199229,1.0
1083,0.2863859402823162,0.07864438713956301,0.49412749342506934,1.0,0.2667446785039331,0.07375379704441198,0.45973555996345417,1.0
1084,0.2951955859292105,0.08894334371639931,0.5014478281420217,1.0,0.2925956970970997,0.09539258733113554,0.4897988068630639,1.0
1085,0.27509094306733245,0.0678570167585594,0.4823248693761055,1.0,0.2579854338677099,0.06719768662540873,0.4487731811100111,1.0
1086,0.3018895070804811,0.09536723992049387,0.5084117742404684,1.0,0.2826128828850976,0.08971809553227628,0.47550767023791896,1.0
1087,0.3419707578336896,0.1097633957788757,0.5741781198885034,1.0,0.32056116529294437,0.0930778947093501,0.5480444358765386,1.0
1088,0.30149433661394,0.05958550506291885,0.5434031681649611,1.0,0.25891959272556464,0.04580058180400434,0.4720386036471249,1.0
1089,0.2840851488122448,0.05622013700148065,0.5119501606230089,1.0,0.27047846634955647,0.06299128773789037,0.47796564496122257,1.0
1090,0.23758331562392868,0.05158515026625929,0.4235814809815981,1.0,0.21951576346703666,0.052927163216245215,0.3861043637178281,1.0
1091,0.22287310415625683,0.003151917129049664,0.442594291183464,1.0,0.2024672848741992,0.008946316414365024,0.3959882533340334,1.0
1092,0.28273414688454146,0.07883814636738243,0.4866301474017005,1.0,0.2560562623816997,0.07063344615124928,0.44147907861215013,1.0
1093,0.2760580504132816,0.05599985572021696,0.4961162451063462,1.0,0.2414050849612634,0.046562098298886356,0.43624807162364043,1.0
1094,0.29452165837283484,0.08018786214101792,0.5088554546046518,1.0,0.2414999422842259,0.06185761859773928,0.42114226597071247,1.0
1095,0.3380608629333842,0.13137769772688487,0.5447440281398835,1.0,0.31573927130197704,0.1188079411932281,0.512670601410726,1.0
1096,0.30051439184250955,0.08209987565320537,0.5189289080318138,1.0,0.27668634246303825,0.07517826036349232,0.4781944245625842,1.0
1097,0.2420953028775289,0.04568698497230622,0.43850362078275157,1.0,0.21572180170560612,0.0467907830862517,0.3846528203249605,1.0
1098,0.31044989273322804,0.09969666918774664,0.5212031162787094,1.0,0.2794306847569856,0.08330725732983127,0.47555411218414,1.0
1099,0.31501700169665425,0.10620572392214622,0.5238282794711623,1.0,0.3014448476191195,0.09874455115285097,0.504145144085388,1.0
1100,0.30236810822150795,0.08233286855589153,0.5224033478871244,1.0,0.2724690349126703,0.07435030814195087,0.4705877616833898,1.0
1101,0.30575247834485375,0.08344293726706786,0.5280620194226396,1.0,0.2901151630282704,0.08582166576565756,0.49440866029088326,1.0
1102,0.27613971471518883,0.06458688323172415,0.48769254619865354,1.0,0.24100789826887611,0.049613761596077804,0.4324020349416744,1.0
1103,0.2796597169223382,0.07376931566044825,0.48555011818422816,1.0,0.2720862719840791,0.0793894268995968,0.46478311706856135,1.0
1104,0.299258265558162,0.08233498924762417,0.5161815418686998,1.0,0.27625931729165293,0.07521732486601909,0.4773013097172868,1.0
1105,0.31879558886446974,0.07982608033754912,0.5577650973913904,1.0,0.2718050188819359,0.05701907698026101,0.48659096078361086,1.0
1106,0.2548719314385884,0.04951195653176227,0.4602319063454145,1.0,0.23508812768066764,0.04870413022832906,0.42147212513300625,1.0
1107,0.2939393011426239,0.088021286343889,0.4998573159413588,1.0,0.26860048808133163,0.07687698049023764,0.46032399567242566,1.0
1108,0.2842799422673593,0.06787331863972307,0.5006865658949955,1.0,0.28244664646857687,0.0787322218238139,0.48616107111333984,1.0
1109,0.3035686731117256,0.0871790211509085,0.5199583250725427,1.0,0.27466472524499785,0.07786200525092843,0.47146744523906725,1.0
1110,0.2888019017919956,0.07561454712307389,0.5019892564609173,1.0,0.26510298579953095,0.07580533581722051,0.4544006357818414,1.0
1111,0.2854327249463081,0.0815869653491097,0.48927848454350653,1.0,0.2700625619742209,0.08039245232169781,0.459732671626744,1.0
1112,0.2952321095972255,0.08876811975101842,0.5016960994434326,1.0,0.2675391264806471,0.08093770458196867,0.4541405483793255,1.0
1113,0.24344775893086243,0.041350988979149045,0.4455445288825758,1.0,0.21757136293630885,0.04371577849864777,0.39142694737396994,1.0
1114,0.25948737739733174,0.050299679818938625,0.46867507497572486,1.0,0.23075163971006332,0.05006037204874331,0.41144290737138334,1.0
1115,0.23983080520612138,0.035174164223409604,0.4444874461888332,1.0,0.2211474639785199,0.04140083818928855,0.4008940897677512,1.0
1116,0.3118668581614119,0.08956206964577079,0.534171646677053,1.0,0.27350413670794493,0.07396074968197586,0.473047523733914,1.0
1117,0.3213709838605049,0.09939175883800458,0.5433502088830052,1.0,0.30114773204189776,0.09311314732289386,0.5091823167609016,1.0
1118,0.27746187754008256,0.07879078179097443,0.4761329732891907,1.0,0.25885865660443375,0.07152739353762194,0.44618991967124555,1.0
1119,0.2915413347685818,0.08194870819287192,0.5011339613442917,1.0,0.25913727996310615,0.07209319524419502,0.4461813646820173,1.0
1120,0.30262083215972896,0.07750383739953862,0.5277378269199193,1.0,0.29225982333893025,0.0828719532594408,0.5016476934184197,1.0
1121,0.2827137910204224,0.05704170250561166,0.5083858795352331,1.0,0.23979415826792952,0.043613849913707065,0.435974466622152,1.0
1122,0.26325455831132405,0.05953286700149005,0.466976249621158,1.0,0.2452840419806781,0.059919647577594604,0.4306484363837616,1.0
1123,0.30637447483296015,0.09766283733587988,0.5150861123300404,1.0,0.2750934391278721,0.08519673875657266,0.46499013949917156,1.0
1124,0.3479682654362879,0.12457728293748074,0.5713592479350951,1.0,0.31114324455789444,0.10269033505351025,0.5195961540622787,1.0
1125,0.25375798167950797,0.04846186540003147,0.45905409795898444,1.0,0.23324392092999785,0.051467540823834895,0.41502030103616083,1.0
1126,0.3194820392504873,0.07428235183463022,0.5646817266663444,1.0,0.2680192876445426,0.054801338469853744,0.4812372368192314,1.0
1127,0.2293881446503375,0.02948440942033584,0.4292918798803391,1.0,0.19732831392139438,0.026372907291622144,0.36828372055116665,1.0
1128,0.26960561356710844,0.051874781040257,0.4873364460939599,1.0,0.2515002693991923,0.05481918372303499,0.4481813550753496,1.0
1129,0.2540178185786115,0.048925855292067,0.459109781865156,1.0,0.2250374954176436,0.04797474220680578,0.40210024862848137,1.0
1130,0.2573351351004415,0.05695810515274927,0.4577121650481337,1.0,0.23895373441912887,0.057719605970057236,0.42018786286820053,1.0
1131,0.31640889140582124,0.08323945174828648,0.549578331063356,1.0,0.2934029947100767,0.08067331373915923,0.5061326756809942,1.0
1132,0.290624915411016,0.07960180840450445,0.5016480224175275,1.0,0.267596409289923,0.06487508059881938,0.4703177379810266,1.0
1133,0.24551987985324705,0.04999955499626238,0.44104020471023175,1.0,0.19986233720803692,0.03171436033611594,0.3680103140799579,1.0
1134,0.2628034026675846,0.05123115588323221,0.474375649451937,1.0,0.22240126348270178,0.04173297196584716,0.40306955499955643,1.0
1135,0.24634742182293312,0.04953955982558922,0.443155283820277,1.0,0.21878442062996867,0.04771952311281738,0.38984931814712,1.0
1136,0.30485178719350625,0.0883444524521835,0.521359121934829,1.0,0.2934296334149176,0.08898676257676189,0.4978725042530734,1.0
1137,0.3098541301041705,0.10289776241011164,0.5168104977982294,1.0,0.29016331255997624,0.09787864438717464,0.48244798073277784,1.0
1138,0.31074399954999826,0.09621410246497494,0.5252738966350216,1.0,0.29743147797360486,0.0985866131413069,0.4962763428059028,1.0
1139,0.2798227665964508,0.07111646177380054,0.488529071419101,1.0,0.27675885568181824,0.07764115093149374,0.47587656043214277,1.0
1140,0.2841366653479605,0.07622844439207854,0.49204488630384247,1.0,0.26869533131404205,0.07472751802028194,0.46266314460780217,1.0
1141,0.24712604142595768,0.04185808794220461,0.4523939949097108,1.0,0.22533407790470328,0.04423947580896159,0.40642868000044496,1.0
1142,0.3174071409254325,0.1005746861524009,0.534239595698464,1.0,0.29278693542119344,0.09174844599046314,0.4938254248519237,1.0
1143,0.26837201328489135,0.0758497503253058,0.4608942762444769,1.0,0.2491859137030177,0.07574766509538516,0.42262416231065025,1.0
1144,0.21957479218165324,0.042517319125564224,0.39663226523774225,1.0,0.1941870257365205,0.04076193955246407,0.34761211192057695,1.0
1145,0.3227293628924139,0.08835827376291264,0.5571004520219152,1.0,0.2742389506536466,0.06695689322134679,0.48152100808594644,1.0
1146,0.3021301128114882,0.09966106001620156,0.5045991656067749,1.0,0.28882722338100153,0.09203549614892126,0.4856189506130818,1.0
1147,0.2732136412587764,0.06467929631679367,0.4817479862007591,1.0,0.2377027706044564,0.05633822322207374,0.41906731798683905,1.0
1148,0.27023418937588156,0.05998912031359174,0.4804792584381714,1.0,0.2601640900435771,0.0725216303815549,0.4478065497055993,1.0
1149,0.2554283022271217,0.05108202748949722,0.4597745769647462,1.0,0.2186105656578435,0.03891841581059871,0.39830271550508833,1.0
1150,0.30680527417019793,0.10552424002455857,0.5080863083158373,1.0,0.288409312997025,0.09900720833509158,0.4778114176589584,1.0
1151,0.2908105062356967,0.08484439798472432,0.4967766144866691,1.0,0.2772313932083242,0.08616817040889255,0.4682946160077558,1.0
1152,0.2651593725134146,0.051750728809734386,0.47856801621709477,1.0,0.25879870857339105,0.06191948339426362,0.45567793375251847,1.0
1153,0.26366690184043867,0.06073064745639392,0.46660315622448345,1.0,0.2484064890795634,0.06789767618362569,0.4289153019755011,1.0
1154,0.3015500707836455,0.07125902603395295,0.531841115533338,1.0,0.27623981721129565,0.06871741779611251,0.4837622166264788,1.0
1155,0.31810767545315133,0.11911162419531157,0.517103726710991,1.0,0.26676720759320216,0.08564084913054879,0.4478935660558555,1.0
1156,0.27460666284126617,0.06694421583953486,0.4822691098429975,1.0,0.26149585307347134,0.06882930194036435,0.45416240420657833,1.0
1157,0.24213621892777476,0.046700136985332846,0.4375723008702167,1.0,0.21346632532056006,0.04308973917157144,0.3838429114695487,1.0
1158,0.30364652694485317,0.08942245652076225,0.5178705973689441,1.0,0.2744589079307534,0.08201455168269034,0.46690326417881645,1.0
1159,0.30147823809333574,0.07336492795483301,0.5295915482318385,1.0,0.26850766242756796,0.06637417793018491,0.470641146924951,1.0
1160,0.2866910054694741,0.08813847690537172,0.48524353403357656,1.0,0.2749020340745857,0.08591629115713159,0.46388777699203976,1.0
1161,0.30263578705410404,0.08958486541243804,0.51568670869577,1.0,0.26751726570838863,0.07811242892861894,0.45692210248815834,1.0
1162,0.2820317964066008,0.0783970574187827,0.48566653539441895,1.0,0.27538264122723616,0.07597290703197315,0.4747923754224992,1.0
1163,0.2950669185499119,0.09860098183455207,0.49153285526527174,1.0,0.28788250450555336,0.09580667354308645,0.47995833546802025,1.0
1164,0.3225493361677339,0.0816621272658303,0.5634365450696375,1.0,0.28932558696433447,0.07704515695098146,0.5016060169776875,1.0
1165,0.26897881271202956,0.06226621053879655,0.47569141488526256,1.0,0.24504653540056326,0.05721733262378387,0.43287573817734265,1.0
1166,0.26901865978719314,0.07058062622069097,0.46745669335369533,1.0,0.2568968313319862,0.06899187712782817,0.44480178553614425,1.0
1167,0.26485012503726996,0.05763827073710795,0.472061979337432,1.0,0.23442991658118623,0.05008120104666397,0.4187786321157085,1.0
1168,0.27079579242328033,0.059272506681537024,0.4823190781650236,1.0,0.22658210913106683,0.04297381589299534,0.4101904023691383,1.0
1169,0.2566158098964919,0.05492375871319399,0.4583078610797898,1.0,0.21931038853324725,0.04697513575869147,0.391645641307803,1.0
1170,0.25729204470250305,0.043050440696781656,0.47153364870822445,1.0,0.21576548209931076,0.03662413443203208,0.3949068297665894,1.0
1171,0.24540403593634225,0.03631872329545155,0.45448934857723294,1.0,0.21243384767301163,0.034099656603055556,0.3907680387429677,1.0
1172,0.2956496777115105,0.09984654539494309,0.49145281002807795,1.0,0.26377291391796837,0.08406838684054999,0.4434774409953868,1.0
1173,0.28710955387896236,0.07148621318257461,0.5027328945753501,1.0,0.30340284380889426,0.09466665753873571,0.5121390300790528,1.0
1174,0.3146350600582638,0.10127423164129729,0.5279958884752303,1.0,0.2655429162407307,0.06914614737672939,0.46193968510473193,1.0
1175,0.3216411222735706,0.09890600354455664,0.5443762410025845,1.0,0.2858109726682627,0.08547295752493833,0.4861489878115871,1.0
1176,0.308313458557264,0.08309503023010323,0.5335318868844248,1.0,0.27255931095775415,0.061993825101311295,0.483124796814197,1.0
1177,0.3375068315160761,0.10218767310129792,0.5728259899308542,1.0,0.30313326929183165,0.08721572402252717,0.5190508145611361,1.0
1178,0.2739959094913447,0.05256722812668982,0.49542459085599966,1.0,0.24604281764640157,0.05183217386109404,0.44025346143170907,1.0
1179,0.3319575888273586,0.11311893077530474,0.5507962468794124,1.0,0.29825793362684233,0.09701889891111742,0.49949696834256724,1.0
1180,0.2854515362056983,0.08491382757080032,0.48598924484059625,1.0,0.2865616920415188,0.09413359975539398,0.47898978432764366,1.0
1181,0.2727220084375102,0.06404205991082623,0.4814019569641942,1.0,0.23402413102781328,0.05650299125930511,0.4115452707963214,1.0
1182,0.31535910293471187,0.07702494421610959,0.5536932616533141,1.0,0.26999795341923316,0.06311948135046011,0.47687642548800624,1.0
1183,0.2351041743484049,0.0479020124664164,0.4223063362303934,1.0,0.2261488085270563,0.06070631178434621,0.3915913052697664,1.0
1184,0.2614507805726464,0.05382994570955635,0.4690716154357365,1.0,0.23175883808948064,0.04995513848122382,0.41356253769773743,1.0
1185,0.25174233624358855,0.05079946841294744,0.45268520407422963,1.0,0.21574056456294244,0.04257471499826315,0.3889064141276217,1.0
1186,0.25182407107432064,0.04632151982865462,0.45732662231998666,1.0,0.22214299648959235,0.04650995738907393,0.39777603559011077,1.0
1187,0.30823744997274605,0.09565523744869628,0.5208196624967958,1.0,0.27841401882102756,0.08005130916725428,0.47677672847480085,1.0
1188,0.30331227606233097,0.09511890782692747,0.5115056442977345,1.0,0.2798350797997742,0.08602337407230251,0.4736467855272458,1.0
1189,0.3160894893160784,0.10412575482480335,0.5280532238073534,1.0,0.2857498698531079,0.08709365328365834,0.48440608642255745,1.0
1190,0.2730850806539772,0.06282101500579221,0.4833491463021622,1.0,0.2476162898212462,0.06137899333850355,0.43385358630398885,1.0
1191,0.3349260627550138,0.10891473004833224,0.5609373954616954,1.0,0.2966184261714908,0.09512690608825358,0.49810994625472804,1.0
1192,0.27827789614380477,0.07967094649888232,0.47688484578872725,1.0,0.27174712462449285,0.07633658694674925,0.46715766230223643,1.0
1193,0.3246060741441942,0.06631802636680406,0.5828941219215843,1.0,0.2858169682243559,0.060351406326730805,0.511282530121981,1.0
1194,0.25329967467793857,0.044740847742276296,0.46185850161360087,1.0,0.2339666500572226,0.049021159294285854,0.4189121408201594,1.0
1195,0.2691260773149329,0.07484079352657191,0.46341136110329384,1.0,0.24526914600183328,0.059904050953758975,0.43063424104990755,1.0
1196,0.2466651869500608,0.03742273500094123,0.45590763889918035,1.0,0.23960628212061086,0.04809395082553228,0.43111861341568947,1.0
1197,0.29583483513715236,0.08851343415320431,0.5031562361211004,1.0,0.26361270669844716,0.07723174008244471,0.4499936733144496,1.0
1198,0.29654390080912824,0.07042881336676607,0.5226589882514904,1.0,0.26247475898313316,0.06060774491143442,0.46434177305483193,1.0
1199,0.25164641070649385,0.04352025324855968,0.459772568164428,1.0,0.26348482745870166,0.0647118468290174,0.4622578080883859,1.0
1200,0.2611194312263936,0.0520749870086093,0.47016387544417787,1.0,0.23166827700491205,0.04861959753520101,0.4147169564746231,1.0
1201,0.2708110910383302,0.06441888020135306,0.4772033018753073,1.0,0.22383235190716402,0.04690805392236724,0.4007566498919608,1.0
1202,0.3282478250014155,0.11436558960944293,0.5421300603933881,1.0,0.282269026820293,0.09088676205085472,0.47365129158973124,1.0
1203,0.3263439668640426,0.08938139615528248,0.5633065375728027,1.0,0.27274521408031155,0.06313536061534425,0.48235506754527885,1.0
1204,0.3077575921734491,0.09613826645326515,0.519376917893633,1.0,0.2888348307112036,0.09096910242632358,0.48670055899608355,1.0
1205,0.33189574002473926,0.11298528338098329,0.5508061966684952,1.0,0.30102335698903543,0.10145938150761763,0.5005873324704533,1.0
1206,0.29275098793134735,0.06616623883287867,0.5193357370298161,1.0,0.2644374343250223,0.060762664605872874,0.46811220404417175,1.0
1207,0.25241425638983644,0.05601509608912145,0.4488134166905514,1.0,0.23507258182363966,0.05812892215902471,0.4120162414882546,1.0
1208,0.31824013047553973,0.09945010699115431,0.5370301539599251,1.0,0.32596026179099374,0.11013826822855033,0.5417822553534372,1.0
1209,0.2503199008249945,0.035101957268121264,0.46553784438186774,1.0,0.24476973113074357,0.046065040867242946,0.4434744213942442,1.0
1210,0.3171168819244239,0.10636156720702228,0.5278721966418255,1.0,0.299021075263237,0.10064880262924675,0.4973933478972273,1.0
1211,0.28690126814318717,0.07559902375316732,0.49820351253320705,1.0,0.25977366337272634,0.06463721240179451,0.45491011434365813,1.0
1212,0.31788760380895636,0.11477151565931992,0.5210036919585928,1.0,0.3073448390179816,0.10643310722193225,0.508256570814031,1.0
1213,0.32117414988838533,0.10075526265247772,0.541593037124293,1.0,0.3146927238387,0.09534219032872579,0.5340432573486742,1.0
1214,0.2348784015360175,0.04055095354714644,0.42920584952488855,1.0,0.23108962637386346,0.0556144010051475,0.4065648517425794,1.0
1215,0.32689625742003275,0.09881640561144697,0.5549761092286185,1.0,0.26278426961826923,0.06730173820082572,0.4582668010357127,1.0
1216,0.27833626429396846,0.05169504433349478,0.5049774842544421,1.0,0.2488005616889594,0.051725558040287334,0.44587556533763145,1.0
1217,0.284051976043636,0.08628363903917544,0.4818203130480966,1.0,0.2668581165143651,0.06386426943593812,0.469851963592792,1.0
1218,0.2549230521044468,0.042989099744248416,0.46685700446464523,1.0,0.2187828555395879,0.037678018239950456,0.3998876928392253,1.0
1219,0.2918444277554297,0.08575006430445231,0.49793879120640705,1.0,0.2710766356466318,0.08144690908511354,0.4607063622081501,1.0
1220,0.24221023012338735,0.05415551279289649,0.4302649474538782,1.0,0.23304357937832143,0.06171688225513028,0.4043702765015126,1.0
1221,0.3091025615825337,0.09967524773940797,0.5185298754256594,1.0,0.2590227829178562,0.08138360431590283,0.4366619615198095,1.0
1222,0.2595351373734339,0.06178300182436375,0.4572872729225041,1.0,0.2283120297528671,0.0501110872964389,0.4065129722092953,1.0
1223,0.2840842825560317,0.07864151360084015,0.4895270515112232,1.0,0.28045802069072223,0.08876906085331568,0.47214698052812876,1.0
1224,0.24622702845736996,0.03407232352645212,0.4583817333882878,1.0,0.22109622722160382,0.032673952984181215,0.40951850145902646,1.0
1225,0.32317749461459655,0.11418239185367879,0.5321725973755143,1.0,0.309886647459719,0.10118841157532227,0.5185848833441158,1.0
1226,0.32813475961535943,0.10504848696388894,0.55122103226683,1.0,0.31013078650252845,0.09065738681439844,0.5296041861906584,1.0
1227,0.32980469905824034,0.09294131515932116,0.5666680829571595,1.0,0.2981136261383497,0.08539656478815469,0.5108306874885447,1.0
1228,0.25562531966966784,0.04565643940813424,0.46559419993120144,1.0,0.2335324176373182,0.04863225863965995,0.41843257663497646,1.0
1229,0.25414133064342087,0.04472141167960142,0.4635612496072403,1.0,0.2204886002478395,0.03975548490636899,0.40122171558931,1.0
1230,0.26871903858675533,0.05941677138225457,0.4780213057912561,1.0,0.24876086137405218,0.0604733509782944,0.43704837176980993,1.0
1231,0.3054015349600003,0.09292932380085037,0.5178737461191502,1.0,0.28106668488043934,0.07960764930301431,0.48252572045786435,1.0
1232,0.32096234272853996,0.09853258479083071,0.5433921006662492,1.0,0.28530928005994177,0.08695303218244674,0.4836655279374368,1.0
1233,0.24777543344340308,0.042398501674065864,0.45315236521274027,1.0,0.2132346594102057,0.035339361479231585,0.39112995734117983,1.0
1234,0.24524417800491644,0.04458909547501805,0.4458992605348148,1.0,0.22378740617805568,0.04625562036617345,0.40131919198993793,1.0
1235,0.2399989665633458,0.04588299292694312,0.4341149401997485,1.0,0.22406865706284632,0.05185964935570245,0.39627766476999016,1.0
1236,0.29312485779510833,0.08453546472402565,0.501714250866191,1.0,0.27538922456935305,0.08117505649882989,0.4696033926398762,1.0
1237,0.2704698455344939,0.07200691228779602,0.4689327787811918,1.0,0.23427774875122087,0.058724076102344314,0.40983142140009743,1.0
1238,0.2591767357087444,0.058422080013734834,0.45993139140375394,1.0,0.24509157038001972,0.0611103128775182,0.4290728278825212,1.0
1239,0.26650118103566317,0.038396313606388816,0.4946060484649375,1.0,0.23427426326848272,0.036422833933102666,0.4321256926038628,1.0
1240,0.2623469681642329,0.07039185202026971,0.45430208430819613,1.0,0.2421216082879046,0.06307530829866625,0.42116790827714295,1.0
1241,0.28585965424394505,0.07633057362718543,0.49538873486070467,1.0,0.2747553927407695,0.0735274021571165,0.47598338332442247,1.0
1242,0.3004506644963481,0.0771942592504758,0.5237070697422204,1.0,0.27789409504871565,0.07112904093217345,0.4846591491652579,1.0
1243,0.3182448050885407,0.0812913983733175,0.5551982118037639,1.0,0.2845159795969272,0.07674464173272752,0.49228731746112686,1.0
1244,0.28940920980297413,0.0714272501150344,0.5073911694909139,1.0,0.27211288273975043,0.07050459292493055,0.4737211725545703,1.0
1245,0.2475732597417535,0.0485666325874958,0.44657988689601125,1.0,0.2316816963288499,0.05162869434172146,0.41173469831597836,1.0
1246,0.2763463716688379,0.06755318659679954,0.4851395567408763,1.0,0.25805042196840644,0.061239298968953776,0.45486154496785913,1.0
1247,0.26124491696604907,0.034204485376318344,0.48828534855577976,1.0,0.22533910996913598,0.032992125618755114,0.41768609431951687,1.0
1248,0.2653399750749022,0.09126903022339694,0.43941091992640746,1.0,0.2564593396622359,0.08628702557429571,0.4266316537501761,1.0
1249,0.29777802976760653,0.10400346471619792,0.49155259481901514,1.0,0.28120849238716117,0.09820606739148133,0.46421091738284104,1.0
1250,0.2518898740481671,0.051799226501859086,0.4519805215944751,1.0,0.22409454218870453,0.04854962438780602,0.39963945998960304,1.0
1251,0.3062130908411359,0.0822249121350398,0.530201269547232,1.0,0.2790118273834235,0.07245786625208997,0.48556578851475707,1.0
1252,0.24873730846299016,0.033149596609068355,0.464325020316912,1.0,0.21855982027709975,0.03514891352861943,0.40197072702558007,1.0
1253,0.32225112691580915,0.09610446798671934,0.548397785844899,1.0,0.29392410831990945,0.08385648634424236,0.5039917302955765,1.0
1254,0.27022589128395214,0.0689576824218745,0.47149410014602977,1.0,0.256764939030084,0.07461453696471312,0.43891534109545494,1.0
1255,0.2900625593941628,0.07475480651393074,0.5053703122743949,1.0,0.27419745786815974,0.07633220899653842,0.47206270673978107,1.0
1256,0.2754624987361827,0.05730220406097772,0.4936227934113877,1.0,0.2577805790792069,0.061780597006227816,0.4537805611521859,1.0
1257,0.2590178804524486,0.04968611979111179,0.4683496411137854,1.0,0.22540209457088703,0.04582880790705332,0.40497538123472077,1.0
1258,0.290170149915589,0.05655641492090682,0.5237838849102712,1.0,0.26474855295756444,0.05682493229924104,0.47267217361588787,1.0
1259,0.2903062768970709,0.07084159233144277,0.5097709614626991,1.0,0.26048519012116134,0.05831549292971988,0.4626548873126028,1.0
1260,0.3023474412545946,0.09874730282816438,0.5059475796810249,1.0,0.29539116533603654,0.09983281031464819,0.4909495203574249,1.0
1261,0.3142827939500479,0.08256139072310278,0.546004197176993,1.0,0.28404758709134736,0.0782418625975779,0.4898533115851168,1.0
1262,0.2382041429827205,0.03992555838267137,0.4364827275827696,1.0,0.24020538996945734,0.051581597021038816,0.42882918291787586,1.0
1263,0.31147179119933704,0.09312693296881658,0.5298166494298575,1.0,0.28742299337024707,0.08126596541263828,0.49358002132785583,1.0
1264,0.2652453594444775,0.0590348989703465,0.4714558199186085,1.0,0.24620185341871487,0.05831929402204361,0.4340844128153861,1.0
1265,0.25817822750381,0.059730046267068126,0.4566264087405518,1.0,0.21588511583978423,0.03719133560625468,0.39457889607331376,1.0
1266,0.22575995891707049,0.029577519484393078,0.4219423983497479,1.0,0.2043148373028831,0.030842933474194673,0.3777867411315715,1.0
1267,0.26178432346205993,0.05596774779424943,0.46760089912987046,1.0,0.24181596191232785,0.05456385459999974,0.42906806922465596,1.0
1268,0.28065758677665564,0.06251547216271999,0.49879970139059127,1.0,0.26816661319593466,0.05900171223919762,0.4773315141526717,1.0
1269,0.3259559932512791,0.11980665774346366,0.5321053287590946,1.0,0.2827863114587508,0.09584028158874744,0.4697323413287542,1.0
1270,0.22792841521980822,0.04156369632639412,0.4142931341132223,1.0,0.20064862620946539,0.039924022879266274,0.3613732295396645,1.0
1271,0.2365084665270049,0.031001603417069007,0.4420153296369408,1.0,0.2179846354152752,0.037186727689945326,0.39878254314060513,1.0
1272,0.32553088466067137,0.0981060784134366,0.5529556909079061,1.0,0.29098165396841064,0.08453316088231852,0.4974301470545027,1.0
1273,0.3305910420336407,0.09454890066292634,0.5666331834043551,1.0,0.30150217605247565,0.08133810598343957,0.5216662461215117,1.0
1274,0.23769833284680972,0.04034717588188999,0.4350494898117294,1.0,0.21936924840729374,0.04113886141681619,0.3975996353977713,1.0
1275,0.3008396036588953,0.09207064820131775,0.5096085591164728,1.0,0.30924706582055844,0.10485318005443539,0.5136409515866815,1.0
1276,0.260677163451119,0.057547905246749936,0.46380642165548813,1.0,0.22849744925408524,0.046273686813142145,0.41072121169502834,1.0
1277,0.30872806583556534,0.08196788004230807,0.5354882516288226,1.0,0.27611329849737737,0.06808957412609534,0.4841370228686594,1.0
1278,0.3205995611176087,0.10066782710460145,0.5405312951306159,1.0,0.2896929991454905,0.08742626880131085,0.49195972948967015,1.0
1279,0.3259179606886597,0.11245919800807297,0.5393767233692464,1.0,0.31985648308169373,0.09339846385345404,0.5463145023099334,1.0
1280,0.32523833404785296,0.11697083286536217,0.5335058352303438,1.0,0.2911386150060011,0.09326426184414194,0.4890129681678602,1.0
1281,0.31009180615631815,0.09114775077771542,0.5290358615349209,1.0,0.28400656088100545,0.08231005306744732,0.4857030686945636,1.0
1282,0.30747926461577585,0.08332510906921436,0.5316334201623374,1.0,0.2912140669128088,0.07390219472363893,0.5085259391019787,1.0
1283,0.3022446846763402,0.09364845614254866,0.5108409132101317,1.0,0.2791847281717855,0.08263982787764118,0.47572962846592987,1.0
1284,0.25730588924875425,0.05319146311670003,0.46142031538080847,1.0,0.23010291896482254,0.04872167375558642,0.41148416417405864,1.0
1285,0.28606515041054814,0.06751005688475176,0.5046202439363445,1.0,0.2305083682570469,0.02766818933385462,0.4333485471802392,1.0
1286,0.264954321716475,0.06471685940255778,0.4651917840303922,1.0,0.24648657148844239,0.06600510741041146,0.42696803556647334,1.0
1287,0.3114259835093482,0.08117094425543028,0.5416810227632661,1.0,0.2760607308486719,0.07154144139267113,0.4805800203046726,1.0
1288,0.29077681804360234,0.07555663987090736,0.5059969962162973,1.0,0.2721403796117586,0.07563714907427974,0.4686436101492374,1.0
1289,0.32689643968673443,0.10612639509174776,0.5476664842817212,1.0,0.3013569805185243,0.0951547190292937,0.5075592420077548,1.0
1290,0.3135605177166686,0.08386916346568535,0.5432518719676518,1.0,0.2800932465319927,0.06996110584060242,0.49022538722338294,1.0
1291,0.2503039252108896,0.052915438453042196,0.44769241196873705,1.0,0.2270642289268065,0.04852530587499543,0.40560315197861757,1.0
1292,0.2883148700681576,0.08236346305890321,0.494266277077412,1.0,0.2664010760211728,0.0746547820111832,0.4581473700311624,1.0
1293,0.3041696919019367,0.07857185116974941,0.529767532634124,1.0,0.28842319194045596,0.07477700739203488,0.5020693764888771,1.0
1294,0.23862005593602453,0.05064951717652946,0.42659059469551963,1.0,0.22084420262590307,0.051840603533025165,0.389847801718781,1.0
1295,0.29959377890699207,0.09527649147307443,0.5039110663409097,1.0,0.26865308266857363,0.07616515046477726,0.46114101487237,1.0
1296,0.21024046744095637,0.007143349319524289,0.4133375855623884,1.0,0.19030092225322026,0.015463353025952586,0.36513849148048794,1.0
1297,0.290654239231647,0.08050955020887457,0.5007989282544194,1.0,0.25519983604694435,0.06677610763248557,0.44362356446140316,1.0
1298,0.3055475316215583,0.08876987790017982,0.5223251853429367,1.0,0.2818234236491416,0.07898769287660906,0.4846591544216741,1.0
1299,0.2788553128786943,0.06982556306490159,0.487885062692487,1.0,0.2559676313920333,0.06397536432621684,0.4479598984578498,1.0
1300,0.3005022968770202,0.08769325894061661,0.5133113348134237,1.0,0.2756749031659662,0.08204044815293651,0.4693093581789959,1.0
1301,0.28051889093896304,0.0737327499132841,0.487305031964642,1.0,0.27800727007975373,0.0652795480029526,0.49073499215655486,1.0
1302,0.3033137777545198,0.0877630430565571,0.5188645124524824,1.0,0.29230087574785363,0.08641517639499785,0.4981865751007094,1.0
1303,0.28202444673618016,0.06592456130472116,0.4981243321676392,1.0,0.23665251618566974,0.05234395212554041,0.42096108024579904,1.0
1304,0.28492993295098734,0.07323212645781665,0.49662773944415806,1.0,0.25801234734226747,0.06482037066929716,0.4512043240152378,1.0
1305,0.29871693156894014,0.07542140937278347,0.5220124537650968,1.0,0.29661898334169406,0.08544670725419254,0.5077912594291956,1.0
1306,0.2597177651833164,0.07364091332169242,0.4457946170449404,1.0,0.25714790994732156,0.07309530348965912,0.44120051640498403,1.0
1307,0.27613604055276525,0.053446982451535924,0.4988250986539946,1.0,0.2496000705655152,0.05471680057627912,0.44448334055475125,1.0
1308,0.3069710435461708,0.0943114092634115,0.51963067782893,1.0,0.2727383410359452,0.07673574948861925,0.4687409325832711,1.0
1309,0.27228669554701374,0.06506305756923664,0.47951033352479083,1.0,0.25414329533811414,0.06670316381309938,0.4415834268631289,1.0
1310,0.28960421751074544,0.060673572891864536,0.5185348621296264,1.0,0.2632220379804268,0.0588801948990367,0.4675638810618169,1.0
1311,0.30531693655427,0.0888447172456289,0.5217891558629111,1.0,0.27291704954073726,0.08040345754506065,0.4654306415364139,1.0
1312,0.2962560599783948,0.0816425865676964,0.5108695333890932,1.0,0.2766779806132663,0.07820065436339871,0.4751553068631339,1.0
1313,0.2655295606490625,0.0501040607736456,0.48095506052447945,1.0,0.230103445024163,0.042144794659708995,0.418062095388617,1.0
1314,0.2984043756636249,0.09333484136334039,0.5034739099639094,1.0,0.28562896027315376,0.09144310108234316,0.47981481946396437,1.0
1315,0.2903729750964161,0.0924726496587065,0.48827330053412565,1.0,0.2848625848978223,0.09241094026093588,0.4773142295347087,1.0
1316,0.32426827092244087,0.10177291223666673,0.546763629608215,1.0,0.2947608270635314,0.08774230560432952,0.5017793485227333,1.0
1317,0.2816300619095329,0.06774868967954648,0.49551143413951926,1.0,0.27366920401376926,0.07140636059986674,0.4759320474276718,1.0
1318,0.2849751602705855,0.06879570637049742,0.5011546141706735,1.0,0.23978345184378283,0.05390913496750668,0.425657768720059,1.0
1319,0.2707951806236259,0.06259465101128919,0.4789957102359626,1.0,0.22168722215467743,0.04254641029666931,0.4008280340126855,1.0
1320,0.25842945348334356,0.05526697427514998,0.46159193269153714,1.0,0.22840342933826802,0.05026294513707302,0.406543913539463,1.0
1321,0.26331201525014686,0.05075128009734864,0.4758727504029451,1.0,0.2402134936699019,0.05105104237997296,0.4293759449598309,1.0
1322,0.2581369692106533,0.043799796196719365,0.4724741422245873,1.0,0.23600195635729027,0.03958009282936123,0.4324238198852193,1.0
1323,0.25832374566262484,0.06675345646908773,0.449894034856162,1.0,0.24229512055915306,0.0665776465472899,0.41801259457101625,1.0
1324,0.3251549284395531,0.1112589763150322,0.539050880564074,1.0,0.3015159204482124,0.09844573292562742,0.5045861079707974,1.0
1325,0.3185821382686029,0.10572995590200818,0.5314343206351976,1.0,0.28713223581665326,0.09371804743695783,0.4805464241963487,1.0
1326,0.2737325211905369,0.06536931374201438,0.4820957286390595,1.0,0.2510413129302635,0.06665189530013413,0.43543073056039283,1.0
1327,0.27046545266143096,0.06032191482696067,0.4806089904959012,1.0,0.2607271096521787,0.06845009664471685,0.4530041226596406,1.0
1328,0.2583395598432457,0.032738465612108886,0.48394065407438247,1.0,0.21905269104938213,0.029365277954237906,0.40874010414452633,1.0
1329,0.3425804024530031,0.11079092219080627,0.5743698827152,1.0,0.31884216103889973,0.107555653001386,0.5301286690764134,1.0
1330,0.3246600045418456,0.10526824210964786,0.5440517669740434,1.0,0.31584368297005205,0.10639704559644503,0.5252903203436591,1.0
1331,0.24842025285263994,0.053346566430281406,0.44349393927499847,1.0,0.21511319514227611,0.048268988787610684,0.3819574014969416,1.0
1332,0.29504924523350395,0.06662505576423622,0.5234734347027716,1.0,0.2482122653624019,0.04795305504366723,0.44847147568113654,1.0
1333,0.30782887765993017,0.10572262184625403,0.5099351334736063,1.0,0.29249806150571583,0.10239556320987897,0.4826005598015527,1.0
1334,0.2588928840791279,0.05585313897588928,0.46193262918236655,1.0,0.23081652025109764,0.05462303039224373,0.4070100101099515,1.0
1335,0.26383024782821135,0.0688926173361766,0.4587678783202461,1.0,0.2569508122346449,0.07354028712152136,0.4403613373477684,1.0
1336,0.23036803051966281,0.03604378007746681,0.42469228096185885,1.0,0.20197076368996236,0.03385934299654467,0.37008218438338003,1.0
1337,0.29840271616458136,0.07793422151374896,0.5188712108154138,1.0,0.2827904621388592,0.07370785495171175,0.4918730693260067,1.0
1338,0.31608768138470617,0.08913909616402485,0.5430362666053875,1.0,0.30903435495887027,0.09259594947625685,0.5254727604414837,1.0
1339,0.3304300338839123,0.12660524154962147,0.5342548262182031,1.0,0.29631848512999914,0.10115708460186504,0.4914798856581333,1.0
1340,0.2501772885926331,0.0456796810444251,0.4546748961408411,1.0,0.22516811943646617,0.04917124082257593,0.40116499805035644,1.0
1341,0.29723754403153196,0.0850060633560622,0.5094690247070017,1.0,0.2620822739278632,0.07573676618124575,0.44842778167448066,1.0
1342,0.2319432598269111,0.04020966155873279,0.4236768580950894,1.0,0.22127131520710588,0.05080661686082161,0.39173601355339016,1.0
1343,0.2678173654359269,0.07470352081518797,0.4609312100566658,1.0,0.28177353598046134,0.08943980076017954,0.47410727120074314,1.0
1344,0.27898000123376365,0.08085745441104125,0.47710254805648605,1.0,0.26557895805625376,0.07922863946508399,0.45192927664742355,1.0
1345,0.23480327629927783,0.04869347377486152,0.4209130788236941,1.0,0.22756238051860492,0.05633831120962596,0.3987864498275839,1.0
1346,0.29557546707645155,0.07739096190170838,0.5137599722511947,1.0,0.2795631960979676,0.07109841618098303,0.4880279760149522,1.0
1347,0.2495616314829536,0.058675517685938317,0.4404477452799689,1.0,0.21835228232085285,0.050263383639471054,0.3864411810022347,1.0
1348,0.26699591795305083,0.05076002848936348,0.4832318074167382,1.0,0.2214015069389572,0.03399851638437268,0.4088044974935417,1.0
1349,0.3317003753643558,0.10048508469731873,0.5629156660313929,1.0,0.30113757233090477,0.09208802648931283,0.5101871181724967,1.0
1350,0.29589728013995115,0.0749209987117842,0.5168735615681181,1.0,0.24369349734550663,0.0508922720497712,0.43649472264124206,1.0
1351,0.2920395649515729,0.08585059197416067,0.49822853792898514,1.0,0.28462231318173187,0.08192314615198576,0.487321480211478,1.0
1352,0.28391543348744047,0.07712980392751051,0.49070106304737043,1.0,0.26808211560507955,0.07443503122576692,0.4617291999843922,1.0
1353,0.28065423814404417,0.09133404902627168,0.46997442726181665,1.0,0.28279626883923714,0.09587336551883063,0.46971917215964365,1.0
1354,0.3172770632077404,0.09963360414106412,0.5349205222744167,1.0,0.29302339594625315,0.08151409340236104,0.5045326984901453,1.0
1355,0.3091942331237774,0.08356995899075909,0.5348185072567957,1.0,0.27363215948482283,0.07330411597107725,0.47396020299856845,1.0
1356,0.3225823616785281,0.12214179101753608,0.5230229323395201,1.0,0.33528863058052694,0.12860046130798722,0.5419767998530667,1.0
1357,0.29441513797638824,0.0675274447366627,0.5213028312161138,1.0,0.28839104177465125,0.07714687757016431,0.4996352059791382,1.0
1358,0.2391767397608996,0.05302290259550216,0.42533057692629705,1.0,0.21874141128362273,0.051903642861933275,0.3855791797053122,1.0
1359,0.2688706231173137,0.07280925040356842,0.46493199583105893,1.0,0.2454942350055951,0.06845734135561571,0.4225311286555745,1.0
1360,0.2968679661833948,0.08723977351200704,0.5064961588547825,1.0,0.27384373926795413,0.08025271900762479,0.4674347595282835,1.0
1361,0.29932291854563065,0.08884775351056987,0.5097980835806915,1.0,0.2693121321605867,0.07829778548239247,0.4603264788387809,1.0
1362,0.28783032278320103,0.08242043388600923,0.49324021168039284,1.0,0.29425107772600534,0.09722409507609356,0.49127806037591715,1.0
1363,0.2604992771174519,0.061630822146417547,0.45936773208848625,1.0,0.22855638438184062,0.05187588068331067,0.40523688808037056,1.0
1364,0.2710319097148517,0.05177982105891732,0.49028399837078607,1.0,0.2346299946095436,0.04473759251553294,0.42452239670355424,1.0
1365,0.2737206231009588,0.06969068583871957,0.477750560363198,1.0,0.257188931071153,0.07660190478180767,0.4377759573604983,1.0
1366,0.25350580569766923,0.044250905512192074,0.4627607058831464,1.0,0.22770815260842203,0.04711549024014053,0.40830081497670356,1.0
1367,0.27941725237200143,0.06309995587709166,0.4957345488669112,1.0,0.2851540344424484,0.0764689324425491,0.4938391364423477,1.0
1368,0.25653612979252455,0.04881542726943422,0.4642568323156149,1.0,0.23560517965671868,0.04773601517554796,0.4234743441378894,1.0
1369,0.24334961745934705,0.03171185399069337,0.45498738092800073,1.0,0.21615668362809695,0.03385507091298831,0.3984582963432056,1.0
1370,0.2780857787606109,0.05418008508723349,0.5019914724339883,1.0,0.25213855080800013,0.05622459816161665,0.44805250345438363,1.0
1371,0.29740719619058587,0.0827091743678175,0.5121052180133543,1.0,0.2661980033908009,0.07213562292062042,0.4602603838609814,1.0
1372,0.3208786024353188,0.08480386205746648,0.5569533428131711,1.0,0.2942532958212416,0.07528837732883986,0.5132182143136433,1.0
1373,0.25177773053165514,0.04562144742920121,0.45793401363410907,1.0,0.22598980118316536,0.04609964786325563,0.4058799545030751,1.0
1374,0.3169297663406753,0.09436952585655389,0.5394900068247968,1.0,0.2812391369457225,0.08626451019881617,0.4762137636926288,1.0
1375,0.2628502647962266,0.05565562556635317,0.4700449040261,1.0,0.23532398037076963,0.05418126324294842,0.41646669749859083,1.0
1376,0.2928037645307644,0.07455174854327346,0.5110557805182554,1.0,0.2726198889429135,0.07065374534401478,0.4745860325418122,1.0
1377,0.31310388990277543,0.06488494521674071,0.5613228345888102,1.0,0.2644877923824948,0.04685255237035421,0.4821230323946354,1.0
1378,0.2976052741002779,0.09413596623654649,0.5010745819640092,1.0,0.27737186809433895,0.09130201617467651,0.4634417200140014,1.0
1379,0.30997896945794334,0.09273568060498216,0.5272222583109045,1.0,0.28518759570938695,0.08243052778774845,0.48794466363102545,1.0
1380,0.27648102425079624,0.06769982119047879,0.4852622273111137,1.0,0.24707224902891506,0.05819192241606552,0.4359525756417646,1.0
1381,0.25161989103078775,0.04349687100587424,0.45974291105570125,1.0,0.2273365327176009,0.04347547754707706,0.41119758788812477,1.0
1382,0.24097803662143502,0.051547699499124855,0.4304083737437452,1.0,0.21050852853330226,0.04517092501145811,0.3758461320551464,1.0
1383,0.2992063350005459,0.08348111400224922,0.5149315559988425,1.0,0.26969923442400795,0.07526842963840466,0.46413003920961127,1.0
1384,0.2959394172977413,0.08285998599847208,0.5090188485970105,1.0,0.28280404259894903,0.08604331905218046,0.47956476614571764,1.0
1385,0.3215074663363953,0.11450483777815718,0.5285100948946335,1.0,0.2951051586722951,0.09901404094269733,0.49119627640189284,1.0
1386,0.3113461114267084,0.0811189810309236,0.5415732418224932,1.0,0.27559930990970266,0.07045586925332248,0.48074275056608284,1.0
1387,0.2777427208502166,0.062285218332153086,0.4932002233682802,1.0,0.266937939790637,0.061432480382220156,0.47244339919905387,1.0
1388,0.3298285484070654,0.11912685605862552,0.5405302407555053,1.0,0.29092243474489077,0.09771814069044274,0.4841267287993388,1.0
1389,0.25337368247150005,0.056512914031530276,0.45023445091146985,1.0,0.23419296384161978,0.05226233451341941,0.41612359316982017,1.0
1390,0.28821677780367616,0.08757620879884581,0.4888573468085065,1.0,0.254821099972317,0.07262110421459617,0.43702109573003783,1.0
1391,0.2630322854248555,0.06675713993578092,0.4593074309139301,1.0,0.24186309069024584,0.06272985652907923,0.4209963248514125,1.0
1392,0.3143525588581856,0.11775744938295102,0.5109476683334202,1.0,0.3042066638410815,0.11061624095204298,0.4977970867301201,1.0
1393,0.2583681474140765,0.041606278991996704,0.47513001583615627,1.0,0.22592277677658293,0.03891222969891242,0.4129333238542534,1.0
1394,0.2658121854368306,0.06642909578262043,0.46519527509104075,1.0,0.25382882030374926,0.06868862432540301,0.4389690162820955,1.0
1395,0.32789952703949843,0.10007312469933,0.5557259293796668,1.0,0.3094390840702171,0.09481553449980318,0.524062633640631,1.0
1396,0.30546421394171064,0.09432336395220148,0.5166050639312199,1.0,0.28050562507848026,0.08894727432771446,0.4720639758292461,1.0
1397,0.3120873793098114,0.1037075445031364,0.5204672141164863,1.0,0.2970178932252837,0.10466692768799646,0.48936885876257097,1.0
1398,0.31377199133972744,0.0869216762205127,0.5406223064589422,1.0,0.28597240842001526,0.07678431970661384,0.4951604971334167,1.0
1399,0.2856888164898533,0.085627277294931,0.48575035568477554,1.0,0.30619741221337055,0.10627603895854937,0.5061187854681917,1.0
1400,0.2688098575857647,0.053868956583295685,0.4837507585882337,1.0,0.23722297047649968,0.050256326328794065,0.4241896146242053,1.0
1401,0.3065384228935629,0.0885951530286947,0.5244816927584312,1.0,0.2878765554159289,0.08543983528268953,0.49031327554916826,1.0
1402,0.2526297663496668,0.036408858860470156,0.46885067383886336,1.0,0.2334376801631778,0.0431449244300868,0.4237304358962688,1.0
1403,0.33836379655455767,0.11287871587555476,0.5638488772335606,1.0,0.3181676523492198,0.1080598687834965,0.5282754359149431,1.0
1404,0.2748029314461449,0.06226259956051261,0.48734326333177724,1.0,0.22782311827117188,0.037559926547257816,0.41808630999508595,1.0
1405,0.24365048862276095,0.05383616504603822,0.4334648121994837,1.0,0.22759554393802134,0.05499052225457879,0.4002005656214639,1.0
1406,0.21344645289525854,0.008337530263855836,0.4185553755266612,1.0,0.20201968036556975,0.02066470115890781,0.3833746595722317,1.0
1407,0.29274819897616594,0.08663863002551678,0.49885776792681513,1.0,0.27487170585665616,0.07864153735651735,0.47110187435679496,1.0
1408,0.2535201996889849,0.04784279376846853,0.4591976056095013,1.0,0.23709437806924255,0.05237802801857097,0.42181072811991416,1.0
1409,0.32754833103159237,0.11533385246895361,0.5397628095942311,1.0,0.32209930336033443,0.11781480407390524,0.5263838026467637,1.0
1410,0.25272638463556535,0.043077276346219384,0.4623754929249113,1.0,0.23423115410550385,0.047380652369454435,0.42108165584155327,1.0
1411,0.32330761487301335,0.09852216795515001,0.5480930617908767,1.0,0.2737196968901177,0.07498476046376515,0.4724546333164703,1.0
1412,0.2531709016086611,0.06013883666248618,0.44620296655483604,1.0,0.23765644936178956,0.059800343796672956,0.4155125549269062,1.0
1413,0.31723525870672964,0.08189415531793118,0.5525763620955281,1.0,0.27878674133899256,0.072528096508027,0.4850453861699581,1.0
1414,0.26343451306716764,0.058237053225090984,0.4686319729092443,1.0,0.22802425463552997,0.04737926471311993,0.40866924455794,1.0
1415,0.3103099640931228,0.0883249406689113,0.5322949875173343,1.0,0.271318746060469,0.07234639819639443,0.4702910939245436,1.0
1416,0.33468612888514176,0.11129174576165723,0.5580805120086263,1.0,0.3145877971016896,0.09574390403673003,0.5334316901666492,1.0
1417,0.27173782020117704,0.0545429264271092,0.48893271397524485,1.0,0.2517547611195963,0.05765767883881681,0.44585184340037587,1.0
1418,0.30539180511269143,0.10352732115266691,0.5072562890727159,1.0,0.28175347916088667,0.08755912142105415,0.4759478369007192,1.0
1419,0.2720226627628027,0.07287092821242053,0.47117439731318483,1.0,0.2605855252077089,0.07503019191467883,0.4461408585007389,1.0
1420,0.29235052123282457,0.07233622172115878,0.5123648207444904,1.0,0.2753277135442375,0.06860513203739,0.48205029505108504,1.0
1421,0.2708867811166044,0.08194847124537505,0.45982509098783375,1.0,0.2891441519730736,0.09715512744650603,0.48113317649964116,1.0
1422,0.3265721554323089,0.11227402637857811,0.5408702844860397,1.0,0.29076467140291734,0.09367080969413666,0.487858533111698,1.0
1423,0.2947266698060191,0.0910298524695933,0.4984234871424449,1.0,0.28956472198192323,0.10077242742987372,0.4783570165339728,1.0
1424,0.31546325354790644,0.10751618070990179,0.5234103263859111,1.0,0.2977777386228932,0.10127564876433953,0.49427982848144686,1.0
1425,0.32231309263160435,0.11823166327262274,0.5263945219905859,1.0,0.30491879145061757,0.10466074376357035,0.5051768391376648,1.0
1426,0.2973217461425719,0.06843146159992705,0.5262120306852167,1.0,0.26656273030574484,0.05833815452293836,0.47478730608855135,1.0
1427,0.3056468597748053,0.07447992472889275,0.5368137948207179,1.0,0.2761028902131554,0.06553748948847093,0.4866682909378399,1.0
1428,0.26116738369626996,0.06334649590835909,0.45898827148418087,1.0,0.24200491089211598,0.0662475111795677,0.4177623106046643,1.0
1429,0.32363630231937063,0.12063362298117736,0.5266389816575638,1.0,0.3132726428072933,0.11335590218577835,0.5131893834288082,1.0
1430,0.24740163201560172,0.04688117950286558,0.44792208452833787,1.0,0.23233635195821786,0.050670768996349314,0.4140019349200864,1.0
1431,0.30252057670057514,0.08769829606410026,0.51734285733705,1.0,0.26493801487271645,0.06762005831866294,0.46225597142677,1.0
1432,0.2935757967473859,0.07803283676819997,0.5091187567265718,1.0,0.27864022242523695,0.07759429925539069,0.4796861455950832,1.0
1433,0.25671267106657386,0.0424323732111376,0.47099296892201015,1.0,0.23637588674300816,0.04668170632235258,0.42607006716366375,1.0
1434,0.24396713464783684,0.061373042247543946,0.4265612270481297,1.0,0.21471171918113374,0.05498682559931686,0.3744366127629506,1.0
1435,0.2996587391769784,0.10379623404087696,0.4955212443130798,1.0,0.31239597849267053,0.11723592217473802,0.5075560348106031,1.0
1436,0.2595809072275676,0.052648305365734976,0.46651350908940026,1.0,0.22630093619657743,0.042339892010917146,0.4102619803822377,1.0
1437,0.2910623829618363,0.07111772758670865,0.5110070383369639,1.0,0.26543774539123915,0.06222673258152417,0.46864875820095414,1.0
1438,0.27826783107446007,0.06582223770984189,0.4907134244390783,1.0,0.23313536498708853,0.0495470805594381,0.41672364941473894,1.0
1439,0.2794065851283178,0.06715922625344745,0.4916539440031881,1.0,0.24792360858741322,0.055658670206565786,0.44018854696826065,1.0
1440,0.23607548530525221,0.042137292112620905,0.4300136784978835,1.0,0.2145467208009739,0.0425053481753552,0.3865880934265926,1.0
1441,0.29319267269017063,0.08877809959947752,0.49760724578086374,1.0,0.26692909277073135,0.08077589157266321,0.4530822939687995,1.0
1442,0.30448930708301886,0.07820283794192709,0.5307757762241107,1.0,0.28465213842653325,0.0795668438257233,0.4897374330273432,1.0
1443,0.27911843317389723,0.06766134588506204,0.49057552046273245,1.0,0.2682120292439823,0.05219063611668337,0.4842334223712812,1.0
1444,0.2613096843639624,0.05298752602577672,0.4696318427021481,1.0,0.24174768401964666,0.05573877505622768,0.4277565929830657,1.0
1445,0.2908666137628583,0.08326090097926456,0.498472326546452,1.0,0.24978512530687888,0.0695593219634476,0.43001092865031015,1.0
1446,0.26372109606933514,0.03359932703140217,0.4938428651072681,1.0,0.22116641593806793,0.026877210417249886,0.415455621458886,1.0
1447,0.27717438870318095,0.07298632491333068,0.4813624524930312,1.0,0.2710327710531871,0.08176884931158432,0.4602966927947899,1.0
1448,0.2979705319755482,0.08932168796249354,0.5066193759886028,1.0,0.27232705874481394,0.07560821213056912,0.46904590535905877,1.0
1449,0.2639464233176967,0.050036520867291545,0.47785632576810183,1.0,0.2490278395231015,0.048863389002652496,0.44919229004355055,1.0
1450,0.28615056373230635,0.09036103188303762,0.4819400955815751,1.0,0.28022914981180475,0.09567324010864606,0.4647850595149634,1.0
1451,0.26701980909259093,0.05694817528595292,0.47709144289922895,1.0,0.2536807712359663,0.0588930765039572,0.44846846596797535,1.0
1452,0.31418989488302185,0.07766343262895911,0.5507163571370846,1.0,0.29280493983486616,0.07988254549740775,0.5057273341723245,1.0
1453,0.24803926085880845,0.054135727353448904,0.441942794364168,1.0,0.22249928933982818,0.05262612035974515,0.3923724583199112,1.0
1454,0.31986011071797094,0.08451019444212449,0.5552100269938174,1.0,0.2871063167692194,0.07619714828533047,0.4980154852531083,1.0
1455,0.2990246097940555,0.0908515646253828,0.5071976549627282,1.0,0.2709512133789765,0.07069110984435284,0.47121131691360013,1.0
1456,0.29392612488637154,0.07924761128826593,0.5086046384844771,1.0,0.24815836902300661,0.05068761853154338,0.4456291195144698,1.0
1457,0.315860422222635,0.0989966287473528,0.5327242156979172,1.0,0.29330610437061144,0.08470239814759226,0.5019098105936306,1.0
1458,0.2580540285550542,0.057781276093950174,0.45832678101615826,1.0,0.2306438701982562,0.056502269907719005,0.4047854704887934,1.0
1459,0.2824569612171573,0.04991483434040103,0.5149990880939136,1.0,0.24288642665758103,0.04267523810675197,0.44309761520841007,1.0
1460,0.27979065817319143,0.07333054141969744,0.48625077492668545,1.0,0.24973297384701787,0.06872551474664573,0.43074043294739,1.0
1461,0.2904872519506152,0.0744581517835175,0.506516352117713,1.0,0.27452490492567816,0.07553816582582243,0.4735116440255339,1.0
1462,0.27515290475219223,0.07124683109753155,0.4790589784068529,1.0,0.23915392872396063,0.06026202284145113,0.41804583460647016,1.0
1463,0.32071426197973135,0.10484810283118198,0.5365804211282807,1.0,0.31096159259950307,0.10517044231097833,0.5167527428880279,1.0
1464,0.2979952284872782,0.07407295902956382,0.5219174979449926,1.0,0.2711502895224616,0.06567234058315097,0.47662823846177227,1.0
1465,0.2914544484758207,0.08155448057621509,0.5013544163754263,1.0,0.26095669378656344,0.06965688385447372,0.45225650371865317,1.0
1466,0.2966781666738086,0.09064472605203511,0.5027116072955821,1.0,0.2934580336604321,0.095538770485261,0.4913772968356032,1.0
1467,0.32098415707992584,0.09796926500037526,0.5439990491594764,1.0,0.2830684846792912,0.08476404328844811,0.48137292607013427,1.0
1468,0.30329149665409255,0.08204248329162261,0.5245405100165625,1.0,0.27791758093166286,0.078214306150558,0.4776208557127677,1.0
1469,0.31533590560741676,0.0984159484072413,0.5322558628075922,1.0,0.3244008719419095,0.1111914505565246,0.5376102933272944,1.0
1470,0.28749848372524534,0.08327243082018898,0.4917245366303017,1.0,0.28514350969728575,0.09116331409512712,0.47912370529944437,1.0
1471,0.314976803821776,0.08329693332692611,0.5466566743166259,1.0,0.28910051509285833,0.08003100150884981,0.4981700286768669,1.0
1472,0.2825056440575507,0.05576927769524323,0.5092420104198582,1.0,0.25891362810552243,0.0480171966693177,0.46981005954172717,1.0
1473,0.2967301558553012,0.09636581462100152,0.4970944970896009,1.0,0.2964754901953271,0.091886303841438,0.5010646765492162,1.0
1474,0.29245312541206964,0.0730077476055021,0.5118985032186372,1.0,0.26488272552175496,0.06501610017864012,0.4647493508648698,1.0
1475,0.29404524361428697,0.07146990823729446,0.5166205789912794,1.0,0.28716671037746144,0.08021070322478832,0.4941227175301346,1.0
1476,0.3313335973958333,0.1200946386332093,0.5425725561584573,1.0,0.3080467342842172,0.10752798144886805,0.5085654871195664,1.0
1477,0.2892007455141193,0.07127837684398944,0.5071231141842492,1.0,0.2681018520823069,0.06686558407860649,0.46933812008600734,1.0
1478,0.30225287311774307,0.07135078053727575,0.5331549656982104,1.0,0.27866515519004775,0.06771671402318108,0.4896135963569144,1.0
1479,0.265959309059248,0.04494564897129186,0.4869729691472041,1.0,0.2264640209066717,0.036171173683368835,0.4167568681299746,1.0
1480,0.30532717856506425,0.08119627438171972,0.5294580827484088,1.0,0.2784580305190097,0.07537672752823127,0.4815393335097881,1.0
1481,0.3233490898076591,0.11838488936171582,0.5283132902536023,1.0,0.30147604546231954,0.11306109215536286,0.4898909987692762,1.0
1482,0.2923887142805757,0.0695121977303311,0.5152652308308203,1.0,0.23646886068857045,0.045231996502057115,0.4277057248750838,1.0
1483,0.29052258121432484,0.06535818453195408,0.5156869778966956,1.0,0.28762759754342976,0.07041375833395375,0.5048414367529057,1.0
1484,0.2768733178428008,0.07132846444851457,0.48241817123708697,1.0,0.254979241016993,0.0667874924393404,0.44317098959464557,1.0
1485,0.31795103082355897,0.09910205845638786,0.5368000031907301,1.0,0.30840980859136435,0.10350537076685168,0.5133142464158771,1.0
1486,0.29025262348297715,0.08057572503586527,0.499929521930089,1.0,0.2731899107253654,0.0776932569486819,0.46868656450204893,1.0
1487,0.2948309978209097,0.07418587348335162,0.5154761221584678,1.0,0.2589660071671708,0.06895595958999734,0.4489760547443442,1.0
1488,0.2947001706827999,0.08972657923150845,0.49967376213409137,1.0,0.270007899878853,0.07996942304015323,0.4600463767175528,1.0
1489,0.3022895849014096,0.07541338963924238,0.5291657801635768,1.0,0.2877117521322854,0.07800728807009974,0.4974162161944711,1.0
1490,0.3012042795368571,0.09514029311914185,0.5072682659545723,1.0,0.33526880866129183,0.11492767061484385,0.5556099467077398,1.0
1491,0.2396201002064478,0.04479154440516736,0.43444865600772825,1.0,0.22508166357344547,0.05337377601764792,0.396789551129243,1.0
1492,0.2510235111408454,0.04295384345586978,0.45909317882582107,1.0,0.23602738877270563,0.047511688721192546,0.4245430888242187,1.0
1493,0.25337107366049755,0.06212999340906489,0.4446121539119302,1.0,0.2587521491295074,0.07724065278510586,0.44026364547390895,1.0
1494,0.29718234732636706,0.09027327329351145,0.5040914213592227,1.0,0.2736987574212558,0.08014914404507409,0.46724837079743753,1.0
1495,0.34249031350523823,0.13026236321875484,0.5547182637917216,1.0,0.31363759166186894,0.11839269408926559,0.5088824892344723,1.0
1496,0.27264040638858134,0.06846111378913802,0.4768196989880247,1.0,0.2554274130066766,0.07092501169685031,0.4399298143165029,1.0
1497,0.2967775143943741,0.07571797420314061,0.5178370545856076,1.0,0.2633140400101896,0.06196739811429747,0.46466068190608173,1.0
1498,0.24995735031324415,0.04287380593654247,0.4570408946899458,1.0,0.22310071278926807,0.03630053599936231,0.4099008895791738,1.0
1499,0.26632894263489587,0.05247506746515987,0.4801828178046319,1.0,0.24106478279492508,0.05114878460579353,0.4309807809840566,1.0
1500,0.2922315836415662,0.09029627205150129,0.49416689523163115,1.0,0.2890616410493228,0.09518800004624989,0.4829352820523957,1.0
1501,0.24995800467746493,0.03700459649600518,0.4629114128589247,1.0,0.21448760001239675,0.028540523668830836,0.40043467635596264,1.0
1502,0.2371532711272535,0.03518089521017678,0.4391256470443302,1.0,0.20720255980545302,0.029640697573535796,0.38476442203737027,1.0
1503,0.3061976856587086,0.08351804126984513,0.528877330047572,1.0,0.28920752646773296,0.08203935838080839,0.4963756945546575,1.0
1504,0.2210112170852739,0.030819350115132316,0.4112030840554155,1.0,0.20542145292343778,0.038711737318361694,0.37213116852851386,1.0
1505,0.22529560484239786,0.0248197123334378,0.4257714973513579,1.0,0.23379690461869565,0.04790426097509762,0.41968954826229365,1.0
1506,0.3299275210687024,0.09490296668630546,0.5649520754510993,1.0,0.29854038296320334,0.08436519080590385,0.5127155751205028,1.0
1507,0.3118634722964837,0.0910872477739896,0.5326396968189778,1.0,0.29271237551270346,0.08593927997327216,0.49948547105213476,1.0
1508,0.3179516829928284,0.09642474174535651,0.5394786242403002,1.0,0.28244428066232785,0.08086183845490547,0.48402672286975024,1.0
1509,0.27731230719520356,0.06357004728916896,0.4910545671012382,1.0,0.2581756572285763,0.0631530844498712,0.45319823000728143,1.0
1510,0.32111282133465674,0.10831931497103217,0.5339063276982813,1.0,0.27991632816668105,0.0865753270439247,0.4732573292894374,1.0
1511,0.3304436984955881,0.113090311565192,0.5477970854259842,1.0,0.29053619213774284,0.09352655271603794,0.48754583155944775,1.0
1512,0.2766826927472758,0.0692119202011176,0.484153465293434,1.0,0.2558902364922449,0.06375026794778502,0.44803020503670477,1.0
1513,0.27913060203808227,0.07580174535191,0.48245945872425455,1.0,0.24983773690881456,0.07027900073977256,0.42939647307785656,1.0
1514,0.33044296905864834,0.10263534326394363,0.558250594853353,1.0,0.28485063780943004,0.08193605165412476,0.4877652239647353,1.0
1515,0.29271227286152723,0.08772137581571937,0.4977031699073351,1.0,0.3038497686355881,0.09592910251279327,0.5117704347583829,1.0
1516,0.27760569847378397,0.07115473885378165,0.4840566580937863,1.0,0.25210708602854986,0.07038943528259453,0.43382473677450517,1.0
1517,0.30688331743795266,0.05367134467699869,0.5600952901989067,1.0,0.26851050112216385,0.0452292346616856,0.4917917675826421,1.0
1518,0.26473820561921596,0.06583572572370938,0.46364068551472254,1.0,0.24096126912974294,0.061034182518286656,0.4208883557411992,1.0
1519,0.3062346581400634,0.07612660121538883,0.536342715064738,1.0,0.26528886590948786,0.06595920333467636,0.46461852848429935,1.0
1520,0.24639004721510077,0.048079791771908104,0.4447003026582934,1.0,0.22971385512581483,0.05262565940305253,0.4068020508485771,1.0
1521,0.3078927892136242,0.0852831016389865,0.5305024767882618,1.0,0.28287743005909044,0.07941087705392799,0.48634398306425286,1.0
1522,0.3303336113629502,0.10520834418476616,0.5554588785411343,1.0,0.30186703967701567,0.09133388556491553,0.5124001937891158,1.0
1523,0.25645260365526895,0.0713678012302868,0.4415374060802511,1.0,0.2245872009352531,0.058647115847441894,0.3905272860230643,1.0
1524,0.29225566069700615,0.07717078006889677,0.5073405413251155,1.0,0.27193136968183224,0.08126019460027095,0.4626025447633935,1.0
1525,0.2952573514864961,0.09100773220532973,0.4995069707676625,1.0,0.2564701574280144,0.06817366214427051,0.44476665271175825,1.0
1526,0.33482272389938234,0.12228242667729353,0.5473630211214712,1.0,0.2918177330170035,0.09333891396573613,0.49029655206827083,1.0
1527,0.30601042695386904,0.09351151958510756,0.5185093343226306,1.0,0.3127069195986564,0.09942507465277506,0.5259887645445377,1.0
1528,0.3100614330500309,0.10675502583555666,0.5133678402645052,1.0,0.30215309841751414,0.10644685512798399,0.49785934170704427,1.0
1529,0.3311147414848368,0.10433342589062355,0.5578960570790501,1.0,0.2977285531715118,0.08882185461396871,0.5066352517290549,1.0
1530,0.24926413001469858,0.029240174396021834,0.4692880856333753,1.0,0.2315059962243657,0.037004387048544474,0.42600760540018695,1.0
1531,0.2885512872084544,0.07645521616669729,0.5006473582502116,1.0,0.2805285416358508,0.0806007986311569,0.4804562846405447,1.0
1532,0.29024431114939886,0.08394941418258153,0.4965392081162162,1.0,0.2585162674408134,0.0720666799014458,0.44496585498018104,1.0
1533,0.2998784305796149,0.10786086791958349,0.4918959932396463,1.0,0.2949659605101782,0.1020040003371028,0.48792792068325364,1.0
1534,0.29808301067086584,0.0938707190290976,0.5022953023126341,1.0,0.2733583439628558,0.07849029265923155,0.46822639526648,1.0
1535,0.3035762289939396,0.10537942170882675,0.5017730362790525,1.0,0.30108307485956093,0.10662285908984939,0.4955432906292725,1.0
1536,0.25972404306091024,0.05428130057865163,0.4651667855431688,1.0,0.2293684016272724,0.0441020228701135,0.4146347803844313,1.0
1537,0.30672018961029174,0.0999412274153626,0.5134991518052209,1.0,0.2995523172611198,0.10188098957480105,0.49722364494743854,1.0
1538,0.2515492185314204,0.05696466804782682,0.446133769015014,1.0,0.22985170900506996,0.0543672092500162,0.4053362087601237,1.0
1539,0.25340506705348986,0.04249026187411736,0.46431987223286236,1.0,0.2699737517408573,0.07485654347863785,0.46509096000307676,1.0
1540,0.32363744129368516,0.10150194927562348,0.5457729333117468,1.0,0.2939771705151366,0.09337791921431643,0.4945764218159568,1.0
1541,0.3017780350458414,0.09034160088288162,0.5132144692088012,1.0,0.27804327890200226,0.08132398970940041,0.4747625680946041,1.0
1542,0.28974624598815857,0.08139033178990035,0.4981021601864168,1.0,0.25969527563622924,0.07134778757551241,0.44804276369694607,1.0
1543,0.30197767062966463,0.09247272345663596,0.5114826178026933,1.0,0.29110335768383067,0.08796958123139714,0.4942371341362642,1.0
1544,0.24667079699426275,0.04352370755392043,0.4498178864346051,1.0,0.2339292642171907,0.053335521283033344,0.41452300715134804,1.0
1545,0.2933790394560491,0.06322404803989132,0.5235340308722068,1.0,0.252369214320349,0.051990953901082076,0.45274747473961585,1.0
1546,0.23921389721842382,0.03319108545401883,0.4452367089828288,1.0,0.20842660492037735,0.029067119140617825,0.38778609070013687,1.0
1547,0.3238500101481599,0.10462249230385828,0.5430775279924616,1.0,0.2960218505267785,0.09115291320527885,0.5008907878482781,1.0
1548,0.25574098217035357,0.045846176009876755,0.4656357883308304,1.0,0.24807146969484656,0.06005530750165522,0.4360876318880379,1.0
1549,0.2822214777964253,0.04640718375334241,0.5180357718395082,1.0,0.23395086802890255,0.033035961327671975,0.4348657747301331,1.0
1550,0.3042643903732632,0.0834592833175535,0.5250694974289729,1.0,0.26298622978948494,0.06450269576379722,0.4614697638151727,1.0
1551,0.2643571387770154,0.057455657032374624,0.4712586205216561,1.0,0.2336222389179672,0.05281473327128147,0.414429744564653,1.0
1552,0.2594551609759175,0.05097583530166966,0.4679344866501653,1.0,0.22688067553803024,0.04587007029998011,0.4078912807760804,1.0
1553,0.25438272928791955,0.04711365662438263,0.4616518019514565,1.0,0.22112211167672996,0.04141120786616487,0.40083301548729505,1.0
1554,0.2770060962302239,0.058824639611161716,0.49518755284928606,1.0,0.25555863623821007,0.051757206625484414,0.4593600658509357,1.0
1555,0.2805083273497625,0.08096773270614846,0.48004892199337656,1.0,0.3048701042288765,0.108265758174859,0.5014744502828941,1.0
1556,0.31468462202999814,0.10634538237695568,0.5230238616830406,1.0,0.30027915992564863,0.10939031883984951,0.49116800101144775,1.0
1557,0.31719258553578644,0.0937685164488857,0.5406166546226872,1.0,0.2730285448286187,0.07066226392963809,0.47539482572759933,1.0
1558,0.2924656615094467,0.05405764088770584,0.5308736821311876,1.0,0.24258532040102168,0.03558134552359679,0.4495892952784466,1.0
1559,0.3249597113344226,0.08976796790471125,0.560151454764134,1.0,0.2887084639615259,0.07654922411743115,0.5008677038056206,1.0
1560,0.2839134201275452,0.06826183789946155,0.4995650023556289,1.0,0.27341393184841506,0.07230881043077647,0.47451905326605365,1.0
1561,0.3163586337893716,0.08377231503252877,0.5489449525462144,1.0,0.2890011559754742,0.07600963904575778,0.5019926729051907,1.0
1562,0.31425503810327887,0.09570987719933285,0.5328001990072249,1.0,0.27416730320082977,0.07769589059067547,0.47063871581098404,1.0
1563,0.3172413525412884,0.08963027572092797,0.5448524293616488,1.0,0.2766486554401585,0.06965656890061084,0.48364074197970613,1.0
1564,0.2282280714329292,0.0321131078241218,0.4243430350417366,1.0,0.21202146767287927,0.040528531832383724,0.38351440351337485,1.0
1565,0.27226272766020765,0.061636497138311125,0.4828889581821042,1.0,0.21921780502825233,0.03323203065860067,0.40520357939790397,1.0
1566,0.27753840620097603,0.07369240581938993,0.4813844065825621,1.0,0.24925717465474478,0.07353776370632659,0.424976585603163,1.0
1567,0.2466815757602693,0.05891421022782059,0.43444894129271805,1.0,0.21336018210078705,0.05121353922807831,0.3755068249734958,1.0
1568,0.28538407836766166,0.06714430649334766,0.5036238502419756,1.0,0.24485619104883113,0.05719824810036095,0.4325141339973013,1.0
1569,0.31143943242602473,0.08653365640812843,0.5363452084439211,1.0,0.30007041676737395,0.08873049910538452,0.5114103344293633,1.0
1570,0.24302619626617727,0.05877302649203189,0.4272793660403227,1.0,0.23786617522935932,0.06473291256933275,0.41099943788938587,1.0
1571,0.3147357768012371,0.09839554096257275,0.5310760126399015,1.0,0.2767759194945974,0.08088447222618736,0.47266736676300747,1.0
1572,0.3023111830613286,0.10472985749554592,0.49989250862711126,1.0,0.28399014032870484,0.09617520493340784,0.4718050757240019,1.0
1573,0.2834791893569297,0.0701416983506093,0.49681668036325005,1.0,0.2570688756253321,0.06655276937338767,0.4475849818772765,1.0
1574,0.22942205731071172,0.03756680212657654,0.4212773124948469,1.0,0.2259399246942792,0.04549134555556675,0.40638850383299163,1.0
1575,0.2914179270783682,0.09469929103560867,0.48813656312112774,1.0,0.3057614255109997,0.11169002132876457,0.49983282969323484,1.0
1576,0.2346593385013287,0.03496619086863134,0.43435248613402605,1.0,0.2142350868320974,0.03832662996957739,0.39014354369461746,1.0
1577,0.28840426904818417,0.08452383144237885,0.4922847066539895,1.0,0.2718094893885528,0.07991470354271549,0.4637042752343902,1.0
1578,0.25643809990948396,0.0507093223619392,0.4621668774570287,1.0,0.23308876351861274,0.05203115924822593,0.41414636778899955,1.0
1579,0.2849630216650046,0.08012005038428283,0.48980599294572635,1.0,0.26793896973910913,0.07868300783940191,0.45719493163881636,1.0
1580,0.3043787169057057,0.09230534329564169,0.5164520905157698,1.0,0.27389591800521457,0.08407850112362242,0.4637133348868067,1.0
1581,0.28760059174747893,0.08461896230759172,0.49058222118736616,1.0,0.27400224450101035,0.08655571867737158,0.46144877032464915,1.0
1582,0.3113077007521514,0.09543095971769122,0.5271844417866116,1.0,0.3100487984249736,0.08722823894402462,0.5328693579059226,1.0
1583,0.3203041905882049,0.0978452219063018,0.5427631592701081,1.0,0.3028844179600319,0.08841225822035678,0.517356577699707,1.0
1584,0.27813473472379835,0.06503645318368831,0.49123301626390836,1.0,0.2628747476722807,0.06523858714828196,0.46051090819627943,1.0
1585,0.33523388309321933,0.13500556110103645,0.5354622050854022,1.0,0.337393574346934,0.12359830131671398,0.551188847377154,1.0
1586,0.284598720305664,0.06779644084932426,0.5014009997620038,1.0,0.2550364644409181,0.06166784636132319,0.44840508252051303,1.0
1587,0.30509233405349306,0.09180229674694937,0.5183823713600367,1.0,0.2860552831352809,0.08876046805165322,0.48335009821890856,1.0
1588,0.2303618264711013,0.03449751732850967,0.42622613561369294,1.0,0.202506737196228,0.03225078126953099,0.372762693122925,1.0
1589,0.23567053721002645,0.03814697486755156,0.4331940995525013,1.0,0.21947156989950162,0.04427387338192598,0.3946692664170772,1.0
1590,0.2971193606142889,0.08608437012344766,0.5081543511051301,1.0,0.26928719548397934,0.08130785045217578,0.45726654051578286,1.0
1591,0.31569560865389823,0.09882711379266881,0.5325641035151276,1.0,0.2938782667121986,0.09308895579675366,0.49466757762764346,1.0
1592,0.26946679581902505,0.07143903981233579,0.4674945518257143,1.0,0.2561111768188193,0.06841404338248025,0.4438083102551583,1.0
1593,0.3029243515882495,0.10271059657177284,0.5031381066047261,1.0,0.2896170333353734,0.0974115805600044,0.4818224861107424,1.0
1594,0.2688420256528981,0.05911354720940645,0.4785705040963898,1.0,0.2292543911002847,0.05049527498123496,0.40801350721933444,1.0
1595,0.30613777061220004,0.08399770369189719,0.5282778375325029,1.0,0.2709661422087436,0.0724620006180344,0.46947028379945277,1.0
1596,0.32090852770550643,0.09550943527864064,0.5463076201323722,1.0,0.2939619411416665,0.09113125108813447,0.49679263119519856,1.0
1597,0.2983499949537186,0.09622304795018244,0.5004769419572548,1.0,0.2753899569035515,0.08445177772765422,0.4663281360794488,1.0
1598,0.2899127974022413,0.07713334234250638,0.5026922524619762,1.0,0.26018499131549355,0.06490392062998801,0.4554660620009991,1.0
1599,0.30181344272719485,0.09748245024757396,0.5061444352068157,1.0,0.257050508161988,0.0703359447200213,0.4437650716039547,1.0
1600,0.27372244877637036,0.08936312604550922,0.4580817715072315,1.0,0.27744684913354895,0.09697255930589138,0.4579211389612065,1.0
1601,0.2811652869234385,0.07279092117926891,0.4895396526676081,1.0,0.2537529703358957,0.055713306720225814,0.45179263395156566,1.0
1602,0.2447397251886505,0.04552888600573021,0.44395056437157077,1.0,0.23901547566642561,0.05674484390151793,0.4212861074313333,1.0
1603,0.30223271185819955,0.09532775371814015,0.5091376699982589,1.0,0.30246824376169495,0.0976115056450933,0.5073249818782966,1.0
1604,0.29343416627986413,0.07595573057836272,0.5109126019813656,1.0,0.2560517096922122,0.06500357516694774,0.4470998442174766,1.0
1605,0.26389517644513466,0.03477554456576207,0.4930148083245073,1.0,0.2386396563442483,0.039056748732202606,0.438222563956294,1.0
1606,0.25806168265854973,0.0524036219104026,0.46371974340669686,1.0,0.22862365727018924,0.04814251725649865,0.40910479728387983,1.0
1607,0.2906520077601195,0.07683998767184316,0.5044640278483958,1.0,0.28570470077842586,0.08759523233314936,0.48381416922370235,1.0
1608,0.23202325668790197,0.04591540788402054,0.4181311054917834,1.0,0.21593660481319435,0.042267690316939305,0.3896055193094494,1.0
1609,0.2664483372123137,0.05771196426046765,0.47518471016415975,1.0,0.2466690675447912,0.05996066296437641,0.433377472125206,1.0
1610,0.30730466664578926,0.11546204691654582,0.4991472863750327,1.0,0.31196190699279397,0.11793162488706074,0.5059921890985272,1.0
1611,0.30645841624668063,0.09110669881097155,0.5218101336823897,1.0,0.2717159149614877,0.07813373852676014,0.4652980913962153,1.0
1612,0.31198757595271603,0.08545463347884025,0.5385205184265918,1.0,0.28447015828170374,0.07765039435750096,0.4912899222059065,1.0
1613,0.3110249041917163,0.11610340330965238,0.5059464050737802,1.0,0.2725678922847345,0.09467173121045949,0.4504640533590095,1.0
1614,0.24437959937083217,0.04795662725410979,0.44080257148755453,1.0,0.20626243503680408,0.03879527699527621,0.373729593078332,1.0
1615,0.2358661261044904,0.028251263081289085,0.44348098912769174,1.0,0.2097823137145415,0.031339152963527434,0.38822547446555555,1.0
1616,0.3082193450228411,0.0800260750413091,0.5364126150043731,1.0,0.25290428347407595,0.05091151857953213,0.45489704836861977,1.0
1617,0.3264832468116046,0.10151303938625025,0.551453454236959,1.0,0.2899419529399483,0.0895073213291227,0.4903765845507739,1.0
1618,0.265967420604251,0.06571290716662995,0.46622193404187207,1.0,0.23852129449886017,0.05801341706135074,0.41902917193636957,1.0
1619,0.30122634926543307,0.08217932503092823,0.5202733734999379,1.0,0.2690295571082039,0.06582693313463242,0.47223218108177545,1.0
1620,0.2909206481312429,0.08051009926742994,0.5013311969950559,1.0,0.2626626474933316,0.07533111307595014,0.4499941819107131,1.0
1621,0.31569085881157644,0.0907321555515756,0.5406495620715772,1.0,0.2800499026788747,0.07375236094357629,0.4863474444141731,1.0
1622,0.2511530281277373,0.04204238981785244,0.4602636664376222,1.0,0.2212210215405998,0.03895818176107435,0.40348386132012526,1.0
1623,0.27867986228043057,0.0698032925370845,0.48755643202377663,1.0,0.2474038217006464,0.05749026588083031,0.4373173775204625,1.0
1624,0.27145670695744956,0.05559156464392734,0.4873218492709718,1.0,0.24944154280035516,0.05647667991501776,0.44240640568569256,1.0
1625,0.30848025305288906,0.09210054983395968,0.5248599562718185,1.0,0.2914029363989267,0.09313001910288288,0.4896758536949706,1.0
1626,0.24839490692460675,0.042618840679567255,0.4541709731696463,1.0,0.21938426301534478,0.039444655814639074,0.3993238702160505,1.0
1627,0.2973352095802381,0.08859679353423452,0.5060736256262417,1.0,0.26669204854168105,0.0744574095067734,0.4589266875765887,1.0
1628,0.2939317406015088,0.075894124082934,0.5119693571200836,1.0,0.2608333147285039,0.06745731927870671,0.45420931017830113,1.0
1629,0.32016931122123155,0.09614841502742236,0.5441902074150408,1.0,0.30420215843347753,0.08480593531346908,0.5235983815534859,1.0
1630,0.2306648810170712,0.031151292768482997,0.4301784692656594,1.0,0.21310652322763807,0.03642173240797572,0.3897913140473004,1.0
1631,0.32817118638563303,0.10073472492580421,0.5556076478454619,1.0,0.2877280212532513,0.08453573519352439,0.4909203073129782,1.0
1632,0.2626921153556817,0.07151844549778943,0.453865785213574,1.0,0.2916507861929906,0.09805326238960763,0.4852483099963736,1.0
1633,0.2893198647560637,0.07850321492076717,0.5001365145913602,1.0,0.2708484019602706,0.07829352363971637,0.46340328028082484,1.0
1634,0.24640985213592817,0.05383351118788621,0.43898619308397013,1.0,0.22523458738505114,0.05350635313710228,0.396962821633,1.0
1635,0.25001348469377593,0.05102423550730409,0.4490027338802478,1.0,0.23364028523010746,0.056485794600122374,0.41079477586009255,1.0
1636,0.32935208124333876,0.10637493908803125,0.5523292233986463,1.0,0.3047527061680769,0.09971522083294401,0.5097901915032098,1.0
1637,0.24957843126082682,0.0497947562344013,0.44936210628725237,1.0,0.23013268188929153,0.053421284234908634,0.4068440795436744,1.0
1638,0.3053754155071137,0.070587327699176,0.5401635033150515,1.0,0.29789305914384956,0.07598755524591697,0.5197985630417822,1.0
1639,0.27223226917210813,0.059914555476893006,0.48454998286732326,1.0,0.24857864427445062,0.06066583023527361,0.4364914583136276,1.0
1640,0.30637896218781957,0.08852964015107584,0.5242282842245634,1.0,0.2803541333150366,0.07124095774417355,0.4894673088858997,1.0
1641,0.2699807098860854,0.05159125354293445,0.48837016622923635,1.0,0.23525659382831005,0.04858571623089844,0.4219274714257216,1.0
1642,0.30613533452393965,0.09377964528880808,0.5184910237590712,1.0,0.2909757974155126,0.09240825220647231,0.4895433426245529,1.0
1643,0.26127403485084066,0.06497852500215401,0.4575695446995273,1.0,0.23829206416944615,0.06486421219524952,0.4117199161436428,1.0
1644,0.3322964795607028,0.1256864621945007,0.5389064969269048,1.0,0.29615193384999355,0.10708063129667328,0.48522323640331383,1.0
1645,0.32928776867876586,0.10109620753427523,0.5574793298232565,1.0,0.2713785174733367,0.07220458781095015,0.4705524471357232,1.0
1646,0.26588546840579075,0.054691398392103296,0.4770795384194782,1.0,0.23313157650619679,0.05277286468363929,0.4134902883287543,1.0
1647,0.2958521174322809,0.09610714636654571,0.4955970884980161,1.0,0.2643231940141538,0.08430386738208157,0.444342520646226,1.0
1648,0.3031670968822753,0.10676761293944317,0.4995665808251074,1.0,0.2924809450215405,0.10292982709262757,0.4820320629504534,1.0
1649,0.28925748728954204,0.07176538467006507,0.506749589909019,1.0,0.2865316548902441,0.07078196231269993,0.5022813474677883,1.0
1650,0.3026007795547846,0.07635120123248151,0.5288503578770877,1.0,0.2672402386539941,0.06662578485007636,0.46785469245791184,1.0
1651,0.2441513351709397,0.043239091263555685,0.4450635790783237,1.0,0.2224579371178166,0.044500143488446164,0.40041573074718706,1.0
1652,0.24275870725794274,0.04861794977107986,0.4368994647448056,1.0,0.21592587127542542,0.04478149464148287,0.38707024790936795,1.0
1653,0.29356484140902334,0.0772707549674897,0.509858927850557,1.0,0.2628185946301114,0.07200620082993398,0.4536309884302889,1.0
1654,0.21770477695638643,0.027373570293480365,0.4080359836192925,1.0,0.18643728526868705,0.023515764231652303,0.3493588063057218,1.0
1655,0.3087584694688576,0.09419190902058758,0.5233250299171276,1.0,0.28838670914134434,0.08570985313496057,0.4910635651477281,1.0
1656,0.26806991750563575,0.07787139596889789,0.4582684390423736,1.0,0.23492592540444213,0.0641829510120735,0.40566889979681076,1.0
1657,0.299305061045595,0.08577902464845866,0.5128310974427314,1.0,0.2701460046304912,0.07431718481327979,0.46597482444770266,1.0
1658,0.3341918518639632,0.10407876093591328,0.5643049427920132,1.0,0.30557600864496587,0.09377421457718321,0.5173778027127485,1.0
1659,0.26213716119316355,0.05387490238803325,0.4703994199982938,1.0,0.23073053649894165,0.046526021175779586,0.4149350518221037,1.0
1660,0.3067070707607975,0.10073333911814089,0.5126808024034541,1.0,0.28169303078083063,0.08601668320925623,0.477369378352405,1.0
1661,0.2668148653803397,0.05577357843207728,0.4778561523286021,1.0,0.2604552717913776,0.05794101453371778,0.46296952904903743,1.0
1662,0.2995152452824846,0.07725357094266358,0.5217769196223055,1.0,0.27824876290273964,0.06821024622174987,0.4882872795837294,1.0
1663,0.2953930464571935,0.0827663271334951,0.5080197657808919,1.0,0.2668052685946011,0.07485104334910997,0.4587594938400922,1.0
1664,0.2751939160511462,0.05864495426273386,0.4917428778395585,1.0,0.2519540912661662,0.060971575826125335,0.44293660670620705,1.0
1665,0.2747139390774061,0.07537937050026358,0.47404850765454865,1.0,0.28063540865524567,0.08987769393355738,0.47139312337693395,1.0
1666,0.3164053243473221,0.09402329563328926,0.538787353061355,1.0,0.27960885032144134,0.08049371392035135,0.47872398672253136,1.0
1667,0.26579302632948576,0.046713488175054024,0.48487256448391747,1.0,0.24715269003667195,0.05269496769273807,0.44161041238060583,1.0
1668,0.2715029279719287,0.055695816522280894,0.4873100394215765,1.0,0.23737913187890722,0.04393729948512959,0.43082096427268485,1.0
1669,0.30455784446278006,0.0900631853626406,0.5190525035629195,1.0,0.270995140250039,0.07460133785892212,0.46738894264115594,1.0
1670,0.24530311988276593,0.0349390431729219,0.45566719659260996,1.0,0.23105537313607588,0.044855947402707264,0.4172547988694445,1.0
1671,0.30383545056984884,0.11204664092379546,0.4956242602159022,1.0,0.27803938391830485,0.08954481918646623,0.46653394865014347,1.0
1672,0.2590320677452846,0.06354266689264604,0.45452146859792314,1.0,0.23747613541814205,0.06151727907604729,0.4134349917602368,1.0
1673,0.3104456393819866,0.08590041571406057,0.5349908630499126,1.0,0.29403168221766957,0.08629150145270245,0.5017718629826367,1.0
1674,0.34183592524638,0.11425314650954232,0.5694187039832177,1.0,0.30942718918231177,0.10358184634704645,0.5152725320175771,1.0
1675,0.33634787624567763,0.12077462952079618,0.5519211229705591,1.0,0.3214157429497093,0.11903727662611452,0.5237942092733041,1.0
1676,0.29097871449407137,0.08723553923363078,0.4947218897545119,1.0,0.25738690718498863,0.0731672692360795,0.44160654513389774,1.0
1677,0.29774585453440416,0.0853743317900427,0.5101173772787656,1.0,0.27817541875753615,0.08048107429034024,0.47586976322473207,1.0
1678,0.31462730545435263,0.10137442116134873,0.5278801897473565,1.0,0.27620111957679366,0.08592836340757273,0.4664738757460146,1.0
1679,0.3081482719516012,0.09881407365136213,0.5174824702518404,1.0,0.28789825992749546,0.09249252741109504,0.4833039924438959,1.0
1680,0.25498868650511397,0.0464752700850154,0.46350210292521254,1.0,0.24020412293953464,0.05168583996630216,0.4287224059127671,1.0
1681,0.30660935480212764,0.10258919615925535,0.510629513445,1.0,0.2901908324393272,0.09559601957337396,0.48478564530528045,1.0
1682,0.26173050483065646,0.04438336232936291,0.47907764733195,1.0,0.23461520317969475,0.042895084763138525,0.426335321596251,1.0
1683,0.2733437347438153,0.06626098884937917,0.48042648063825144,1.0,0.24711093834424425,0.05813705949984352,0.436084817188645,1.0
1684,0.2596820249936932,0.03494362487051095,0.48442042511687544,1.0,0.22633339797155205,0.03168506179297037,0.42098173415013374,1.0
1685,0.2988364727563846,0.0792082764797693,0.5184646690329999,1.0,0.261669742126059,0.06340573731256605,0.4599337469395519,1.0
1686,0.27318974439568305,0.055614991556551,0.4907644972348151,1.0,0.24339501525926308,0.05297620654374979,0.43381382397477636,1.0
1687,0.2806533353913574,0.06435186073362723,0.4969548100490876,1.0,0.24704088398649102,0.0568771213096442,0.4372046466633378,1.0
1688,0.26441143390830557,0.05001881856283408,0.47880404925377706,1.0,0.2292048960746663,0.04170028505417564,0.416709507095157,1.0
1689,0.3093413028466096,0.09349234724917554,0.5251902584440437,1.0,0.2816301972463751,0.08318501467862033,0.4800753798141299,1.0
1690,0.29930920065883726,0.07963870111266838,0.5189797002050062,1.0,0.26482256151263417,0.06606090695979183,0.4635842160654765,1.0
1691,0.3332320932972544,0.1222983155469495,0.5441658710475593,1.0,0.3090461877880255,0.11199300237263307,0.5060993732034179,1.0
1692,0.26155387794392015,0.052036227152940207,0.4710715287349001,1.0,0.22871436033513134,0.043650626137950066,0.4137780945323126,1.0
1693,0.2858278000817678,0.0883119313239743,0.48334366883956126,1.0,0.2708216026615352,0.08231775521903512,0.4593254501040353,1.0
1694,0.25281649583475213,0.04824359106171339,0.4573894006077909,1.0,0.22545592171184134,0.04379365056855128,0.4071181928551314,1.0
1695,0.2877292923642217,0.08347047461407933,0.49198811011436405,1.0,0.27701673410581845,0.07895338701051202,0.4750800812011249,1.0
1696,0.2575301553759734,0.060660830136581245,0.45439948061536556,1.0,0.24276511827568906,0.06624939475975833,0.4192808417916198,1.0
1697,0.25371764510495554,0.03944009571972654,0.46799519449018456,1.0,0.227192937254909,0.04046356288990577,0.4139223116199122,1.0
1698,0.2703370485422164,0.0822650017841241,0.4584090953003087,1.0,0.24960049738518517,0.07877940713156495,0.4204215876388054,1.0
1699,0.2955154725811947,0.09465367063631142,0.496377274526078,1.0,0.2788447035556311,0.08313490187332248,0.47455450523793974,1.0
1700,0.30310285644889673,0.09195256165078664,0.5142531512470068,1.0,0.2821191064630281,0.08277146133392124,0.48146675159213503,1.0
1701,0.24635234113374946,0.03882970958593768,0.45387497268156124,1.0,0.23701264022940427,0.05291665946952975,0.4211086209892788,1.0
1702,0.3021695827283393,0.08943272834066052,0.5149064371160181,1.0,0.289998343133257,0.08928272135295176,0.49071396491356223,1.0
1703,0.24614969841612325,0.04207662522440145,0.4502227716078451,1.0,0.2274300765389715,0.041461730051768314,0.4133984230261747,1.0
1704,0.26890649492708124,0.05395097111711222,0.48386201873705026,1.0,0.24510401096155698,0.05460578929598625,0.4356022326271277,1.0
1705,0.31766879755922545,0.10638402865792648,0.5289535664605244,1.0,0.30595977618381687,0.1075331886413084,0.5043863637263253,1.0
1706,0.29321713169353286,0.08173358732305938,0.5047006760640064,1.0,0.26092590658777803,0.07041867773446125,0.4514331354410948,1.0
1707,0.3104937133834021,0.09359853891039502,0.5273888878564091,1.0,0.2817219136439484,0.08314737680577819,0.48029645048211855,1.0
1708,0.25495640123691193,0.04606611708530675,0.46384668538851714,1.0,0.22905696352520785,0.0460170530364567,0.412096874013959,1.0
1709,0.3232205289415234,0.11968357351872172,0.5267574843643251,1.0,0.2975568827318246,0.11092536295600308,0.48418840250764617,1.0
1710,0.22586993624132282,0.02403292059933526,0.42770695188331037,1.0,0.20960550750261014,0.029923479388888674,0.3892875356163316,1.0
1711,0.27158255199727255,0.05036782066090356,0.49279728333364153,1.0,0.24508948947865253,0.053164947463915896,0.43701403149338913,1.0
1712,0.29316127727006813,0.07066694371987586,0.5156556108202603,1.0,0.29230398675761327,0.07748417176654643,0.5071238017486801,1.0
1713,0.2627810561729542,0.05538863715493378,0.47017347519097463,1.0,0.23276961457854353,0.05148358558479352,0.4140556435722935,1.0
1714,0.32856666088432235,0.09522062651585916,0.5619126952527855,1.0,0.27109777028405047,0.06699440607553231,0.4752011344925686,1.0
1715,0.31433365356945475,0.10513169950800796,0.5235356076309016,1.0,0.29325895757784654,0.0937644686945516,0.4927534464611415,1.0
1716,0.23478623346258873,0.03285562311618759,0.4367168438089899,1.0,0.21906650247996734,0.04034739443471588,0.39778561052521877,1.0
1717,0.3031993589760331,0.10274109659663341,0.5036576213554328,1.0,0.27435905831196317,0.07202474894941668,0.47669336767450965,1.0
1718,0.29636760852899585,0.07174522145643553,0.5209899956015562,1.0,0.2550497900932927,0.05628837394249164,0.45381120624409377,1.0
1719,0.26338544367876066,0.06442676286085255,0.46234412449666873,1.0,0.24493159150453422,0.06574003636704084,0.4241231466420276,1.0
1720,0.29158022703537473,0.06762934648698513,0.5155311075837643,1.0,0.2483386149329737,0.045647893073161555,0.4510293367927859,1.0
1721,0.2841572254662369,0.06832010225492455,0.4999943486775492,1.0,0.27450145530230324,0.06828416359861186,0.4807187470059946,1.0
1722,0.2920920392162862,0.08432293158122314,0.4998611468513492,1.0,0.2814355825486437,0.08305563872486318,0.4798155263724242,1.0
1723,0.26950822136505304,0.036502389336161206,0.5025140533939448,1.0,0.2560622901207154,0.05014260327647352,0.4619819769649573,1.0
1724,0.2994959070999585,0.09251798330111266,0.5064738308988044,1.0,0.27679998158334723,0.08241195314639504,0.4711880100202994,1.0
1725,0.29105463056841635,0.0758891780157227,0.50622008312111,1.0,0.2796214355912831,0.08125897779557326,0.477983893386993,1.0
1726,0.26553850804098594,0.06566224719389754,0.4654147688880743,1.0,0.25385597977915103,0.06404651548094464,0.4436654440773574,1.0
1727,0.2845419901190365,0.08630002114318555,0.48278395909488747,1.0,0.282798571364123,0.09068012379876159,0.47491701892948446,1.0
1728,0.2844434630085604,0.06469173741028258,0.5041951886068382,1.0,0.2551376174773253,0.06268533588944997,0.4475898990652006,1.0
1729,0.25935320294177505,0.049762727301492365,0.46894367858205777,1.0,0.22835309845456475,0.04737492453130515,0.40933127237782435,1.0
1730,0.31529852707639755,0.1060565640600179,0.5245404900927773,1.0,0.2901405923584574,0.09043751233930777,0.48984367237760706,1.0
1731,0.30280362313725856,0.0811503537959975,0.5244568924785196,1.0,0.2680642141641453,0.06818392838094511,0.46794449994734544,1.0
1732,0.25457868121166705,0.0642496687147969,0.4449076937085372,1.0,0.2311189589717965,0.06170529721424722,0.40053262072934576,1.0
1733,0.35568020244660475,0.1195057158676478,0.5918546890255617,1.0,0.3079370498422535,0.10161021743826679,0.5142638822462402,1.0
1734,0.3113344346781214,0.07628480303713639,0.5463840663191064,1.0,0.29313778081062103,0.07344027215490281,0.5128352894663393,1.0
1735,0.30146651054246004,0.08569245307791754,0.5172405680070026,1.0,0.26971856844392017,0.0706014330707812,0.46883570381705914,1.0
1736,0.28738697019477005,0.08381037921305862,0.4909635611764815,1.0,0.2627705103778913,0.07424818542775521,0.45129283532802733,1.0
1737,0.29704985030653114,0.07185711832888939,0.5222425822841729,1.0,0.26996892296602,0.061349246647453975,0.47858859928458597,1.0
1738,0.3214270968283124,0.0896319853829107,0.553222208273714,1.0,0.2843580740298045,0.07939390175905625,0.48932224630055277,1.0
1739,0.2550026911364964,0.04716892122599026,0.4628364610470025,1.0,0.23238660889393326,0.049718033816289864,0.41505518397157665,1.0
1740,0.323331428393641,0.07605552171872526,0.5706073350685568,1.0,0.2763159313683816,0.06360097878521154,0.4890308839515517,1.0
1741,0.28085789682666706,0.05314162960922669,0.5085741640441075,1.0,0.26182830820618,0.055452475556496156,0.4682041408558639,1.0
1742,0.2335857294668347,0.028258637901348027,0.4389128210323214,1.0,0.2020840108464314,0.027995676012807114,0.3761723456800557,1.0
1743,0.3470415684091162,0.1151169677643864,0.578966169053846,1.0,0.32493540668291543,0.11292819159772044,0.5369426217681104,1.0
1744,0.2932251669141682,0.0928687595145268,0.49358157431380967,1.0,0.2644055985354264,0.07675218574165732,0.45205901132919546,1.0
1745,0.3007627985012104,0.06932596816177192,0.5321996288406489,1.0,0.28358452139562523,0.06888128893571369,0.4982877538555368,1.0
1746,0.3176638080179519,0.09660412174231961,0.5387234942935842,1.0,0.2923498185986718,0.08561972879597088,0.49907990840137273,1.0
1747,0.293306263038458,0.06652759709818598,0.52008492897873,1.0,0.2638810400648409,0.05884886701416084,0.46891321311552103,1.0
1748,0.24200403234686474,0.04809159850121289,0.43591646619251656,1.0,0.23727654478517082,0.057491799780473335,0.41706128978986834,1.0
1749,0.30929936287958104,0.09384534936955105,0.5247533763896111,1.0,0.2757851253688778,0.08038143554048416,0.4711888151972714,1.0
1750,0.28411272038509605,0.07551122100113603,0.49271421976905605,1.0,0.2855332273700463,0.0815368326775695,0.48952962206252315,1.0
1751,0.3289194937078509,0.09015591555673133,0.5676830718589705,1.0,0.27582507694304365,0.06941842888257568,0.48223172500351164,1.0
1752,0.27972400372906137,0.07697893049115764,0.48246907696696506,1.0,0.23771531642088264,0.06503863822345171,0.41039199461831355,1.0
1753,0.30138926062996785,0.08481766957438555,0.5179608516855502,1.0,0.2701021104980221,0.06962487727619293,0.4705793437198512,1.0
1754,0.3152153804021986,0.11132895739282941,0.5191018034115678,1.0,0.2819294034338303,0.09303380955306886,0.4708249973145917,1.0
1755,0.30875683928880565,0.09124281917412203,0.5262708594034893,1.0,0.2960320022567089,0.09311489541036738,0.4989491091030504,1.0
1756,0.29545691200517427,0.09451586566208042,0.4963979583482681,1.0,0.28741006176876377,0.09318039491435354,0.481639728623174,1.0
1757,0.27472166830179645,0.06207239908779813,0.48737093751579474,1.0,0.26079508734262846,0.06713699365108242,0.45445318103417454,1.0
1758,0.23805578452116807,0.03885529168874294,0.4372562773535932,1.0,0.22360294491942043,0.04682422659131094,0.4003816632475299,1.0
1759,0.2555107120996707,0.05334590454046248,0.45767551965887887,1.0,0.2496521279830506,0.06253923319094967,0.4367650227751515,1.0
1760,0.297092407837265,0.06845351879448183,0.5257312968800482,1.0,0.2673251465215596,0.0629049814252852,0.47174531161783395,1.0
1761,0.31326183740744035,0.09844027517533904,0.5280833996395417,1.0,0.30488143982408833,0.09377067056123081,0.5159922090869459,1.0
1762,0.2887857883303192,0.07038158527239327,0.5071899913882452,1.0,0.2618993797703689,0.05899152381251002,0.4648072357282278,1.0
1763,0.31083694608643375,0.1046116117941811,0.5170622803786864,1.0,0.28737807369230034,0.09858380780470738,0.4761723395798933,1.0
1764,0.30916733701091575,0.08846879725164852,0.5298658767701829,1.0,0.28531535257392265,0.07348742530455507,0.4971432798432902,1.0
1765,0.2735161301547257,0.061736340243613796,0.4852959200658376,1.0,0.25930592608315656,0.06848727823100767,0.45012457393530547,1.0
1766,0.2919614486693283,0.0698213196561926,0.514101577682464,1.0,0.280896567571434,0.07475987608396142,0.4870332590589066,1.0
1767,0.31277681625319176,0.08650341017765242,0.5390502223287311,1.0,0.2719179776157544,0.06261627103495565,0.4812196841965532,1.0
1768,0.3025823771350432,0.07346977653131825,0.5316949777387682,1.0,0.2631937951691337,0.0605899335732851,0.4657976567649823,1.0
1769,0.2866214300291103,0.08234273361954592,0.49090012643867464,1.0,0.2574906796732957,0.06774236350363591,0.44723899584295546,1.0
1770,0.2971250716635451,0.0609984206105591,0.5332517227165312,1.0,0.26331396948226127,0.05675202133936699,0.46987591762515557,1.0
1771,0.2749036211831373,0.058639630463001996,0.4911676119032726,1.0,0.27764532294001565,0.07426975331288685,0.4810208925671444,1.0
1772,0.2970151802449949,0.09377464137762953,0.5002557191123602,1.0,0.26597678497464916,0.07972075503136691,0.45223281491793144,1.0
1773,0.24728067752603422,0.04324502718847864,0.4513163278635898,1.0,0.19996233485182793,0.021770366412673492,0.3781543032909824,1.0
1774,0.2526127488636347,0.05098876546920869,0.4542367322580607,1.0,0.22562734012069466,0.04645211572285435,0.40480256451853497,1.0
1775,0.2563684951000626,0.047800171294991534,0.46493681890513366,1.0,0.22644400105324577,0.04496636004344978,0.40792164206304177,1.0
1776,0.3114348595554794,0.1086145919410155,0.5142551271699433,1.0,0.28365871399672044,0.09703328642069387,0.470284141572747,1.0
1777,0.26736195173723293,0.05442081165439236,0.48030309182007347,1.0,0.24967313760129423,0.060335888188227105,0.43901038701436135,1.0
1778,0.31001591794930583,0.08936803066383525,0.5306638052347764,1.0,0.2876030029883214,0.08461148658138334,0.4905945193952595,1.0
1779,0.2722643408735887,0.04149232920821558,0.5030363525389618,1.0,0.24149242745579272,0.036946084548349356,0.4460387703632361,1.0
1780,0.21703102092436702,0.044447444948235576,0.3896145969004985,1.0,0.20731472019568056,0.05016136464215004,0.3644680757492111,1.0
1781,0.3033788781520432,0.10053103326982399,0.5062267230342623,1.0,0.27908479179527296,0.09404089608912036,0.46412868750142555,1.0
1782,0.30590628912046464,0.07653824991763827,0.535274328323291,1.0,0.2766061002452287,0.06517683833167426,0.4880353621587831,1.0
1783,0.27415059757473054,0.07494151322058229,0.4733596819288788,1.0,0.26642052806205113,0.08469651875131465,0.4481445373727876,1.0
1784,0.314797473065236,0.08727501173037355,0.5423199344000984,1.0,0.2868404597543298,0.07862012890321368,0.49506079060544594,1.0
1785,0.2510249859183754,0.0517759294218301,0.45027404241492075,1.0,0.23997915444378642,0.05448942721316036,0.4254688816744125,1.0
1786,0.29964386657317704,0.09423482640440306,0.505052906741951,1.0,0.27077814565410285,0.07971941039012445,0.4618368809180813,1.0
1787,0.274939091806567,0.079992225702923,0.46988595791021104,1.0,0.2672883001957226,0.08051289642103743,0.45406370397040774,1.0
1788,0.30499670423012487,0.09796644333037,0.5120269651298798,1.0,0.2809470784655402,0.08420147382352411,0.47769268310755625,1.0
1789,0.2982576026813211,0.09372541279133084,0.5027897925713114,1.0,0.27820955963450666,0.08253830918715718,0.4738808100818561,1.0
1790,0.3471288289205582,0.12381079200685799,0.5704468658342584,1.0,0.30129454564197333,0.10294502258711163,0.49964406869683503,1.0
1791,0.27018551681578995,0.06216385584077522,0.4782071777908047,1.0,0.2613236484737257,0.06844625936771556,0.45420103757973584,1.0
1792,0.3166928902541595,0.11936183295165165,0.5140239475566672,1.0,0.2973189075661308,0.10508658443905322,0.48955123069320833,1.0
1793,0.3036207151797502,0.09877070574987212,0.5084707246096283,1.0,0.2931748717251156,0.08689761246985708,0.4994521309803741,1.0
1794,0.27961413621786957,0.08313924947338003,0.4760890229623591,1.0,0.277751531693534,0.0880741343639462,0.46742892902312183,1.0
1795,0.2595206511034022,0.06093628531528822,0.4581050168915162,1.0,0.25382972116260627,0.0657338164230615,0.441925625902151,1.0
1796,0.30923285797717004,0.08402874251089085,0.5344369734434492,1.0,0.2727749350624204,0.07311407700054184,0.47243579312429895,1.0
1797,0.286811783478264,0.054588034193365165,0.5190355327631628,1.0,0.2465300021309895,0.04354301092910964,0.4495169933328693,1.0
1798,0.3020478720722251,0.06341355621958802,0.5406821879248622,1.0,0.2655392067464383,0.05292588355050512,0.47815252994237156,1.0
1799,0.2545495230309237,0.054273602205789445,0.45482544385605794,1.0,0.23497992544214658,0.0603937937682755,0.4095660571160177,1.0
1800,0.22780664885152,0.03916505624728131,0.41644824145575865,1.0,0.21418261945872755,0.047916537175709595,0.3804487017417455,1.0
1801,0.3087657327585357,0.11408529712827076,0.5034461683888006,1.0,0.27728482782812147,0.0978195145771538,0.4567501410790892,1.0
1802,0.2623869362850198,0.05596597250015917,0.46880790006988043,1.0,0.24439482056321737,0.06010976462271814,0.42867987650371664,1.0
1803,0.2906627202289395,0.0746215127168213,0.5067039277410578,1.0,0.25961122828972377,0.06047222334473454,0.458750233234713,1.0
1804,0.318082907030184,0.0993856033047941,0.5367802107555739,1.0,0.2829854937384243,0.08520289826477226,0.48076808921207637,1.0
1805,0.258534243984797,0.054547564395274806,0.46252092357431923,1.0,0.23745453349059106,0.05925402737189922,0.4156550396092829,1.0
1806,0.2694485388577181,0.06190787167037029,0.4769892060450659,1.0,0.23957186786791781,0.05683910264424755,0.42230463309158806,1.0
1807,0.32139725889024023,0.09698225792595186,0.5458122598545286,1.0,0.2927220382828329,0.09290345654527032,0.49254062002039545,1.0
1808,0.3301682371458088,0.1173342043107152,0.5430022699809024,1.0,0.283342463485009,0.09378116266592085,0.4729037643040972,1.0
1809,0.264519689203775,0.06996853874285044,0.4590708396646995,1.0,0.2766000066217248,0.07272132813769505,0.48047868510575453,1.0
1810,0.24820970660881217,0.04686187946073289,0.44955753375689145,1.0,0.20465440562973847,0.03453265378357798,0.374776157475899,1.0
1811,0.3145429331092302,0.09848079340520352,0.5306050728132569,1.0,0.27457413603205444,0.08017929717532732,0.46896897488878153,1.0
1812,0.29207187384207106,0.06168942876820199,0.5224543189159401,1.0,0.27333089116713605,0.06432693246787138,0.48233484986640074,1.0
1813,0.31119087556321734,0.0942800626336183,0.5281016884928164,1.0,0.3000197152204057,0.10085082669373019,0.49918860374708124,1.0
1814,0.30410330190631946,0.08282235809317204,0.5253842457194668,1.0,0.2676721523689446,0.06375940875514322,0.471584895982746,1.0
1815,0.25542234913847534,0.058560085355826186,0.4522846129211245,1.0,0.2429301450436111,0.06410740765891759,0.4217528824283046,1.0
1816,0.3035626285911763,0.06889095797541239,0.5382342992069402,1.0,0.2710714659552539,0.058615372330089094,0.4835275595804187,1.0
1817,0.31849198188906364,0.09450234460451976,0.5424816191736075,1.0,0.29420975422598716,0.0917081938780607,0.4967113145739136,1.0
1818,0.2650307382566208,0.05543163587049768,0.47462984064274394,1.0,0.2842668424515373,0.08267333639498353,0.4858603485080911,1.0
1819,0.29928652178826626,0.08821527295616258,0.5103577706203699,1.0,0.29635387197937785,0.09329130647041484,0.49941643748834086,1.0
1820,0.300105274994069,0.090783924230493,0.5094266257576451,1.0,0.2774044911427759,0.0774291271816987,0.47737985510385306,1.0
1821,0.3121477380550805,0.08612119353980424,0.5381742825703568,1.0,0.2974928594420642,0.08899399666892838,0.5059917222152001,1.0
1822,0.2518281539856631,0.04846579937376155,0.45519050859756466,1.0,0.24427718523474962,0.06363144049401151,0.42492292997548775,1.0
1823,0.24086606386516268,0.06407798662933226,0.4176541411009931,1.0,0.22697810067130805,0.06596333087196174,0.38799287047065434,1.0
1824,0.29097131096009077,0.08663783326385696,0.49530478865632455,1.0,0.27995650298773894,0.08827512004112034,0.4716378859343575,1.0
1825,0.22935044254118828,0.040739467129078166,0.4179614179532984,1.0,0.20278779225214696,0.037007480666785386,0.36856810383750854,1.0
1826,0.30686847271306367,0.0659509069527317,0.5477860384733957,1.0,0.25473325272288805,0.047056891155564745,0.4624096142902113,1.0
1827,0.3006460137807162,0.08927605137186773,0.5120159761895646,1.0,0.2844961612734562,0.09093238872317991,0.4780599338237326,1.0
1828,0.32176282121036154,0.10381007476657639,0.5397155676541467,1.0,0.29178666153392974,0.08690538899736139,0.4966679340704981,1.0
1829,0.2859741035107577,0.08693684001925628,0.4850113670022591,1.0,0.3036010705339674,0.104948028090938,0.5022541129769968,1.0
1830,0.3239022823255844,0.09124884240808809,0.5565557222430807,1.0,0.2747519851469921,0.0669532729382191,0.48255069735576517,1.0
1831,0.26196691880308526,0.047345601705121365,0.47658823590104915,1.0,0.21604846416816545,0.03723069951096772,0.39486622882536315,1.0
1832,0.2928254727386436,0.07705070490311539,0.5086002405741719,1.0,0.26358890545979063,0.07207007408939126,0.45510773683019,1.0
1833,0.2437714157801811,0.033740638929603606,0.4538021926307586,1.0,0.22137033611321505,0.030392608058681853,0.4123480641677483,1.0
1834,0.25168679378018344,0.05048282149141328,0.4528907660689536,1.0,0.22986860089676955,0.04869202885449503,0.4110451729390441,1.0
1835,0.28977372147709596,0.07068085116824596,0.508866591785946,1.0,0.29429742927587016,0.07923073170357181,0.5093641268481686,1.0
1836,0.2650200380222058,0.053077669818651974,0.47696240622575964,1.0,0.24474975505521052,0.0531300552984188,0.43636945481200223,1.0
1837,0.306394417498685,0.09238299876233189,0.5204058362350381,1.0,0.26162578874719344,0.06612230067820443,0.45712927681618243,1.0
1838,0.290981798205859,0.07888022164926631,0.5030833747624517,1.0,0.2678010182173639,0.07440235064894232,0.4611996857857855,1.0
1839,0.2589294091634189,0.05904467540480493,0.4588141429220328,1.0,0.23601026459321936,0.05792471884470457,0.41409581034173415,1.0
1840,0.2437898264662878,0.04280583922230746,0.44477381371026814,1.0,0.2073862168851022,0.0304574896226755,0.38431494414752887,1.0
1841,0.32826837800783326,0.12502534624376704,0.5315114097718995,1.0,0.32812733951977147,0.1293841151517941,0.5268705638877489,1.0
1842,0.24853050699335535,0.05378202685585931,0.4432789871308514,1.0,0.22149589099780412,0.05156203734150647,0.39142974465410174,1.0
1843,0.25397356982394437,0.05083342206973168,0.45711371757815705,1.0,0.22229954445003564,0.04793429283310652,0.39666479606696475,1.0
1844,0.29189285419982625,0.06794818323034621,0.5158375251693063,1.0,0.2572535630924259,0.059561361306420146,0.4549457648784317,1.0
1845,0.33837300660244124,0.12649539084997188,0.5502506223549106,1.0,0.32334999957848226,0.11933841841412962,0.5273615807428349,1.0
1846,0.2999402507465109,0.08049117654353477,0.519389324949487,1.0,0.28887963424714747,0.0840169489755205,0.49374231951877445,1.0
1847,0.2606294208422786,0.04835045714509015,0.47290838453946704,1.0,0.2328388863119454,0.04649175749839948,0.41918601512549136,1.0
1848,0.3106436095093294,0.09710422857886578,0.524182990439793,1.0,0.2623416396153866,0.07248647978167519,0.45219679944909796,1.0
1849,0.24870056278930527,0.044877437099912765,0.4525236884786978,1.0,0.22258759948129747,0.03918819400262505,0.40598700495996987,1.0
1850,0.2613410871887386,0.053599980664437,0.4690821937130402,1.0,0.2201807960566833,0.04261884351352835,0.39774274859983827,1.0
1851,0.2992783598481908,0.09069634895731216,0.5078603707390694,1.0,0.29479486081887235,0.09501029698586505,0.49457942465187965,1.0
1852,0.256726244208552,0.03723111981780139,0.47622136859930264,1.0,0.22176760150021058,0.03220921446253183,0.4113259885378893,1.0
1853,0.3134145461256193,0.09875906338847132,0.5280700288627673,1.0,0.2953619168650248,0.08945434828908755,0.5012694854409621,1.0
1854,0.2940775868730369,0.0830194321999872,0.5051357415460866,1.0,0.2716214177024793,0.07746983324771023,0.4657730021572483,1.0
1855,0.3042833315346,0.07283395816787025,0.5357327049013298,1.0,0.27378055362099896,0.06262212208430959,0.4849389851576883,1.0
1856,0.2511544868647906,0.05919736393511127,0.4431116097944699,1.0,0.22822101279685642,0.05845150120741183,0.397990524386301,1.0
1857,0.3130504904100275,0.08254369807735101,0.543557282742704,1.0,0.2830704523674868,0.07516309534600615,0.4909778093889674,1.0
1858,0.26937381732855764,0.06244009303959852,0.47630754161751676,1.0,0.24030190740076868,0.06144478068177822,0.41915903411975913,1.0
1859,0.27328434614864444,0.054984529250638875,0.49158416304665,1.0,0.27089114604042197,0.06122272992483957,0.48055956215600437,1.0
1860,0.31841695143927723,0.11006485692734067,0.5267690459512138,1.0,0.2812686905590623,0.09170815145288824,0.4708292296652363,1.0
1861,0.27891924566291393,0.07778163895658893,0.4800568523692389,1.0,0.2527282609448422,0.062453927132147674,0.44300259475753667,1.0
1862,0.23392830607860124,0.03833963219955319,0.42951697995764926,1.0,0.2353463030319617,0.05461147191937038,0.416081134144553,1.0
1863,0.31702127959497967,0.1132466441900728,0.5207959149998865,1.0,0.2949236972028723,0.09889206982136403,0.4909553245843806,1.0
1864,0.3106477866218052,0.07282531440968701,0.5484702588339234,1.0,0.27113390690928096,0.05744147732199134,0.4848263364965706,1.0
1865,0.3250817514479433,0.09714016153761959,0.553023341358267,1.0,0.2719346396890851,0.059255813315732764,0.48461346606243744,1.0
1866,0.30495135667209283,0.1094222372642541,0.5004804760799315,1.0,0.2982825168659066,0.1070883966790013,0.48947663705281197,1.0
1867,0.30052076669195055,0.11139173911843078,0.4896497942654703,1.0,0.280921662729935,0.10032101414543987,0.46152231131443017,1.0
1868,0.25457132147395095,0.05580964453005427,0.45333299841784763,1.0,0.22925611521236655,0.05166378904303584,0.4068484413816973,1.0
1869,0.2776913386190356,0.05515621450492911,0.5002264627331421,1.0,0.23998568610722604,0.043736505568109235,0.4362348666463428,1.0
1870,0.3004892656332938,0.07446376994461332,0.5265147613219743,1.0,0.2852822967354607,0.07731668418548002,0.4932479092854414,1.0
1871,0.3091993660674566,0.09896869440849157,0.5194300377264217,1.0,0.28551885980260533,0.08938669248594236,0.4816510271192683,1.0
1872,0.2876179860387094,0.08184698875284985,0.493388983324569,1.0,0.2603439314689875,0.06996474122332122,0.4507231217146538,1.0
1873,0.24791077576409706,0.030449827850682593,0.46537172367751156,1.0,0.22971899171741741,0.03712995910392816,0.42230802433090664,1.0
1874,0.2731317121814823,0.05110927834450937,0.4951541460184552,1.0,0.25376137383416697,0.05914509418997263,0.44837765347836134,1.0
1875,0.32388827276433724,0.07138064645954922,0.5763958990691253,1.0,0.27516394744855166,0.05583137227914872,0.4944965226179546,1.0
1876,0.25182517346197275,0.039081969011508816,0.46456837791243666,1.0,0.2185837799660141,0.037285436631916746,0.39988212330011147,1.0
1877,0.31659798281502327,0.09192604761139112,0.5412699180186554,1.0,0.2771514499486742,0.07106765944094531,0.4832352404564031,1.0
1878,0.24978706925791822,0.04636106427151307,0.45321307424432333,1.0,0.22985339208835792,0.05061699312198015,0.4090897910547357,1.0
1879,0.2634487955893878,0.05107895025782552,0.47581864092095005,1.0,0.2388398678351536,0.05424498105753697,0.42343475461277025,1.0
1880,0.32507843219725585,0.10944527930031919,0.5407115850941925,1.0,0.2849142220867448,0.09200780321238186,0.47782064096110766,1.0
1881,0.26582393775800506,0.06432216707078281,0.4673257084452273,1.0,0.2517943428166047,0.06704580686086203,0.4365428787723473,1.0
1882,0.22920559403315655,0.04620332928459578,0.4122078587817173,1.0,0.20546215946850188,0.04300935150058929,0.3679149674364145,1.0
1883,0.2998396543332333,0.07860606068728185,0.5210732479791848,1.0,0.27153612177249586,0.07735865942501871,0.465713584119973,1.0
1884,0.26911616828728674,0.06230054470982585,0.47593179186474766,1.0,0.2645700633873907,0.06853587587403254,0.46060425090074886,1.0
1885,0.31437084941929855,0.08272929879660557,0.5460124000419915,1.0,0.25914312110457144,0.052203396249809936,0.4660828459593329,1.0
1886,0.31298558918862823,0.07837781929282175,0.5475933590844347,1.0,0.2811353617148035,0.06692925570824709,0.49534146772135995,1.0
1887,0.3103302287329433,0.09718669479950523,0.5234737626663813,1.0,0.3053798159731853,0.09418748963539256,0.516572142310978,1.0
1888,0.3003029110799233,0.08326372777113741,0.5173420943887092,1.0,0.2729535851427862,0.07459595207920561,0.47131121820636684,1.0
1889,0.25285191340110147,0.06164078206666468,0.44406304473553826,1.0,0.22923137768924984,0.05196702385660543,0.4064957315218942,1.0
1890,0.3103222572935175,0.11470030520595847,0.5059442093810764,1.0,0.2968042684465619,0.1057126382754921,0.48789589861763166,1.0
1891,0.22188484914781811,0.04247423062029268,0.4012954676753435,1.0,0.19225361787925824,0.031595137930755135,0.35291209782776134,1.0
1892,0.3274387576468599,0.08365084110509566,0.5712266741886242,1.0,0.2793044384223221,0.0670680332701577,0.4915408435744865,1.0
1893,0.261434560270159,0.04714478215787163,0.4757243383824463,1.0,0.24271717513908148,0.05673342939275161,0.42870092088541134,1.0
1894,0.31015084123907544,0.09862131777866173,0.5216803646994892,1.0,0.28844629586028714,0.08807924287887509,0.4888133488416992,1.0
1895,0.3446905007236955,0.12952683945161744,0.5598541619957735,1.0,0.31466141993748664,0.11012506242610293,0.5191977774488703,1.0
1896,0.28572762651652117,0.0507129444414221,0.5207423085916203,1.0,0.2550790427727645,0.04655115679340513,0.46360692875212384,1.0
1897,0.29081597667493464,0.07770576274311108,0.5039261906067583,1.0,0.2625626666059602,0.06765454931539053,0.45747078389652995,1.0
1898,0.3155872075851779,0.10553429692539634,0.5256401182449595,1.0,0.301207990674319,0.10733856540934128,0.49507741593929677,1.0
1899,0.2811464457630222,0.07834092441950746,0.483951967106537,1.0,0.2785141747571716,0.09226150935341962,0.4647668401609236,1.0
1900,0.30273150519520703,0.0914064628213222,0.5140565475690919,1.0,0.28603549662966465,0.08472575978350544,0.48734523347582387,1.0
1901,0.2617159846268779,0.05243056801998741,0.4710014012337684,1.0,0.2314295739791436,0.049834594746499206,0.413024553211788,1.0
1902,0.25479978142206955,0.057681151600664615,0.4519184112434745,1.0,0.2342767766558049,0.054615031150159754,0.41393852216145005,1.0
1903,0.3211264994932615,0.106851065374346,0.535401933612177,1.0,0.2884202372881161,0.08371770775224271,0.4931227668239895,1.0
1904,0.302474208630961,0.08235014020125525,0.5225982770606667,1.0,0.25556083805196833,0.05221885886475569,0.45890281723918097,1.0
1905,0.25966988313066003,0.053831092548738496,0.46550867371258153,1.0,0.23687974850953378,0.05225017712953217,0.4215093198895354,1.0
1906,0.2686372121694143,0.046508800514788895,0.49076562382403965,1.0,0.22548433965655515,0.03675292519766052,0.41421575411544975,1.0
1907,0.2951072947756381,0.08676810350308839,0.5034464860481878,1.0,0.28531644228525294,0.09220104115014582,0.47843184342036005,1.0
1908,0.28889423735458886,0.0832008297871917,0.49458764492198604,1.0,0.2695400244532223,0.07966072331952237,0.4594193255869222,1.0
1909,0.29406632963818324,0.0813461352169885,0.506786524059378,1.0,0.2750851657369079,0.07936296650183669,0.47080736497197906,1.0
1910,0.24701131294335898,0.023191245473347555,0.4708313804133704,1.0,0.21384224051560408,0.019937291247453887,0.40774718978375424,1.0
1911,0.3249642601921747,0.11803102015963562,0.5318975002247138,1.0,0.30463483285378695,0.10626573100111189,0.503003934706462,1.0
1912,0.26327220418470293,0.0400503113897408,0.48649409697966506,1.0,0.2551487044780987,0.050446868576221465,0.45985054037997586,1.0
1913,0.2916287011895124,0.08959158964008984,0.49366581273893495,1.0,0.28759881793234576,0.09735311608606503,0.4778445197786265,1.0
1914,0.3423574717848428,0.10322944645167795,0.5814854971180077,1.0,0.2916751100088814,0.08014917677364047,0.5032010432441223,1.0
1915,0.3148770877012158,0.1019924746433758,0.5277617007590558,1.0,0.28623561483507254,0.09336250520138775,0.4791087244687573,1.0
1916,0.3313600491790638,0.11175156767117797,0.5509685306869496,1.0,0.3040285655019509,0.09997430701100804,0.5080828239928937,1.0
1917,0.2991389388838493,0.10834315816391449,0.4899347196037841,1.0,0.2937319727548064,0.10172881665039862,0.48573512885921416,1.0
1918,0.3085299916676687,0.10115140676142625,0.5159085765739111,1.0,0.28094850683438854,0.09099462294818728,0.4709023907205898,1.0
1919,0.2663275924591808,0.049555096425437456,0.4831000884929242,1.0,0.24752601065426652,0.05114877380119348,0.44390324750733956,1.0
1920,0.3020111425593715,0.08736401371786376,0.5166582714008793,1.0,0.2735418828876077,0.07581073056354651,0.47127303521166897,1.0
1921,0.3029368764834532,0.08400586020749032,0.521867892759416,1.0,0.2838012807693405,0.07953788947086737,0.4880646720678137,1.0
1922,0.22119933611731324,0.03492925268114125,0.40746941955348526,1.0,0.18755080234777263,0.020988157490584136,0.35411344720496113,1.0
1923,0.23664556683411545,0.03367832264884735,0.43961281101938354,1.0,0.22136261183310896,0.03907447114503371,0.4036507525211842,1.0
1924,0.28556732807029306,0.05801054138662021,0.5131241147539659,1.0,0.26321192454123926,0.06142527052800789,0.46499857855447063,1.0
1925,0.30987987364033487,0.10602103921015002,0.5137387080705197,1.0,0.2967462719096084,0.10062833102135407,0.49286421279786274,1.0
1926,0.30757478532325494,0.09589457524933409,0.5192549953971758,1.0,0.274193986081745,0.08550590646187367,0.46288206570161633,1.0
1927,0.2431531085353399,0.04878992429716433,0.43751629277351545,1.0,0.22579972235972828,0.049044736050652404,0.40255470866880416,1.0
1928,0.26680050461195765,0.045950246007331,0.4876507632165843,1.0,0.22460614114719454,0.03567501377384269,0.4135372685205464,1.0
1929,0.257564942698136,0.05248812082843332,0.4626417645678387,1.0,0.2182397688086667,0.0361146451973354,0.40036489241999795,1.0
1930,0.2891293638857584,0.07473260457418202,0.5035261231973347,1.0,0.2502338696401485,0.061875288859070066,0.4385924504212269,1.0
1931,0.3008047091949561,0.08304662188306569,0.5185627965068466,1.0,0.24067060998010578,0.05037336657074948,0.4309678533894621,1.0
1932,0.32399503703211524,0.10844601892230138,0.539544055141929,1.0,0.295150569395156,0.09036916509467596,0.499931973695636,1.0
1933,0.26661947956835974,0.06274337488564086,0.4704955842510786,1.0,0.2306299667064731,0.05660424901778077,0.4046556843951654,1.0
1934,0.2658685350515099,0.050083559704445446,0.4816535103985744,1.0,0.22444610856795924,0.0409164982264994,0.4079757189094191,1.0
1935,0.2554059203757799,0.04736996681239811,0.4634418739391617,1.0,0.219870947735059,0.03582780793720319,0.4039140875329148,1.0
1936,0.29847706798216866,0.08654607543652204,0.5104080605278153,1.0,0.2693350361453524,0.07493518158943785,0.463734890701267,1.0
1937,0.2839537758821772,0.06688044384091049,0.5010271079234438,1.0,0.2596636946737449,0.058931953677035825,0.46039543567045393,1.0
1938,0.2418764779694752,0.015743594483216217,0.4680093614557342,1.0,0.2227073057642023,0.022837003849658977,0.42257760767874564,1.0
1939,0.25931065503162365,0.041097624028994945,0.4775236860342523,1.0,0.24434728604301623,0.04835327190022995,0.44034130018580253,1.0
1940,0.32633782294976116,0.1020056781781837,0.5506699677213386,1.0,0.29692987211272215,0.08057644556974272,0.5132832986557015,1.0
1941,0.3214867762997592,0.10596057969592029,0.5370129729035981,1.0,0.2898752184412,0.09565866643104781,0.4840917704513522,1.0
1942,0.25796368982228657,0.04168663824662752,0.4742407413979456,1.0,0.21486199639445788,0.02902549340050739,0.4006984993884084,1.0
1943,0.31056368764358766,0.11134411795134455,0.5097832573358307,1.0,0.2817508066651293,0.0986170059357443,0.4648846073945143,1.0
1944,0.2492359367239919,0.05635417086162636,0.44211770258635746,1.0,0.22900224755777748,0.05491568084280382,0.4030888142727511,1.0
1945,0.3190616513498117,0.10354079655023249,0.5345825061493908,1.0,0.278544130229348,0.07969815662552526,0.4773901038331707,1.0
1946,0.28024973723154034,0.06074703198410614,0.49975244247897455,1.0,0.2545319207081242,0.06446137574017463,0.44460246567607375,1.0
1947,0.3046954090037799,0.0804626936937588,0.528928124313801,1.0,0.25321499700199535,0.05564645342726643,0.45078354057672426,1.0
1948,0.29810154276886763,0.0617098664522196,0.5344932190855156,1.0,0.2535208201293921,0.04671878136610247,0.4603228588926817,1.0
1949,0.2535415474972641,0.04441876730276245,0.46266432769176574,1.0,0.23490454566980107,0.05203996413387166,0.41776912720573045,1.0
1950,0.3058360798909872,0.09388158412717096,0.5177905756548035,1.0,0.29584970611852945,0.08801397022930499,0.5036854420077539,1.0
1951,0.29816933476029905,0.09762948794993773,0.49870918157066035,1.0,0.2926049206454412,0.09685585629798962,0.48835398499289273,1.0
1952,0.28057486951212507,0.06297903729014065,0.4981707017341095,1.0,0.26103550332690645,0.058995345741834876,0.46307566091197805,1.0
1953,0.31685677603008555,0.11708453229718446,0.5166290197629866,1.0,0.29612539242041175,0.10836173906128224,0.4838890457795413,1.0
1954,0.3035605057256347,0.06715337184337669,0.5399676396078927,1.0,0.28807672858861905,0.0744528265706528,0.5017006306065853,1.0
1955,0.2992779753516895,0.09164631352188504,0.506909637181494,1.0,0.29212399256957394,0.0834668371452161,0.5007811479939318,1.0
1956,0.26885693468777905,0.047198273004573355,0.49051559637098474,1.0,0.2677813913643564,0.05833756009188584,0.477225222636827,1.0
1957,0.25243251893219004,0.034083919066916574,0.47078111879746354,1.0,0.2336627536800161,0.041633364680891904,0.4256921426791403,1.0
1958,0.29654017247798237,0.09130940847510774,0.501770936480857,1.0,0.2892652109726753,0.08585916435265747,0.49267125759269315,1.0
1959,0.24098567687528735,0.05075209056048266,0.4312192631900921,1.0,0.22635152945779236,0.0548546735973095,0.3978483853182752,1.0
1960,0.2653151419499639,0.049379602016501295,0.48125068188342657,1.0,0.25376485024233536,0.05655451304506759,0.45097518743960313,1.0
1961,0.28412383132028496,0.06535539989539799,0.502892262745172,1.0,0.2524164134723387,0.050869337580342205,0.45396348936433517,1.0
1962,0.27300110600530053,0.05575288036346929,0.4902493316471318,1.0,0.2382673179067028,0.043162079594259384,0.4333725562191462,1.0
1963,0.2537959497087013,0.04711151215796827,0.4604803872594343,1.0,0.2390031564255984,0.05383831756208135,0.4241679952891155,1.0
1964,0.3014425760630552,0.07712595283612106,0.5257591992899893,1.0,0.2743035103076938,0.07014328991510915,0.4784637307002784,1.0
1965,0.3201744278686186,0.0932159028434659,0.5471329528937713,1.0,0.27688917578758077,0.07627505095843068,0.47750330061673085,1.0
1966,0.32322424782589526,0.08543699661919776,0.5610114990325927,1.0,0.29282125853928526,0.07713327924411453,0.508509237834456,1.0
1967,0.24280095809509442,0.04693109541864687,0.43867082077154196,1.0,0.22355990175299445,0.04896409086676748,0.39815571263922145,1.0
1968,0.3014075983482214,0.09015626196399068,0.5126589347324522,1.0,0.2912541141616521,0.08517319042146601,0.4973350379018382,1.0
1969,0.2584234745521073,0.060371259591718185,0.4564756895124964,1.0,0.23099837157884368,0.04932271207376393,0.4126740310839234,1.0
1970,0.2509160610078109,0.05383480801557078,0.447997314000051,1.0,0.2355777073713401,0.057638371135346395,0.41351704360733377,1.0
1971,0.2696749061860137,0.055474219773145456,0.4838755925988819,1.0,0.24947974112665486,0.057264013312395196,0.4416954689409145,1.0
1972,0.28596522377620903,0.07301929589195719,0.49891115166046085,1.0,0.27430151689482946,0.07533595025301618,0.4732670835366427,1.0
1973,0.3373080939210284,0.12227703321963312,0.5523391546224237,1.0,0.31003203159952364,0.10354568458209987,0.5165183786169474,1.0
1974,0.2420001468589389,0.04624838937404016,0.4377519043438376,1.0,0.20794989594064817,0.03714599365702245,0.3787537982242739,1.0
1975,0.28166731851119875,0.07480078360245265,0.4885338534199448,1.0,0.28889749341841886,0.09136544401431576,0.48642954282252193,1.0
1976,0.26143417233988475,0.06674212023944842,0.4561262244403211,1.0,0.24168222639895923,0.06825309179983219,0.41511136099808627,1.0
1977,0.3010384098146579,0.0625035912439244,0.5395732283853913,1.0,0.27001311868096745,0.05233426696965404,0.48769197039228085,1.0
1978,0.33038579209405494,0.11178667850602533,0.5489849056820846,1.0,0.29155263261563114,0.08411242883073089,0.4989928364005314,1.0
1979,0.3196974434695498,0.08422489623625909,0.5551699907028406,1.0,0.2892758197680207,0.07634359938884042,0.502208040147201,1.0
1980,0.2735085539230806,0.07252349410689427,0.4744936137392669,1.0,0.236204143127044,0.0576637966492311,0.4147444896048569,1.0
1981,0.2797733929701111,0.07912907125746876,0.48041771468275346,1.0,0.25697541204849755,0.07247036598411197,0.44148045811288317,1.0
1982,0.29188294097840367,0.09160392817778273,0.4921619537790246,1.0,0.27353895704495423,0.08570457561888328,0.4613733384710252,1.0
1983,0.31775807537987116,0.10553892488741157,0.5299772258723308,1.0,0.27457399504110813,0.08227945975369694,0.4668685303285193,1.0
1984,0.3107493623136279,0.08653232703207642,0.5349663975951793,1.0,0.2900157862377901,0.08189453350054093,0.4981370389750393,1.0
1985,0.23686455188959582,0.032695436767489705,0.44103366701170194,1.0,0.21763608829032197,0.03996931023804612,0.3953028663425978,1.0
1986,0.2593428251883972,0.064176897090295,0.45450875328649937,1.0,0.23175434309072482,0.06421602852127536,0.3992926576601743,1.0
1987,0.2946940814225481,0.08033148025932169,0.5090566825857745,1.0,0.2730543542981076,0.07863034512029865,0.46747836347591654,1.0
1988,0.29418892775740807,0.08395733519647078,0.5044205203183454,1.0,0.2730135543505624,0.07794815979537162,0.4680789489057532,1.0
1989,0.2543203316386077,0.05327473947098105,0.4553659238062343,1.0,0.24740567323562462,0.062278955864754126,0.4325323906064951,1.0
1990,0.3100153670845406,0.08468555028056537,0.5353451838885158,1.0,0.28021795393397014,0.07679534257388701,0.4836405652940533,1.0
1991,0.29855011819803823,0.08943417948943025,0.5076660569066462,1.0,0.28300253689569627,0.08794113248004709,0.47806394131134544,1.0
1992,0.309898176711938,0.08476779127775255,0.5350285621461234,1.0,0.2939732241501086,0.0842314487281357,0.5037149995720815,1.0
1993,0.2598442621175327,0.06923890883125619,0.45044961540380923,1.0,0.2363544909930026,0.06177490919027226,0.4109340727957329,1.0
1994,0.2659001101801883,0.04617847000555622,0.48562175035482036,1.0,0.23961014557060892,0.04520473185795623,0.43401555928326163,1.0
1995,0.3023959601336504,0.10334518947188709,0.5014467307954137,1.0,0.2723271167122533,0.08219332843241581,0.4624609049920908,1.0
1996,0.28287689363379637,0.0847699487377663,0.4809838385298264,1.0,0.26893917269363193,0.07241525677974017,0.4654630886075237,1.0
1997,0.278465403294207,0.06229005183529124,0.49464075475312275,1.0,0.24473905706606702,0.05705610027876498,0.4324220138533691,1.0
1998,0.2985635466254029,0.09737446998314842,0.4997526232676574,1.0,0.2910415202813597,0.09850529713651976,0.48357774342619964,1.0
1999,0.24762101264435507,0.0370377865601004,0.4582042387286097,1.0,0.22844408194914642,0.03947749666140371,0.41741066723688913,1.0
2000,0.3031769735547601,0.08737796005006945,0.5189759870594507,1.0,0.2804817939025446,0.07973834515923847,0.48122524264585065,1.0
